BalanceDate,EntityID,BankAccount,ClosingBalanceLocal
2024-01-01,US01,US01-Operating,724097.20
2024-01-02,US01,US01-Operating,745686.18
2024-01-03,US01,US01-Operating,767736.77
2024-01-04,US01,US01-Operating,760451.79
2024-01-05,US01,US01-Operating,751106.72
2024-01-08,US01,US01-Operating,763288.05
2024-01-09,US01,US01-Operating,762195.09
2024-01-10,US01,US01-Operating,773143.84
2024-01-11,US01,US01-Operating,796416.35
2024-01-12,US01,US01-Operating,779212.27
2024-01-15,US01,US01-Operating,799119.45
2024-01-16,US01,US01-Operating,810715.52
2024-01-17,US01,US01-Operating,830922.10
2024-01-18,US01,US01-Operating,824744.87
2024-01-19,US01,US01-Operating,824079.11
2024-01-22,US01,US01-Operating,839466.59
2024-01-23,US01,US01-Operating,843874.12
2024-01-24,US01,US01-Operating,834156.28
2024-01-25,US01,US01-Operating,849578.46
2024-01-26,US01,US01-Operating,871785.02
2024-01-29,US01,US01-Operating,849672.68
2024-01-30,US01,US01-Operating,824199.94
2024-01-31,US01,US01-Operating,820895.42
2024-02-01,US01,US01-Operating,799126.51
2024-02-02,US01,US01-Operating,780863.41
2024-02-05,US01,US01-Operating,774369.74
2024-02-06,US01,US01-Operating,794006.74
2024-02-07,US01,US01-Operating,796531.46
2024-02-08,US01,US01-Operating,804794.10
2024-02-09,US01,US01-Operating,781898.23
2024-02-12,US01,US01-Operating,771602.63
2024-02-13,US01,US01-Operating,779733.82
2024-02-14,US01,US01-Operating,780177.46
2024-02-15,US01,US01-Operating,786705.27
2024-02-16,US01,US01-Operating,777986.46
2024-02-19,US01,US01-Operating,785491.63
2024-02-20,US01,US01-Operating,798508.99
2024-02-21,US01,US01-Operating,789091.94
2024-02-22,US01,US01-Operating,781325.78
2024-02-23,US01,US01-Operating,758256.16
2024-02-26,US01,US01-Operating,735606.85
2024-02-27,US01,US01-Operating,754213.91
2024-02-28,US01,US01-Operating,763580.54
2024-02-29,US01,US01-Operating,769966.68
2024-03-01,US01,US01-Operating,766502.41
2024-03-04,US01,US01-Operating,746581.33
2024-03-05,US01,US01-Operating,733184.72
2024-03-06,US01,US01-Operating,715724.02
2024-03-07,US01,US01-Operating,722177.41
2024-03-08,US01,US01-Operating,721884.60
2024-03-11,US01,US01-Operating,701344.28
2024-03-12,US01,US01-Operating,681729.82
2024-03-13,US01,US01-Operating,701733.62
2024-03-14,US01,US01-Operating,680790.63
2024-03-15,US01,US01-Operating,690931.32
2024-03-18,US01,US01-Operating,700624.18
2024-03-19,US01,US01-Operating,707796.68
2024-03-20,US01,US01-Operating,703502.95
2024-03-21,US01,US01-Operating,696560.01
2024-03-22,US01,US01-Operating,676906.54
2024-03-25,US01,US01-Operating,665280.22
2024-03-26,US01,US01-Operating,668344.40
2024-03-27,US01,US01-Operating,669692.28
2024-03-28,US01,US01-Operating,686029.40
2024-03-29,US01,US01-Operating,670827.04
2024-04-01,US01,US01-Operating,670582.12
2024-04-02,US01,US01-Operating,660714.32
2024-04-03,US01,US01-Operating,642554.06
2024-04-04,US01,US01-Operating,650076.60
2024-04-05,US01,US01-Operating,630788.69
2024-04-08,US01,US01-Operating,649504.15
2024-04-09,US01,US01-Operating,669955.85
2024-04-10,US01,US01-Operating,683680.23
2024-04-11,US01,US01-Operating,681531.20
2024-04-12,US01,US01-Operating,700729.22
2024-04-15,US01,US01-Operating,694053.89
2024-04-16,US01,US01-Operating,676031.47
2024-04-17,US01,US01-Operating,668091.79
2024-04-18,US01,US01-Operating,665812.19
2024-04-19,US01,US01-Operating,664474.02
2024-04-22,US01,US01-Operating,665394.62
2024-04-23,US01,US01-Operating,646761.36
2024-04-24,US01,US01-Operating,639976.30
2024-04-25,US01,US01-Operating,643096.52
2024-04-26,US01,US01-Operating,644919.71
2024-04-29,US01,US01-Operating,632421.32
2024-04-30,US01,US01-Operating,635086.90
2024-05-01,US01,US01-Operating,623014.89
2024-05-02,US01,US01-Operating,638182.17
2024-05-03,US01,US01-Operating,632183.15
2024-05-06,US01,US01-Operating,620032.13
2024-05-07,US01,US01-Operating,621282.67
2024-05-08,US01,US01-Operating,606396.11
2024-05-09,US01,US01-Operating,591514.02
2024-05-10,US01,US01-Operating,579755.51
2024-05-13,US01,US01-Operating,595430.93
2024-05-14,US01,US01-Operating,577607.11
2024-05-15,US01,US01-Operating,564242.57
2024-05-16,US01,US01-Operating,565269.44
2024-05-17,US01,US01-Operating,573402.29
2024-05-20,US01,US01-Operating,571322.11
2024-05-21,US01,US01-Operating,569476.95
2024-05-22,US01,US01-Operating,567249.39
2024-05-23,US01,US01-Operating,557035.15
2024-05-24,US01,US01-Operating,574106.73
2024-05-27,US01,US01-Operating,570016.55
2024-05-28,US01,US01-Operating,575938.40
2024-05-29,US01,US01-Operating,578524.65
2024-05-30,US01,US01-Operating,588743.27
2024-05-31,US01,US01-Operating,592127.71
2024-06-03,US01,US01-Operating,608545.71
2024-06-04,US01,US01-Operating,607692.69
2024-06-05,US01,US01-Operating,606646.75
2024-06-06,US01,US01-Operating,606633.17
2024-06-07,US01,US01-Operating,605296.69
2024-06-10,US01,US01-Operating,588808.48
2024-06-11,US01,US01-Operating,580392.60
2024-06-12,US01,US01-Operating,592798.03
2024-06-13,US01,US01-Operating,601289.28
2024-06-14,US01,US01-Operating,596626.95
2024-06-17,US01,US01-Operating,615679.11
2024-06-18,US01,US01-Operating,613742.48
2024-06-19,US01,US01-Operating,632047.75
2024-06-20,US01,US01-Operating,648119.13
2024-06-21,US01,US01-Operating,651388.91
2024-06-24,US01,US01-Operating,653087.18
2024-06-25,US01,US01-Operating,661810.75
2024-06-26,US01,US01-Operating,679967.32
2024-06-27,US01,US01-Operating,660366.06
2024-06-28,US01,US01-Operating,668860.04
2024-07-01,US01,US01-Operating,681759.91
2024-07-02,US01,US01-Operating,702726.64
2024-07-03,US01,US01-Operating,717827.13
2024-07-04,US01,US01-Operating,739536.07
2024-07-05,US01,US01-Operating,729127.40
2024-07-08,US01,US01-Operating,712792.37
2024-07-09,US01,US01-Operating,716983.09
2024-07-10,US01,US01-Operating,721525.41
2024-07-11,US01,US01-Operating,714104.96
2024-07-12,US01,US01-Operating,732183.54
2024-07-15,US01,US01-Operating,727614.68
2024-07-16,US01,US01-Operating,742845.01
2024-07-17,US01,US01-Operating,739960.07
2024-07-18,US01,US01-Operating,732567.52
2024-07-19,US01,US01-Operating,732807.34
2024-07-22,US01,US01-Operating,749981.26
2024-07-23,US01,US01-Operating,747555.05
2024-07-24,US01,US01-Operating,751375.49
2024-07-25,US01,US01-Operating,753278.37
2024-07-26,US01,US01-Operating,762523.82
2024-07-29,US01,US01-Operating,774512.58
2024-07-30,US01,US01-Operating,799207.39
2024-07-31,US01,US01-Operating,797859.55
2024-08-01,US01,US01-Operating,793798.33
2024-08-02,US01,US01-Operating,813734.70
2024-08-05,US01,US01-Operating,833976.38
2024-08-06,US01,US01-Operating,859400.19
2024-08-07,US01,US01-Operating,839864.90
2024-08-08,US01,US01-Operating,817582.15
2024-08-09,US01,US01-Operating,839617.07
2024-08-12,US01,US01-Operating,826501.64
2024-08-13,US01,US01-Operating,824537.15
2024-08-14,US01,US01-Operating,843797.26
2024-08-15,US01,US01-Operating,830658.97
2024-08-16,US01,US01-Operating,841138.84
2024-08-19,US01,US01-Operating,852185.02
2024-08-20,US01,US01-Operating,846122.22
2024-08-21,US01,US01-Operating,828605.52
2024-08-22,US01,US01-Operating,830841.08
2024-08-23,US01,US01-Operating,816125.51
2024-08-26,US01,US01-Operating,830335.40
2024-08-27,US01,US01-Operating,847618.77
2024-08-28,US01,US01-Operating,838596.23
2024-08-29,US01,US01-Operating,822205.33
2024-08-30,US01,US01-Operating,821306.11
2024-09-02,US01,US01-Operating,817391.82
2024-09-03,US01,US01-Operating,843453.19
2024-09-04,US01,US01-Operating,846288.24
2024-09-05,US01,US01-Operating,840542.28
2024-09-06,US01,US01-Operating,853843.41
2024-09-09,US01,US01-Operating,857914.76
2024-09-10,US01,US01-Operating,884227.92
2024-09-11,US01,US01-Operating,910927.37
2024-09-12,US01,US01-Operating,898960.10
2024-09-13,US01,US01-Operating,916936.27
2024-09-16,US01,US01-Operating,915868.57
2024-09-17,US01,US01-Operating,902025.25
2024-09-18,US01,US01-Operating,884428.66
2024-09-19,US01,US01-Operating,892688.46
2024-09-20,US01,US01-Operating,891804.30
2024-09-23,US01,US01-Operating,884249.76
2024-09-24,US01,US01-Operating,910987.19
2024-09-25,US01,US01-Operating,903683.93
2024-09-26,US01,US01-Operating,927027.18
2024-09-27,US01,US01-Operating,939013.02
2024-09-30,US01,US01-Operating,948310.53
2024-10-01,US01,US01-Operating,935887.04
2024-10-02,US01,US01-Operating,965085.08
2024-10-03,US01,US01-Operating,992382.68
2024-10-04,US01,US01-Operating,963108.71
2024-10-07,US01,US01-Operating,976191.33
2024-10-08,US01,US01-Operating,965627.13
2024-10-09,US01,US01-Operating,983866.90
2024-10-10,US01,US01-Operating,1011872.65
2024-10-11,US01,US01-Operating,1011621.55
2024-10-14,US01,US01-Operating,984242.71
2024-10-15,US01,US01-Operating,967102.80
2024-10-16,US01,US01-Operating,946330.56
2024-10-17,US01,US01-Operating,937000.01
2024-10-18,US01,US01-Operating,964261.59
2024-10-21,US01,US01-Operating,938567.43
2024-10-22,US01,US01-Operating,945671.49
2024-10-23,US01,US01-Operating,947874.31
2024-10-24,US01,US01-Operating,929221.55
2024-10-25,US01,US01-Operating,945277.43
2024-10-28,US01,US01-Operating,942686.79
2024-10-29,US01,US01-Operating,949670.73
2024-10-30,US01,US01-Operating,958192.61
2024-10-31,US01,US01-Operating,947041.02
2024-11-01,US01,US01-Operating,933700.77
2024-11-04,US01,US01-Operating,924177.01
2024-11-05,US01,US01-Operating,925740.80
2024-11-06,US01,US01-Operating,955235.94
2024-11-07,US01,US01-Operating,947272.90
2024-11-08,US01,US01-Operating,951196.68
2024-11-11,US01,US01-Operating,977852.85
2024-11-12,US01,US01-Operating,1006269.97
2024-11-13,US01,US01-Operating,994711.17
2024-11-14,US01,US01-Operating,1008075.78
2024-11-15,US01,US01-Operating,1010772.80
2024-11-18,US01,US01-Operating,999222.31
2024-11-19,US01,US01-Operating,1015194.79
2024-11-20,US01,US01-Operating,986357.07
2024-11-21,US01,US01-Operating,1006908.09
2024-11-22,US01,US01-Operating,1016309.48
2024-11-25,US01,US01-Operating,1038360.84
2024-11-26,US01,US01-Operating,1018425.90
2024-11-27,US01,US01-Operating,1009229.70
2024-11-28,US01,US01-Operating,1038057.92
2024-11-29,US01,US01-Operating,1020726.59
2024-12-02,US01,US01-Operating,1017483.05
2024-12-03,US01,US01-Operating,1020109.03
2024-12-04,US01,US01-Operating,1013352.13
2024-12-05,US01,US01-Operating,1001332.39
2024-12-06,US01,US01-Operating,1008670.13
2024-12-09,US01,US01-Operating,981872.78
2024-12-10,US01,US01-Operating,973317.75
2024-12-11,US01,US01-Operating,969228.79
2024-12-12,US01,US01-Operating,948813.58
2024-12-13,US01,US01-Operating,920702.73
2024-12-16,US01,US01-Operating,934033.61
2024-12-17,US01,US01-Operating,925615.61
2024-12-18,US01,US01-Operating,939235.22
2024-12-19,US01,US01-Operating,948266.05
2024-12-20,US01,US01-Operating,958135.94
2024-12-23,US01,US01-Operating,949346.52
2024-12-24,US01,US01-Operating,971833.23
2024-12-25,US01,US01-Operating,992433.96
2024-12-26,US01,US01-Operating,999384.82
2024-12-27,US01,US01-Operating,1007623.26
2024-12-30,US01,US01-Operating,1016354.87
2024-12-31,US01,US01-Operating,1017229.22
2025-01-01,US01,US01-Operating,1018141.83
2025-01-02,US01,US01-Operating,1017429.26
2025-01-03,US01,US01-Operating,990498.03
2025-01-06,US01,US01-Operating,973951.85
2025-01-07,US01,US01-Operating,1002879.74
2025-01-08,US01,US01-Operating,1018507.00
2025-01-09,US01,US01-Operating,1016046.34
2025-01-10,US01,US01-Operating,987542.13
2025-01-13,US01,US01-Operating,966152.34
2025-01-14,US01,US01-Operating,960627.18
2025-01-15,US01,US01-Operating,984159.58
2025-01-16,US01,US01-Operating,990777.07
2025-01-17,US01,US01-Operating,989566.93
2025-01-20,US01,US01-Operating,999283.51
2025-01-21,US01,US01-Operating,978567.47
2025-01-22,US01,US01-Operating,985887.15
2025-01-23,US01,US01-Operating,1002445.92
2025-01-24,US01,US01-Operating,1031233.38
2025-01-27,US01,US01-Operating,1005225.67
2025-01-28,US01,US01-Operating,987152.72
2025-01-29,US01,US01-Operating,992954.07
2025-01-30,US01,US01-Operating,1012521.75
2025-01-31,US01,US01-Operating,993277.74
2025-02-03,US01,US01-Operating,985958.59
2025-02-04,US01,US01-Operating,1000083.65
2025-02-05,US01,US01-Operating,1031046.53
2025-02-06,US01,US01-Operating,1025741.26
2025-02-07,US01,US01-Operating,1026642.82
2025-02-10,US01,US01-Operating,1011739.65
2025-02-11,US01,US01-Operating,1043279.14
2025-02-12,US01,US01-Operating,1068364.80
2025-02-13,US01,US01-Operating,1065716.76
2025-02-14,US01,US01-Operating,1087074.28
2025-02-17,US01,US01-Operating,1068809.90
2025-02-18,US01,US01-Operating,1087771.27
2025-02-19,US01,US01-Operating,1061966.41
2025-02-20,US01,US01-Operating,1030164.91
2025-02-21,US01,US01-Operating,1015150.40
2025-02-24,US01,US01-Operating,1036358.15
2025-02-25,US01,US01-Operating,1040511.29
2025-02-26,US01,US01-Operating,1032921.98
2025-02-27,US01,US01-Operating,1034342.26
2025-02-28,US01,US01-Operating,1017848.95
2025-03-03,US01,US01-Operating,1002848.20
2025-03-04,US01,US01-Operating,1030992.88
2025-03-05,US01,US01-Operating,1041214.45
2025-03-06,US01,US01-Operating,1065026.54
2025-03-07,US01,US01-Operating,1067458.80
2025-03-10,US01,US01-Operating,1062607.99
2025-03-11,US01,US01-Operating,1089476.53
2025-03-12,US01,US01-Operating,1095830.99
2025-03-13,US01,US01-Operating,1124846.02
2025-03-14,US01,US01-Operating,1107148.06
2025-03-17,US01,US01-Operating,1111057.60
2025-03-18,US01,US01-Operating,1096548.63
2025-03-19,US01,US01-Operating,1081105.65
2025-03-20,US01,US01-Operating,1069863.08
2025-03-21,US01,US01-Operating,1058426.34
2025-03-24,US01,US01-Operating,1040923.78
2025-03-25,US01,US01-Operating,1014658.68
2025-03-26,US01,US01-Operating,1040506.69
2025-03-27,US01,US01-Operating,1035430.31
2025-03-28,US01,US01-Operating,1035829.89
2025-03-31,US01,US01-Operating,1030685.79
2025-04-01,US01,US01-Operating,1023317.80
2025-04-02,US01,US01-Operating,1023802.59
2025-04-03,US01,US01-Operating,1007933.21
2025-04-04,US01,US01-Operating,1016234.23
2025-04-07,US01,US01-Operating,1040205.05
2025-04-08,US01,US01-Operating,1033807.59
2025-04-09,US01,US01-Operating,1008624.60
2025-04-10,US01,US01-Operating,1031471.86
2025-04-11,US01,US01-Operating,1006074.01
2025-04-14,US01,US01-Operating,1010641.19
2025-04-15,US01,US01-Operating,1009894.00
2025-04-16,US01,US01-Operating,979823.49
2025-04-17,US01,US01-Operating,1008273.75
2025-04-18,US01,US01-Operating,1027575.77
2025-04-21,US01,US01-Operating,1044009.10
2025-04-22,US01,US01-Operating,1074103.41
2025-04-23,US01,US01-Operating,1090627.32
2025-04-24,US01,US01-Operating,1063232.33
2025-04-25,US01,US01-Operating,1090416.40
2025-04-28,US01,US01-Operating,1115892.55
2025-04-29,US01,US01-Operating,1144325.54
2025-04-30,US01,US01-Operating,1150365.08
2025-05-01,US01,US01-Operating,1161160.36
2025-05-02,US01,US01-Operating,1151918.77
2025-05-05,US01,US01-Operating,1125450.60
2025-05-06,US01,US01-Operating,1130973.59
2025-05-07,US01,US01-Operating,1146536.08
2025-05-08,US01,US01-Operating,1125653.43
2025-05-09,US01,US01-Operating,1104385.59
2025-05-12,US01,US01-Operating,1078331.61
2025-05-13,US01,US01-Operating,1072999.19
2025-05-14,US01,US01-Operating,1098179.71
2025-05-15,US01,US01-Operating,1104447.31
2025-05-16,US01,US01-Operating,1085086.60
2025-05-19,US01,US01-Operating,1096027.41
2025-05-20,US01,US01-Operating,1117486.48
2025-05-21,US01,US01-Operating,1122358.20
2025-05-22,US01,US01-Operating,1141137.11
2025-05-23,US01,US01-Operating,1123567.47
2025-05-26,US01,US01-Operating,1094996.95
2025-05-27,US01,US01-Operating,1125737.27
2025-05-28,US01,US01-Operating,1134805.44
2025-05-29,US01,US01-Operating,1131662.30
2025-05-30,US01,US01-Operating,1148034.45
2025-06-02,US01,US01-Operating,1175857.11
2025-06-03,US01,US01-Operating,1181963.24
2025-06-04,US01,US01-Operating,1211124.44
2025-06-05,US01,US01-Operating,1229775.20
2025-06-06,US01,US01-Operating,1200606.74
2025-06-09,US01,US01-Operating,1183467.94
2025-06-10,US01,US01-Operating,1193920.85
2025-06-11,US01,US01-Operating,1184842.66
2025-06-12,US01,US01-Operating,1195458.69
2025-06-13,US01,US01-Operating,1183251.96
2025-06-16,US01,US01-Operating,1149398.81
2025-06-17,US01,US01-Operating,1116358.03
2025-06-18,US01,US01-Operating,1143252.33
2025-06-19,US01,US01-Operating,1147016.23
2025-06-20,US01,US01-Operating,1141784.46
2025-06-23,US01,US01-Operating,1143960.70
2025-06-24,US01,US01-Operating,1164557.45
2025-06-25,US01,US01-Operating,1148119.05
2025-06-26,US01,US01-Operating,1152079.67
2025-06-27,US01,US01-Operating,1139630.19
2025-06-30,US01,US01-Operating,1120287.11
2025-07-01,US01,US01-Operating,1088990.91
2025-07-02,US01,US01-Operating,1081717.87
2025-07-03,US01,US01-Operating,1084851.24
2025-07-04,US01,US01-Operating,1083325.66
2025-07-07,US01,US01-Operating,1081739.41
2025-07-08,US01,US01-Operating,1109683.81
2025-07-09,US01,US01-Operating,1082744.08
2025-07-10,US01,US01-Operating,1058677.74
2025-07-11,US01,US01-Operating,1085905.18
2025-07-14,US01,US01-Operating,1104698.11
2025-07-15,US01,US01-Operating,1077071.79
2025-07-16,US01,US01-Operating,1101247.10
2025-07-17,US01,US01-Operating,1134089.00
2025-07-18,US01,US01-Operating,1129883.39
2025-07-21,US01,US01-Operating,1109768.96
2025-07-22,US01,US01-Operating,1116500.83
2025-07-23,US01,US01-Operating,1121212.89
2025-07-24,US01,US01-Operating,1150746.63
2025-07-25,US01,US01-Operating,1169387.67
2025-07-28,US01,US01-Operating,1191168.90
2025-07-29,US01,US01-Operating,1167623.10
2025-07-30,US01,US01-Operating,1148429.88
2025-07-31,US01,US01-Operating,1161970.77
2025-08-01,US01,US01-Operating,1180056.47
2025-08-04,US01,US01-Operating,1148671.68
2025-08-05,US01,US01-Operating,1121595.04
2025-08-06,US01,US01-Operating,1128107.07
2025-08-07,US01,US01-Operating,1158149.79
2025-08-08,US01,US01-Operating,1173072.54
2025-08-11,US01,US01-Operating,1159865.99
2025-08-12,US01,US01-Operating,1173137.00
2025-08-13,US01,US01-Operating,1178571.03
2025-08-14,US01,US01-Operating,1170854.73
2025-08-15,US01,US01-Operating,1192147.88
2025-08-18,US01,US01-Operating,1194359.70
2025-08-19,US01,US01-Operating,1226917.05
2025-08-20,US01,US01-Operating,1249813.48
2025-08-21,US01,US01-Operating,1266482.55
2025-08-22,US01,US01-Operating,1251032.65
2025-08-25,US01,US01-Operating,1258642.26
2025-08-26,US01,US01-Operating,1239922.78
2025-08-27,US01,US01-Operating,1250879.27
2025-08-28,US01,US01-Operating,1229867.40
2025-08-29,US01,US01-Operating,1230648.97
2025-09-01,US01,US01-Operating,1244360.39
2025-09-02,US01,US01-Operating,1251051.22
2025-09-03,US01,US01-Operating,1286447.21
2025-09-04,US01,US01-Operating,1296885.98
2025-09-05,US01,US01-Operating,1278783.87
2025-09-08,US01,US01-Operating,1271555.72
2025-09-09,US01,US01-Operating,1271082.86
2025-09-10,US01,US01-Operating,1255421.48
2025-09-11,US01,US01-Operating,1224498.44
2025-09-12,US01,US01-Operating,1188746.98
2025-09-15,US01,US01-Operating,1202805.52
2025-09-16,US01,US01-Operating,1178725.78
2025-09-17,US01,US01-Operating,1201323.69
2025-09-18,US01,US01-Operating,1218246.27
2025-09-19,US01,US01-Operating,1187089.95
2025-09-22,US01,US01-Operating,1215323.07
2025-09-23,US01,US01-Operating,1253536.00
2025-09-24,US01,US01-Operating,1272747.03
2025-09-25,US01,US01-Operating,1255141.81
2025-09-26,US01,US01-Operating,1263857.51
2025-09-29,US01,US01-Operating,1261798.09
2025-09-30,US01,US01-Operating,1254578.70
2025-10-01,US01,US01-Operating,1231636.84
2025-10-02,US01,US01-Operating,1264780.77
2025-10-03,US01,US01-Operating,1249537.30
2025-10-06,US01,US01-Operating,1283072.21
2025-10-07,US01,US01-Operating,1307137.33
2025-10-08,US01,US01-Operating,1277963.07
2025-10-09,US01,US01-Operating,1280237.91
2025-10-10,US01,US01-Operating,1252501.46
2025-10-13,US01,US01-Operating,1265489.04
2025-10-14,US01,US01-Operating,1269244.80
2025-10-15,US01,US01-Operating,1284795.32
2025-10-16,US01,US01-Operating,1246404.79
2025-10-17,US01,US01-Operating,1235128.69
2025-10-20,US01,US01-Operating,1271243.18
2025-10-21,US01,US01-Operating,1261880.06
2025-10-22,US01,US01-Operating,1266419.60
2025-10-23,US01,US01-Operating,1241088.98
2025-10-24,US01,US01-Operating,1215715.78
2025-10-27,US01,US01-Operating,1218073.20
2025-10-28,US01,US01-Operating,1221041.63
2025-10-29,US01,US01-Operating,1222902.84
2025-10-30,US01,US01-Operating,1250595.81
2025-10-31,US01,US01-Operating,1254261.89
2025-11-03,US01,US01-Operating,1276138.46
2025-11-04,US01,US01-Operating,1253051.02
2025-11-05,US01,US01-Operating,1255053.68
2025-11-06,US01,US01-Operating,1244007.05
2025-11-07,US01,US01-Operating,1223550.53
2025-11-10,US01,US01-Operating,1224612.03
2025-11-11,US01,US01-Operating,1216993.83
2025-11-12,US01,US01-Operating,1195486.41
2025-11-13,US01,US01-Operating,1206190.60
2025-11-14,US01,US01-Operating,1188692.81
2025-11-17,US01,US01-Operating,1161300.91
2025-11-18,US01,US01-Operating,1131373.59
2025-11-19,US01,US01-Operating,1117222.47
2025-11-20,US01,US01-Operating,1121533.36
2025-11-21,US01,US01-Operating,1151566.67
2025-11-24,US01,US01-Operating,1144331.23
2025-11-25,US01,US01-Operating,1125292.31
2025-11-26,US01,US01-Operating,1128045.98
2025-11-27,US01,US01-Operating,1117852.63
2025-11-28,US01,US01-Operating,1108372.15
2025-12-01,US01,US01-Operating,1105959.35
2025-12-02,US01,US01-Operating,1117626.42
2025-12-03,US01,US01-Operating,1110196.46
2025-12-04,US01,US01-Operating,1117234.24
2025-12-05,US01,US01-Operating,1127809.49
2025-12-08,US01,US01-Operating,1131049.98
2025-12-09,US01,US01-Operating,1132498.16
2025-12-10,US01,US01-Operating,1124791.03
2025-12-11,US01,US01-Operating,1127222.98
2025-12-12,US01,US01-Operating,1133052.92
2025-12-15,US01,US01-Operating,1139272.66
2025-12-16,US01,US01-Operating,1111947.23
2025-12-17,US01,US01-Operating,1128907.44
2025-12-18,US01,US01-Operating,1129791.97
2025-12-19,US01,US01-Operating,1161216.56
2025-12-22,US01,US01-Operating,1165071.64
2025-12-23,US01,US01-Operating,1201734.48
2025-12-24,US01,US01-Operating,1186278.61
2025-12-25,US01,US01-Operating,1196295.59
2025-12-26,US01,US01-Operating,1229955.95
2025-12-29,US01,US01-Operating,1259004.35
2025-12-30,US01,US01-Operating,1233771.04
2025-12-31,US01,US01-Operating,1238048.96
2024-01-01,US01,US01-Payroll,176334.77
2024-01-02,US01,US01-Payroll,180296.20
2024-01-03,US01,US01-Payroll,181562.29
2024-01-04,US01,US01-Payroll,177253.35
2024-01-05,US01,US01-Payroll,172596.72
2024-01-08,US01,US01-Payroll,170057.65
2024-01-09,US01,US01-Payroll,166686.66
2024-01-10,US01,US01-Payroll,164031.01
2024-01-11,US01,US01-Payroll,167540.81
2024-01-12,US01,US01-Payroll,172517.72
2024-01-15,US01,US01-Payroll,170665.57
2024-01-16,US01,US01-Payroll,174409.36
2024-01-17,US01,US01-Payroll,169754.06
2024-01-18,US01,US01-Payroll,174981.51
2024-01-19,US01,US01-Payroll,170268.89
2024-01-22,US01,US01-Payroll,166900.58
2024-01-23,US01,US01-Payroll,162743.21
2024-01-24,US01,US01-Payroll,163657.81
2024-01-25,US01,US01-Payroll,160797.49
2024-01-26,US01,US01-Payroll,162900.56
2024-01-29,US01,US01-Payroll,158447.30
2024-01-30,US01,US01-Payroll,161979.03
2024-01-31,US01,US01-Payroll,158088.72
2024-02-01,US01,US01-Payroll,154629.30
2024-02-02,US01,US01-Payroll,150516.36
2024-02-05,US01,US01-Payroll,151003.43
2024-02-06,US01,US01-Payroll,149780.12
2024-02-07,US01,US01-Payroll,153150.46
2024-02-08,US01,US01-Payroll,153190.39
2024-02-09,US01,US01-Payroll,148675.80
2024-02-12,US01,US01-Payroll,150261.73
2024-02-13,US01,US01-Payroll,152477.12
2024-02-14,US01,US01-Payroll,151746.10
2024-02-15,US01,US01-Payroll,148550.38
2024-02-16,US01,US01-Payroll,145698.77
2024-02-19,US01,US01-Payroll,142617.42
2024-02-20,US01,US01-Payroll,143731.82
2024-02-21,US01,US01-Payroll,145626.83
2024-02-22,US01,US01-Payroll,149064.74
2024-02-23,US01,US01-Payroll,149917.07
2024-02-26,US01,US01-Payroll,153786.20
2024-02-27,US01,US01-Payroll,156980.49
2024-02-28,US01,US01-Payroll,159241.21
2024-02-29,US01,US01-Payroll,158640.99
2024-03-01,US01,US01-Payroll,155244.67
2024-03-04,US01,US01-Payroll,151584.58
2024-03-05,US01,US01-Payroll,155731.53
2024-03-06,US01,US01-Payroll,154516.16
2024-03-07,US01,US01-Payroll,155564.84
2024-03-08,US01,US01-Payroll,155404.03
2024-03-11,US01,US01-Payroll,159018.07
2024-03-12,US01,US01-Payroll,159856.76
2024-03-13,US01,US01-Payroll,161503.44
2024-03-14,US01,US01-Payroll,157077.20
2024-03-15,US01,US01-Payroll,156743.96
2024-03-18,US01,US01-Payroll,161578.63
2024-03-19,US01,US01-Payroll,164152.49
2024-03-20,US01,US01-Payroll,165812.76
2024-03-21,US01,US01-Payroll,169895.03
2024-03-22,US01,US01-Payroll,173171.65
2024-03-25,US01,US01-Payroll,176048.13
2024-03-26,US01,US01-Payroll,180016.71
2024-03-27,US01,US01-Payroll,177063.49
2024-03-28,US01,US01-Payroll,181509.19
2024-03-29,US01,US01-Payroll,187141.01
2024-04-01,US01,US01-Payroll,185684.78
2024-04-02,US01,US01-Payroll,181071.42
2024-04-03,US01,US01-Payroll,181463.87
2024-04-04,US01,US01-Payroll,178478.45
2024-04-05,US01,US01-Payroll,176828.79
2024-04-08,US01,US01-Payroll,175610.58
2024-04-09,US01,US01-Payroll,178867.72
2024-04-10,US01,US01-Payroll,181268.56
2024-04-11,US01,US01-Payroll,181271.51
2024-04-12,US01,US01-Payroll,176041.02
2024-04-15,US01,US01-Payroll,174538.23
2024-04-16,US01,US01-Payroll,177402.19
2024-04-17,US01,US01-Payroll,178086.27
2024-04-18,US01,US01-Payroll,179076.18
2024-04-19,US01,US01-Payroll,181777.68
2024-04-22,US01,US01-Payroll,177284.74
2024-04-23,US01,US01-Payroll,180648.67
2024-04-24,US01,US01-Payroll,180631.01
2024-04-25,US01,US01-Payroll,183813.58
2024-04-26,US01,US01-Payroll,186534.08
2024-04-29,US01,US01-Payroll,191492.70
2024-04-30,US01,US01-Payroll,195554.12
2024-05-01,US01,US01-Payroll,196615.15
2024-05-02,US01,US01-Payroll,191121.09
2024-05-03,US01,US01-Payroll,195659.62
2024-05-06,US01,US01-Payroll,195292.40
2024-05-07,US01,US01-Payroll,194913.72
2024-05-08,US01,US01-Payroll,195343.32
2024-05-09,US01,US01-Payroll,189749.49
2024-05-10,US01,US01-Payroll,195350.54
2024-05-13,US01,US01-Payroll,198163.95
2024-05-14,US01,US01-Payroll,199579.74
2024-05-15,US01,US01-Payroll,199875.71
2024-05-16,US01,US01-Payroll,202878.81
2024-05-17,US01,US01-Payroll,202133.32
2024-05-20,US01,US01-Payroll,199412.02
2024-05-21,US01,US01-Payroll,202838.14
2024-05-22,US01,US01-Payroll,207607.83
2024-05-23,US01,US01-Payroll,211056.29
2024-05-24,US01,US01-Payroll,209594.95
2024-05-27,US01,US01-Payroll,211531.06
2024-05-28,US01,US01-Payroll,212335.88
2024-05-29,US01,US01-Payroll,209786.14
2024-05-30,US01,US01-Payroll,215828.66
2024-05-31,US01,US01-Payroll,212058.91
2024-06-03,US01,US01-Payroll,206554.63
2024-06-04,US01,US01-Payroll,201446.73
2024-06-05,US01,US01-Payroll,205046.19
2024-06-06,US01,US01-Payroll,199903.94
2024-06-07,US01,US01-Payroll,201627.97
2024-06-10,US01,US01-Payroll,206694.09
2024-06-11,US01,US01-Payroll,208377.71
2024-06-12,US01,US01-Payroll,214850.47
2024-06-13,US01,US01-Payroll,209275.12
2024-06-14,US01,US01-Payroll,205258.32
2024-06-17,US01,US01-Payroll,200644.29
2024-06-18,US01,US01-Payroll,206631.00
2024-06-19,US01,US01-Payroll,202994.67
2024-06-20,US01,US01-Payroll,208347.97
2024-06-21,US01,US01-Payroll,212380.63
2024-06-24,US01,US01-Payroll,219039.43
2024-06-25,US01,US01-Payroll,224448.34
2024-06-26,US01,US01-Payroll,223409.26
2024-06-27,US01,US01-Payroll,228467.65
2024-06-28,US01,US01-Payroll,231156.31
2024-07-01,US01,US01-Payroll,231095.86
2024-07-02,US01,US01-Payroll,233110.55
2024-07-03,US01,US01-Payroll,233479.85
2024-07-04,US01,US01-Payroll,226620.38
2024-07-05,US01,US01-Payroll,227064.03
2024-07-08,US01,US01-Payroll,226227.28
2024-07-09,US01,US01-Payroll,232165.59
2024-07-10,US01,US01-Payroll,238772.65
2024-07-11,US01,US01-Payroll,236949.79
2024-07-12,US01,US01-Payroll,236006.43
2024-07-15,US01,US01-Payroll,243375.50
2024-07-16,US01,US01-Payroll,239652.50
2024-07-17,US01,US01-Payroll,241625.30
2024-07-18,US01,US01-Payroll,244974.35
2024-07-19,US01,US01-Payroll,239250.52
2024-07-22,US01,US01-Payroll,236605.78
2024-07-23,US01,US01-Payroll,243256.51
2024-07-24,US01,US01-Payroll,244080.79
2024-07-25,US01,US01-Payroll,247117.10
2024-07-26,US01,US01-Payroll,248530.93
2024-07-29,US01,US01-Payroll,252889.96
2024-07-30,US01,US01-Payroll,246906.99
2024-07-31,US01,US01-Payroll,244661.50
2024-08-01,US01,US01-Payroll,240373.79
2024-08-02,US01,US01-Payroll,245193.95
2024-08-05,US01,US01-Payroll,241815.01
2024-08-06,US01,US01-Payroll,241267.43
2024-08-07,US01,US01-Payroll,241834.18
2024-08-08,US01,US01-Payroll,237386.55
2024-08-09,US01,US01-Payroll,233548.26
2024-08-12,US01,US01-Payroll,229991.69
2024-08-13,US01,US01-Payroll,224203.04
2024-08-14,US01,US01-Payroll,230000.34
2024-08-15,US01,US01-Payroll,235335.67
2024-08-16,US01,US01-Payroll,240940.31
2024-08-19,US01,US01-Payroll,247310.13
2024-08-20,US01,US01-Payroll,240892.15
2024-08-21,US01,US01-Payroll,246617.61
2024-08-22,US01,US01-Payroll,243397.14
2024-08-23,US01,US01-Payroll,236779.50
2024-08-26,US01,US01-Payroll,236783.86
2024-08-27,US01,US01-Payroll,243149.52
2024-08-28,US01,US01-Payroll,243380.08
2024-08-29,US01,US01-Payroll,238324.26
2024-08-30,US01,US01-Payroll,231683.78
2024-09-02,US01,US01-Payroll,239089.44
2024-09-03,US01,US01-Payroll,239611.84
2024-09-04,US01,US01-Payroll,246653.53
2024-09-05,US01,US01-Payroll,251489.21
2024-09-06,US01,US01-Payroll,255170.38
2024-09-09,US01,US01-Payroll,252878.59
2024-09-10,US01,US01-Payroll,246981.03
2024-09-11,US01,US01-Payroll,251431.01
2024-09-12,US01,US01-Payroll,258040.88
2024-09-13,US01,US01-Payroll,258194.56
2024-09-16,US01,US01-Payroll,254313.67
2024-09-17,US01,US01-Payroll,259746.02
2024-09-18,US01,US01-Payroll,260207.36
2024-09-19,US01,US01-Payroll,255916.24
2024-09-20,US01,US01-Payroll,263692.19
2024-09-23,US01,US01-Payroll,271963.70
2024-09-24,US01,US01-Payroll,269804.11
2024-09-25,US01,US01-Payroll,267627.58
2024-09-26,US01,US01-Payroll,275696.19
2024-09-27,US01,US01-Payroll,274806.77
2024-09-30,US01,US01-Payroll,269428.98
2024-10-01,US01,US01-Payroll,264856.02
2024-10-02,US01,US01-Payroll,263671.62
2024-10-03,US01,US01-Payroll,257230.96
2024-10-04,US01,US01-Payroll,259925.25
2024-10-07,US01,US01-Payroll,255303.36
2024-10-08,US01,US01-Payroll,259197.44
2024-10-09,US01,US01-Payroll,266417.35
2024-10-10,US01,US01-Payroll,264573.48
2024-10-11,US01,US01-Payroll,263508.51
2024-10-14,US01,US01-Payroll,270429.44
2024-10-15,US01,US01-Payroll,263855.19
2024-10-16,US01,US01-Payroll,261231.12
2024-10-17,US01,US01-Payroll,263925.51
2024-10-18,US01,US01-Payroll,264112.94
2024-10-21,US01,US01-Payroll,266556.77
2024-10-22,US01,US01-Payroll,266644.52
2024-10-23,US01,US01-Payroll,267319.02
2024-10-24,US01,US01-Payroll,269003.88
2024-10-25,US01,US01-Payroll,276796.04
2024-10-28,US01,US01-Payroll,285206.85
2024-10-29,US01,US01-Payroll,284658.35
2024-10-30,US01,US01-Payroll,282910.18
2024-10-31,US01,US01-Payroll,283696.79
2024-11-01,US01,US01-Payroll,277235.35
2024-11-04,US01,US01-Payroll,275779.21
2024-11-05,US01,US01-Payroll,277910.99
2024-11-06,US01,US01-Payroll,284292.03
2024-11-07,US01,US01-Payroll,290999.66
2024-11-08,US01,US01-Payroll,291597.59
2024-11-11,US01,US01-Payroll,298097.78
2024-11-12,US01,US01-Payroll,295413.50
2024-11-13,US01,US01-Payroll,291608.62
2024-11-14,US01,US01-Payroll,282910.35
2024-11-15,US01,US01-Payroll,291461.08
2024-11-18,US01,US01-Payroll,299742.31
2024-11-19,US01,US01-Payroll,298272.65
2024-11-20,US01,US01-Payroll,303365.62
2024-11-21,US01,US01-Payroll,307465.68
2024-11-22,US01,US01-Payroll,298792.46
2024-11-25,US01,US01-Payroll,298132.29
2024-11-26,US01,US01-Payroll,294089.51
2024-11-27,US01,US01-Payroll,302606.22
2024-11-28,US01,US01-Payroll,306608.33
2024-11-29,US01,US01-Payroll,313882.63
2024-12-02,US01,US01-Payroll,307120.86
2024-12-03,US01,US01-Payroll,298785.76
2024-12-04,US01,US01-Payroll,300923.81
2024-12-05,US01,US01-Payroll,301629.71
2024-12-06,US01,US01-Payroll,301447.06
2024-12-09,US01,US01-Payroll,299195.24
2024-12-10,US01,US01-Payroll,295472.10
2024-12-11,US01,US01-Payroll,287581.82
2024-12-12,US01,US01-Payroll,294860.66
2024-12-13,US01,US01-Payroll,291202.34
2024-12-16,US01,US01-Payroll,295517.78
2024-12-17,US01,US01-Payroll,304866.99
2024-12-18,US01,US01-Payroll,313806.90
2024-12-19,US01,US01-Payroll,320707.46
2024-12-20,US01,US01-Payroll,322799.60
2024-12-23,US01,US01-Payroll,326137.25
2024-12-24,US01,US01-Payroll,316528.73
2024-12-25,US01,US01-Payroll,324741.55
2024-12-26,US01,US01-Payroll,333707.65
2024-12-27,US01,US01-Payroll,337927.81
2024-12-30,US01,US01-Payroll,337887.61
2024-12-31,US01,US01-Payroll,339786.44
2025-01-01,US01,US01-Payroll,330496.53
2025-01-02,US01,US01-Payroll,324111.59
2025-01-03,US01,US01-Payroll,316461.20
2025-01-06,US01,US01-Payroll,322374.99
2025-01-07,US01,US01-Payroll,316993.28
2025-01-08,US01,US01-Payroll,315852.25
2025-01-09,US01,US01-Payroll,325834.74
2025-01-10,US01,US01-Payroll,336032.45
2025-01-13,US01,US01-Payroll,330019.73
2025-01-14,US01,US01-Payroll,324132.18
2025-01-15,US01,US01-Payroll,318534.65
2025-01-16,US01,US01-Payroll,327855.49
2025-01-17,US01,US01-Payroll,321058.56
2025-01-20,US01,US01-Payroll,316692.99
2025-01-21,US01,US01-Payroll,320172.19
2025-01-22,US01,US01-Payroll,325919.44
2025-01-23,US01,US01-Payroll,320414.30
2025-01-24,US01,US01-Payroll,325999.90
2025-01-27,US01,US01-Payroll,319443.46
2025-01-28,US01,US01-Payroll,326982.57
2025-01-29,US01,US01-Payroll,317667.68
2025-01-30,US01,US01-Payroll,314663.19
2025-01-31,US01,US01-Payroll,321535.13
2025-02-03,US01,US01-Payroll,316379.07
2025-02-04,US01,US01-Payroll,309755.23
2025-02-05,US01,US01-Payroll,307429.73
2025-02-06,US01,US01-Payroll,310676.06
2025-02-07,US01,US01-Payroll,301472.32
2025-02-10,US01,US01-Payroll,292684.09
2025-02-11,US01,US01-Payroll,297562.51
2025-02-12,US01,US01-Payroll,305921.78
2025-02-13,US01,US01-Payroll,304001.20
2025-02-14,US01,US01-Payroll,305743.52
2025-02-17,US01,US01-Payroll,314295.31
2025-02-18,US01,US01-Payroll,320187.23
2025-02-19,US01,US01-Payroll,324629.96
2025-02-20,US01,US01-Payroll,322335.33
2025-02-21,US01,US01-Payroll,327792.87
2025-02-24,US01,US01-Payroll,337969.35
2025-02-25,US01,US01-Payroll,340609.58
2025-02-26,US01,US01-Payroll,349317.58
2025-02-27,US01,US01-Payroll,353053.40
2025-02-28,US01,US01-Payroll,356293.28
2025-03-03,US01,US01-Payroll,349864.16
2025-03-04,US01,US01-Payroll,348229.72
2025-03-05,US01,US01-Payroll,349345.16
2025-03-06,US01,US01-Payroll,354534.81
2025-03-07,US01,US01-Payroll,347277.88
2025-03-10,US01,US01-Payroll,349749.89
2025-03-11,US01,US01-Payroll,343036.40
2025-03-12,US01,US01-Payroll,351644.72
2025-03-13,US01,US01-Payroll,349573.58
2025-03-14,US01,US01-Payroll,339334.20
2025-03-17,US01,US01-Payroll,335536.40
2025-03-18,US01,US01-Payroll,346267.22
2025-03-19,US01,US01-Payroll,339068.48
2025-03-20,US01,US01-Payroll,338278.11
2025-03-21,US01,US01-Payroll,334013.86
2025-03-24,US01,US01-Payroll,333358.88
2025-03-25,US01,US01-Payroll,339223.76
2025-03-26,US01,US01-Payroll,334491.50
2025-03-27,US01,US01-Payroll,342385.92
2025-03-28,US01,US01-Payroll,350638.23
2025-03-31,US01,US01-Payroll,343854.41
2025-04-01,US01,US01-Payroll,342720.59
2025-04-02,US01,US01-Payroll,335407.59
2025-04-03,US01,US01-Payroll,343615.71
2025-04-04,US01,US01-Payroll,336480.82
2025-04-07,US01,US01-Payroll,336140.26
2025-04-08,US01,US01-Payroll,327564.16
2025-04-09,US01,US01-Payroll,319776.68
2025-04-10,US01,US01-Payroll,328859.51
2025-04-11,US01,US01-Payroll,338606.62
2025-04-14,US01,US01-Payroll,331738.88
2025-04-15,US01,US01-Payroll,328232.44
2025-04-16,US01,US01-Payroll,330349.14
2025-04-17,US01,US01-Payroll,326059.08
2025-04-18,US01,US01-Payroll,324544.00
2025-04-21,US01,US01-Payroll,333069.25
2025-04-22,US01,US01-Payroll,342312.36
2025-04-23,US01,US01-Payroll,332700.95
2025-04-24,US01,US01-Payroll,324347.09
2025-04-25,US01,US01-Payroll,317587.64
2025-04-28,US01,US01-Payroll,311746.75
2025-04-29,US01,US01-Payroll,305229.46
2025-04-30,US01,US01-Payroll,297224.48
2025-05-01,US01,US01-Payroll,305300.72
2025-05-02,US01,US01-Payroll,303176.84
2025-05-05,US01,US01-Payroll,311817.83
2025-05-06,US01,US01-Payroll,304888.20
2025-05-07,US01,US01-Payroll,312014.57
2025-05-08,US01,US01-Payroll,316052.73
2025-05-09,US01,US01-Payroll,318831.76
2025-05-12,US01,US01-Payroll,323753.54
2025-05-13,US01,US01-Payroll,318772.81
2025-05-14,US01,US01-Payroll,315309.55
2025-05-15,US01,US01-Payroll,307513.69
2025-05-16,US01,US01-Payroll,316742.87
2025-05-19,US01,US01-Payroll,318126.79
2025-05-20,US01,US01-Payroll,317457.36
2025-05-21,US01,US01-Payroll,316797.97
2025-05-22,US01,US01-Payroll,307458.70
2025-05-23,US01,US01-Payroll,308065.74
2025-05-26,US01,US01-Payroll,317305.24
2025-05-27,US01,US01-Payroll,323353.12
2025-05-28,US01,US01-Payroll,322436.18
2025-05-29,US01,US01-Payroll,323998.46
2025-05-30,US01,US01-Payroll,329923.78
2025-06-02,US01,US01-Payroll,339677.31
2025-06-03,US01,US01-Payroll,347389.76
2025-06-04,US01,US01-Payroll,343844.04
2025-06-05,US01,US01-Payroll,336925.91
2025-06-06,US01,US01-Payroll,330463.60
2025-06-09,US01,US01-Payroll,322407.43
2025-06-10,US01,US01-Payroll,317604.05
2025-06-11,US01,US01-Payroll,312526.67
2025-06-12,US01,US01-Payroll,303368.45
2025-06-13,US01,US01-Payroll,297784.13
2025-06-16,US01,US01-Payroll,305280.26
2025-06-17,US01,US01-Payroll,312504.93
2025-06-18,US01,US01-Payroll,305901.49
2025-06-19,US01,US01-Payroll,299321.72
2025-06-20,US01,US01-Payroll,305677.99
2025-06-23,US01,US01-Payroll,297738.14
2025-06-24,US01,US01-Payroll,298574.17
2025-06-25,US01,US01-Payroll,303606.17
2025-06-26,US01,US01-Payroll,309897.71
2025-06-27,US01,US01-Payroll,307952.85
2025-06-30,US01,US01-Payroll,312065.52
2025-07-01,US01,US01-Payroll,312517.43
2025-07-02,US01,US01-Payroll,303308.94
2025-07-03,US01,US01-Payroll,309822.91
2025-07-04,US01,US01-Payroll,317399.24
2025-07-07,US01,US01-Payroll,323034.06
2025-07-08,US01,US01-Payroll,326212.77
2025-07-09,US01,US01-Payroll,326426.24
2025-07-10,US01,US01-Payroll,327745.13
2025-07-11,US01,US01-Payroll,334421.93
2025-07-14,US01,US01-Payroll,327802.27
2025-07-15,US01,US01-Payroll,329812.04
2025-07-16,US01,US01-Payroll,322052.37
2025-07-17,US01,US01-Payroll,313962.51
2025-07-18,US01,US01-Payroll,316253.40
2025-07-21,US01,US01-Payroll,313368.05
2025-07-22,US01,US01-Payroll,308613.04
2025-07-23,US01,US01-Payroll,315055.94
2025-07-24,US01,US01-Payroll,314506.72
2025-07-25,US01,US01-Payroll,308638.27
2025-07-28,US01,US01-Payroll,309849.51
2025-07-29,US01,US01-Payroll,311241.76
2025-07-30,US01,US01-Payroll,307073.32
2025-07-31,US01,US01-Payroll,304637.16
2025-08-01,US01,US01-Payroll,303518.99
2025-08-04,US01,US01-Payroll,303240.82
2025-08-05,US01,US01-Payroll,307583.55
2025-08-06,US01,US01-Payroll,317212.44
2025-08-07,US01,US01-Payroll,319840.11
2025-08-08,US01,US01-Payroll,320272.88
2025-08-11,US01,US01-Payroll,313865.57
2025-08-12,US01,US01-Payroll,308725.52
2025-08-13,US01,US01-Payroll,313291.27
2025-08-14,US01,US01-Payroll,321876.04
2025-08-15,US01,US01-Payroll,317218.63
2025-08-18,US01,US01-Payroll,316087.82
2025-08-19,US01,US01-Payroll,316668.69
2025-08-20,US01,US01-Payroll,308550.04
2025-08-21,US01,US01-Payroll,310193.42
2025-08-22,US01,US01-Payroll,305090.24
2025-08-25,US01,US01-Payroll,311113.27
2025-08-26,US01,US01-Payroll,306847.21
2025-08-27,US01,US01-Payroll,316441.34
2025-08-28,US01,US01-Payroll,309627.48
2025-08-29,US01,US01-Payroll,302725.41
2025-09-01,US01,US01-Payroll,309850.12
2025-09-02,US01,US01-Payroll,315684.85
2025-09-03,US01,US01-Payroll,322306.08
2025-09-04,US01,US01-Payroll,321244.20
2025-09-05,US01,US01-Payroll,330391.19
2025-09-08,US01,US01-Payroll,327097.80
2025-09-09,US01,US01-Payroll,336297.98
2025-09-10,US01,US01-Payroll,340473.44
2025-09-11,US01,US01-Payroll,343385.77
2025-09-12,US01,US01-Payroll,342657.47
2025-09-15,US01,US01-Payroll,334130.37
2025-09-16,US01,US01-Payroll,329165.43
2025-09-17,US01,US01-Payroll,319663.89
2025-09-18,US01,US01-Payroll,320332.56
2025-09-19,US01,US01-Payroll,318939.49
2025-09-22,US01,US01-Payroll,319143.02
2025-09-23,US01,US01-Payroll,316205.56
2025-09-24,US01,US01-Payroll,312371.48
2025-09-25,US01,US01-Payroll,318975.60
2025-09-26,US01,US01-Payroll,328246.62
2025-09-29,US01,US01-Payroll,321802.12
2025-09-30,US01,US01-Payroll,328289.44
2025-10-01,US01,US01-Payroll,327178.30
2025-10-02,US01,US01-Payroll,330122.21
2025-10-03,US01,US01-Payroll,340593.34
2025-10-06,US01,US01-Payroll,348204.35
2025-10-07,US01,US01-Payroll,358253.80
2025-10-08,US01,US01-Payroll,357515.80
2025-10-09,US01,US01-Payroll,360065.72
2025-10-10,US01,US01-Payroll,349430.41
2025-10-13,US01,US01-Payroll,351824.09
2025-10-14,US01,US01-Payroll,360393.58
2025-10-15,US01,US01-Payroll,368340.74
2025-10-16,US01,US01-Payroll,371690.26
2025-10-17,US01,US01-Payroll,370179.94
2025-10-20,US01,US01-Payroll,367575.54
2025-10-21,US01,US01-Payroll,377775.70
2025-10-22,US01,US01-Payroll,378578.67
2025-10-23,US01,US01-Payroll,369258.05
2025-10-24,US01,US01-Payroll,359284.43
2025-10-27,US01,US01-Payroll,349096.01
2025-10-28,US01,US01-Payroll,343640.41
2025-10-29,US01,US01-Payroll,350764.15
2025-10-30,US01,US01-Payroll,342968.76
2025-10-31,US01,US01-Payroll,334717.50
2025-11-03,US01,US01-Payroll,328813.41
2025-11-04,US01,US01-Payroll,327248.17
2025-11-05,US01,US01-Payroll,333722.08
2025-11-06,US01,US01-Payroll,343214.41
2025-11-07,US01,US01-Payroll,343517.05
2025-11-10,US01,US01-Payroll,354401.93
2025-11-11,US01,US01-Payroll,360881.51
2025-11-12,US01,US01-Payroll,365938.25
2025-11-13,US01,US01-Payroll,356201.57
2025-11-14,US01,US01-Payroll,367081.40
2025-11-17,US01,US01-Payroll,362244.51
2025-11-18,US01,US01-Payroll,355000.43
2025-11-19,US01,US01-Payroll,363869.42
2025-11-20,US01,US01-Payroll,355491.17
2025-11-21,US01,US01-Payroll,364338.84
2025-11-24,US01,US01-Payroll,359002.51
2025-11-25,US01,US01-Payroll,355050.97
2025-11-26,US01,US01-Payroll,363418.79
2025-11-27,US01,US01-Payroll,361473.64
2025-11-28,US01,US01-Payroll,354069.32
2025-12-01,US01,US01-Payroll,363612.72
2025-12-02,US01,US01-Payroll,363575.76
2025-12-03,US01,US01-Payroll,358152.35
2025-12-04,US01,US01-Payroll,368875.61
2025-12-05,US01,US01-Payroll,360959.64
2025-12-08,US01,US01-Payroll,371251.87
2025-12-09,US01,US01-Payroll,375595.70
2025-12-10,US01,US01-Payroll,371791.60
2025-12-11,US01,US01-Payroll,365260.62
2025-12-12,US01,US01-Payroll,367550.72
2025-12-15,US01,US01-Payroll,371602.43
2025-12-16,US01,US01-Payroll,371394.18
2025-12-17,US01,US01-Payroll,364887.57
2025-12-18,US01,US01-Payroll,357665.05
2025-12-19,US01,US01-Payroll,357184.00
2025-12-22,US01,US01-Payroll,353075.66
2025-12-23,US01,US01-Payroll,361601.99
2025-12-24,US01,US01-Payroll,363173.24
2025-12-25,US01,US01-Payroll,367710.38
2025-12-26,US01,US01-Payroll,360567.01
2025-12-29,US01,US01-Payroll,371954.12
2025-12-30,US01,US01-Payroll,378776.07
2025-12-31,US01,US01-Payroll,374116.90
2024-01-01,UK01,UK01-Operating,305215.24
2024-01-02,UK01,UK01-Operating,312292.92
2024-01-03,UK01,UK01-Operating,305833.20
2024-01-04,UK01,UK01-Operating,311938.96
2024-01-05,UK01,UK01-Operating,317525.69
2024-01-08,UK01,UK01-Operating,313153.35
2024-01-09,UK01,UK01-Operating,306930.12
2024-01-10,UK01,UK01-Operating,304195.66
2024-01-11,UK01,UK01-Operating,297636.18
2024-01-12,UK01,UK01-Operating,294272.03
2024-01-15,UK01,UK01-Operating,286228.23
2024-01-16,UK01,UK01-Operating,281382.56
2024-01-17,UK01,UK01-Operating,287059.39
2024-01-18,UK01,UK01-Operating,287251.84
2024-01-19,UK01,UK01-Operating,281245.67
2024-01-22,UK01,UK01-Operating,277313.31
2024-01-23,UK01,UK01-Operating,273854.93
2024-01-24,UK01,UK01-Operating,282562.34
2024-01-25,UK01,UK01-Operating,275746.49
2024-01-26,UK01,UK01-Operating,284330.72
2024-01-29,UK01,UK01-Operating,280411.47
2024-01-30,UK01,UK01-Operating,277866.95
2024-01-31,UK01,UK01-Operating,279151.79
2024-02-01,UK01,UK01-Operating,281061.04
2024-02-02,UK01,UK01-Operating,286335.54
2024-02-05,UK01,UK01-Operating,292419.95
2024-02-06,UK01,UK01-Operating,284931.16
2024-02-07,UK01,UK01-Operating,289465.29
2024-02-08,UK01,UK01-Operating,289365.45
2024-02-09,UK01,UK01-Operating,280961.13
2024-02-12,UK01,UK01-Operating,278473.95
2024-02-13,UK01,UK01-Operating,279140.46
2024-02-14,UK01,UK01-Operating,274005.68
2024-02-15,UK01,UK01-Operating,275637.60
2024-02-16,UK01,UK01-Operating,281288.78
2024-02-19,UK01,UK01-Operating,278198.75
2024-02-20,UK01,UK01-Operating,285893.56
2024-02-21,UK01,UK01-Operating,293858.14
2024-02-22,UK01,UK01-Operating,296229.40
2024-02-23,UK01,UK01-Operating,298514.21
2024-02-26,UK01,UK01-Operating,299118.95
2024-02-27,UK01,UK01-Operating,299388.49
2024-02-28,UK01,UK01-Operating,297336.60
2024-02-29,UK01,UK01-Operating,302084.40
2024-03-01,UK01,UK01-Operating,294344.95
2024-03-04,UK01,UK01-Operating,289195.66
2024-03-05,UK01,UK01-Operating,295662.51
2024-03-06,UK01,UK01-Operating,294551.43
2024-03-07,UK01,UK01-Operating,288756.05
2024-03-08,UK01,UK01-Operating,292942.27
2024-03-11,UK01,UK01-Operating,296440.74
2024-03-12,UK01,UK01-Operating,295266.38
2024-03-13,UK01,UK01-Operating,290698.80
2024-03-14,UK01,UK01-Operating,282640.18
2024-03-15,UK01,UK01-Operating,281035.14
2024-03-18,UK01,UK01-Operating,277913.04
2024-03-19,UK01,UK01-Operating,283675.06
2024-03-20,UK01,UK01-Operating,289315.36
2024-03-21,UK01,UK01-Operating,290464.12
2024-03-22,UK01,UK01-Operating,298286.87
2024-03-25,UK01,UK01-Operating,296172.05
2024-03-26,UK01,UK01-Operating,292039.00
2024-03-27,UK01,UK01-Operating,297984.74
2024-03-28,UK01,UK01-Operating,299152.40
2024-03-29,UK01,UK01-Operating,305722.35
2024-04-01,UK01,UK01-Operating,312309.82
2024-04-02,UK01,UK01-Operating,313577.26
2024-04-03,UK01,UK01-Operating,319955.38
2024-04-04,UK01,UK01-Operating,327786.66
2024-04-05,UK01,UK01-Operating,322701.21
2024-04-08,UK01,UK01-Operating,314934.49
2024-04-09,UK01,UK01-Operating,311275.00
2024-04-10,UK01,UK01-Operating,304541.13
2024-04-11,UK01,UK01-Operating,302905.52
2024-04-12,UK01,UK01-Operating,300400.81
2024-04-15,UK01,UK01-Operating,294137.97
2024-04-16,UK01,UK01-Operating,295192.88
2024-04-17,UK01,UK01-Operating,286942.45
2024-04-18,UK01,UK01-Operating,286146.52
2024-04-19,UK01,UK01-Operating,283513.91
2024-04-22,UK01,UK01-Operating,289498.66
2024-04-23,UK01,UK01-Operating,283062.72
2024-04-24,UK01,UK01-Operating,281483.62
2024-04-25,UK01,UK01-Operating,288297.83
2024-04-26,UK01,UK01-Operating,286961.36
2024-04-29,UK01,UK01-Operating,289427.02
2024-04-30,UK01,UK01-Operating,293058.01
2024-05-01,UK01,UK01-Operating,295595.02
2024-05-02,UK01,UK01-Operating,301788.69
2024-05-03,UK01,UK01-Operating,295073.17
2024-05-06,UK01,UK01-Operating,289975.48
2024-05-07,UK01,UK01-Operating,293956.05
2024-05-08,UK01,UK01-Operating,288787.56
2024-05-09,UK01,UK01-Operating,297791.81
2024-05-10,UK01,UK01-Operating,302706.33
2024-05-13,UK01,UK01-Operating,296771.57
2024-05-14,UK01,UK01-Operating,298524.89
2024-05-15,UK01,UK01-Operating,291198.08
2024-05-16,UK01,UK01-Operating,291528.14
2024-05-17,UK01,UK01-Operating,300144.47
2024-05-20,UK01,UK01-Operating,299686.66
2024-05-21,UK01,UK01-Operating,295255.44
2024-05-22,UK01,UK01-Operating,289483.24
2024-05-23,UK01,UK01-Operating,292757.06
2024-05-24,UK01,UK01-Operating,287599.10
2024-05-27,UK01,UK01-Operating,290555.97
2024-05-28,UK01,UK01-Operating,293838.58
2024-05-29,UK01,UK01-Operating,289754.15
2024-05-30,UK01,UK01-Operating,283825.40
2024-05-31,UK01,UK01-Operating,275783.72
2024-06-03,UK01,UK01-Operating,269957.43
2024-06-04,UK01,UK01-Operating,270792.01
2024-06-05,UK01,UK01-Operating,271682.19
2024-06-06,UK01,UK01-Operating,270940.92
2024-06-07,UK01,UK01-Operating,267089.67
2024-06-10,UK01,UK01-Operating,274910.62
2024-06-11,UK01,UK01-Operating,277917.01
2024-06-12,UK01,UK01-Operating,273006.05
2024-06-13,UK01,UK01-Operating,269217.80
2024-06-14,UK01,UK01-Operating,272196.03
2024-06-17,UK01,UK01-Operating,279176.08
2024-06-18,UK01,UK01-Operating,285610.79
2024-06-19,UK01,UK01-Operating,290682.18
2024-06-20,UK01,UK01-Operating,296781.00
2024-06-21,UK01,UK01-Operating,298876.76
2024-06-24,UK01,UK01-Operating,302673.53
2024-06-25,UK01,UK01-Operating,307758.72
2024-06-26,UK01,UK01-Operating,305450.34
2024-06-27,UK01,UK01-Operating,296926.92
2024-06-28,UK01,UK01-Operating,295037.43
2024-07-01,UK01,UK01-Operating,298626.13
2024-07-02,UK01,UK01-Operating,290830.98
2024-07-03,UK01,UK01-Operating,296444.91
2024-07-04,UK01,UK01-Operating,302702.78
2024-07-05,UK01,UK01-Operating,307029.93
2024-07-08,UK01,UK01-Operating,314759.92
2024-07-09,UK01,UK01-Operating,308090.63
2024-07-10,UK01,UK01-Operating,307713.04
2024-07-11,UK01,UK01-Operating,311464.66
2024-07-12,UK01,UK01-Operating,320153.82
2024-07-15,UK01,UK01-Operating,321145.40
2024-07-16,UK01,UK01-Operating,315219.47
2024-07-17,UK01,UK01-Operating,322290.66
2024-07-18,UK01,UK01-Operating,325669.09
2024-07-19,UK01,UK01-Operating,332831.21
2024-07-22,UK01,UK01-Operating,322927.56
2024-07-23,UK01,UK01-Operating,321901.18
2024-07-24,UK01,UK01-Operating,317566.65
2024-07-25,UK01,UK01-Operating,312247.49
2024-07-26,UK01,UK01-Operating,314563.05
2024-07-29,UK01,UK01-Operating,308577.06
2024-07-30,UK01,UK01-Operating,317256.36
2024-07-31,UK01,UK01-Operating,321934.87
2024-08-01,UK01,UK01-Operating,313194.73
2024-08-02,UK01,UK01-Operating,315627.75
2024-08-05,UK01,UK01-Operating,316849.90
2024-08-06,UK01,UK01-Operating,325120.56
2024-08-07,UK01,UK01-Operating,326820.01
2024-08-08,UK01,UK01-Operating,323544.50
2024-08-09,UK01,UK01-Operating,321453.68
2024-08-12,UK01,UK01-Operating,316311.98
2024-08-13,UK01,UK01-Operating,310918.10
2024-08-14,UK01,UK01-Operating,311688.26
2024-08-15,UK01,UK01-Operating,305268.16
2024-08-16,UK01,UK01-Operating,304323.70
2024-08-19,UK01,UK01-Operating,313289.76
2024-08-20,UK01,UK01-Operating,305205.63
2024-08-21,UK01,UK01-Operating,304487.51
2024-08-22,UK01,UK01-Operating,306980.84
2024-08-23,UK01,UK01-Operating,306224.29
2024-08-26,UK01,UK01-Operating,300211.73
2024-08-27,UK01,UK01-Operating,306739.22
2024-08-28,UK01,UK01-Operating,306999.55
2024-08-29,UK01,UK01-Operating,299145.05
2024-08-30,UK01,UK01-Operating,306656.61
2024-09-02,UK01,UK01-Operating,308076.74
2024-09-03,UK01,UK01-Operating,317092.70
2024-09-04,UK01,UK01-Operating,312855.80
2024-09-05,UK01,UK01-Operating,306057.55
2024-09-06,UK01,UK01-Operating,303379.98
2024-09-09,UK01,UK01-Operating,311746.84
2024-09-10,UK01,UK01-Operating,307726.19
2024-09-11,UK01,UK01-Operating,313856.22
2024-09-12,UK01,UK01-Operating,319412.14
2024-09-13,UK01,UK01-Operating,317400.17
2024-09-16,UK01,UK01-Operating,313055.29
2024-09-17,UK01,UK01-Operating,321125.54
2024-09-18,UK01,UK01-Operating,331318.38
2024-09-19,UK01,UK01-Operating,334047.33
2024-09-20,UK01,UK01-Operating,344469.94
2024-09-23,UK01,UK01-Operating,341399.02
2024-09-24,UK01,UK01-Operating,345209.48
2024-09-25,UK01,UK01-Operating,335485.78
2024-09-26,UK01,UK01-Operating,343737.50
2024-09-27,UK01,UK01-Operating,338530.60
2024-09-30,UK01,UK01-Operating,347874.62
2024-10-01,UK01,UK01-Operating,358476.73
2024-10-02,UK01,UK01-Operating,368871.73
2024-10-03,UK01,UK01-Operating,367154.41
2024-10-04,UK01,UK01-Operating,367229.51
2024-10-07,UK01,UK01-Operating,377392.31
2024-10-08,UK01,UK01-Operating,385087.58
2024-10-09,UK01,UK01-Operating,374639.80
2024-10-10,UK01,UK01-Operating,368886.92
2024-10-11,UK01,UK01-Operating,373765.79
2024-10-14,UK01,UK01-Operating,370359.98
2024-10-15,UK01,UK01-Operating,365234.04
2024-10-16,UK01,UK01-Operating,374520.91
2024-10-17,UK01,UK01-Operating,367253.65
2024-10-18,UK01,UK01-Operating,356941.00
2024-10-21,UK01,UK01-Operating,353970.42
2024-10-22,UK01,UK01-Operating,360815.10
2024-10-23,UK01,UK01-Operating,351138.76
2024-10-24,UK01,UK01-Operating,345180.44
2024-10-25,UK01,UK01-Operating,350222.23
2024-10-28,UK01,UK01-Operating,358087.14
2024-10-29,UK01,UK01-Operating,368060.32
2024-10-30,UK01,UK01-Operating,378684.91
2024-10-31,UK01,UK01-Operating,368693.44
2024-11-01,UK01,UK01-Operating,378006.78
2024-11-04,UK01,UK01-Operating,383352.48
2024-11-05,UK01,UK01-Operating,382398.21
2024-11-06,UK01,UK01-Operating,390178.29
2024-11-07,UK01,UK01-Operating,385582.54
2024-11-08,UK01,UK01-Operating,378987.03
2024-11-11,UK01,UK01-Operating,383449.50
2024-11-12,UK01,UK01-Operating,383418.06
2024-11-13,UK01,UK01-Operating,372653.47
2024-11-14,UK01,UK01-Operating,367836.65
2024-11-15,UK01,UK01-Operating,371797.75
2024-11-18,UK01,UK01-Operating,382854.91
2024-11-19,UK01,UK01-Operating,379648.62
2024-11-20,UK01,UK01-Operating,385808.69
2024-11-21,UK01,UK01-Operating,391081.82
2024-11-22,UK01,UK01-Operating,389333.13
2024-11-25,UK01,UK01-Operating,401163.27
2024-11-26,UK01,UK01-Operating,402658.12
2024-11-27,UK01,UK01-Operating,405884.46
2024-11-28,UK01,UK01-Operating,412166.05
2024-11-29,UK01,UK01-Operating,410880.42
2024-12-02,UK01,UK01-Operating,399180.19
2024-12-03,UK01,UK01-Operating,408247.50
2024-12-04,UK01,UK01-Operating,396136.06
2024-12-05,UK01,UK01-Operating,389923.84
2024-12-06,UK01,UK01-Operating,397573.92
2024-12-09,UK01,UK01-Operating,406942.50
2024-12-10,UK01,UK01-Operating,394996.45
2024-12-11,UK01,UK01-Operating,388486.15
2024-12-12,UK01,UK01-Operating,389163.88
2024-12-13,UK01,UK01-Operating,400105.79
2024-12-16,UK01,UK01-Operating,408075.52
2024-12-17,UK01,UK01-Operating,413675.94
2024-12-18,UK01,UK01-Operating,416924.07
2024-12-19,UK01,UK01-Operating,428323.59
2024-12-20,UK01,UK01-Operating,441212.36
2024-12-23,UK01,UK01-Operating,436556.41
2024-12-24,UK01,UK01-Operating,434995.61
2024-12-25,UK01,UK01-Operating,423475.85
2024-12-26,UK01,UK01-Operating,432923.58
2024-12-27,UK01,UK01-Operating,427262.81
2024-12-30,UK01,UK01-Operating,418497.97
2024-12-31,UK01,UK01-Operating,415672.00
2025-01-01,UK01,UK01-Operating,405663.61
2025-01-02,UK01,UK01-Operating,397204.65
2025-01-03,UK01,UK01-Operating,401658.96
2025-01-06,UK01,UK01-Operating,411818.82
2025-01-07,UK01,UK01-Operating,412696.50
2025-01-08,UK01,UK01-Operating,405221.61
2025-01-09,UK01,UK01-Operating,403968.95
2025-01-10,UK01,UK01-Operating,398602.87
2025-01-13,UK01,UK01-Operating,408430.09
2025-01-14,UK01,UK01-Operating,404577.47
2025-01-15,UK01,UK01-Operating,397314.07
2025-01-16,UK01,UK01-Operating,393399.89
2025-01-17,UK01,UK01-Operating,395015.03
2025-01-20,UK01,UK01-Operating,387288.01
2025-01-21,UK01,UK01-Operating,392419.11
2025-01-22,UK01,UK01-Operating,385029.22
2025-01-23,UK01,UK01-Operating,391280.05
2025-01-24,UK01,UK01-Operating,382532.34
2025-01-27,UK01,UK01-Operating,382642.23
2025-01-28,UK01,UK01-Operating,387754.62
2025-01-29,UK01,UK01-Operating,381960.53
2025-01-30,UK01,UK01-Operating,372415.06
2025-01-31,UK01,UK01-Operating,363498.68
2025-02-03,UK01,UK01-Operating,357218.83
2025-02-04,UK01,UK01-Operating,355113.51
2025-02-05,UK01,UK01-Operating,347860.25
2025-02-06,UK01,UK01-Operating,343214.05
2025-02-07,UK01,UK01-Operating,351482.07
2025-02-10,UK01,UK01-Operating,348840.71
2025-02-11,UK01,UK01-Operating,355796.51
2025-02-12,UK01,UK01-Operating,365931.41
2025-02-13,UK01,UK01-Operating,366698.10
2025-02-14,UK01,UK01-Operating,368959.27
2025-02-17,UK01,UK01-Operating,362633.18
2025-02-18,UK01,UK01-Operating,363175.88
2025-02-19,UK01,UK01-Operating,364345.04
2025-02-20,UK01,UK01-Operating,374288.08
2025-02-21,UK01,UK01-Operating,373299.77
2025-02-24,UK01,UK01-Operating,374148.36
2025-02-25,UK01,UK01-Operating,373938.23
2025-02-26,UK01,UK01-Operating,367012.27
2025-02-27,UK01,UK01-Operating,356010.01
2025-02-28,UK01,UK01-Operating,366622.31
2025-03-03,UK01,UK01-Operating,366904.17
2025-03-04,UK01,UK01-Operating,371190.18
2025-03-05,UK01,UK01-Operating,373987.54
2025-03-06,UK01,UK01-Operating,365802.26
2025-03-07,UK01,UK01-Operating,375053.96
2025-03-10,UK01,UK01-Operating,384588.51
2025-03-11,UK01,UK01-Operating,373595.49
2025-03-12,UK01,UK01-Operating,367036.94
2025-03-13,UK01,UK01-Operating,357613.76
2025-03-14,UK01,UK01-Operating,359700.98
2025-03-17,UK01,UK01-Operating,365698.87
2025-03-18,UK01,UK01-Operating,366951.05
2025-03-19,UK01,UK01-Operating,374502.68
2025-03-20,UK01,UK01-Operating,363882.71
2025-03-21,UK01,UK01-Operating,373993.51
2025-03-24,UK01,UK01-Operating,375491.00
2025-03-25,UK01,UK01-Operating,367456.96
2025-03-26,UK01,UK01-Operating,364336.46
2025-03-27,UK01,UK01-Operating,359586.08
2025-03-28,UK01,UK01-Operating,351007.70
2025-03-31,UK01,UK01-Operating,354025.12
2025-04-01,UK01,UK01-Operating,361543.47
2025-04-02,UK01,UK01-Operating,360090.52
2025-04-03,UK01,UK01-Operating,370969.02
2025-04-04,UK01,UK01-Operating,368272.91
2025-04-07,UK01,UK01-Operating,358612.16
2025-04-08,UK01,UK01-Operating,354659.37
2025-04-09,UK01,UK01-Operating,344210.09
2025-04-10,UK01,UK01-Operating,341456.60
2025-04-11,UK01,UK01-Operating,344753.10
2025-04-14,UK01,UK01-Operating,338202.56
2025-04-15,UK01,UK01-Operating,330143.12
2025-04-16,UK01,UK01-Operating,320607.32
2025-04-17,UK01,UK01-Operating,324755.67
2025-04-18,UK01,UK01-Operating,323825.36
2025-04-21,UK01,UK01-Operating,317242.08
2025-04-22,UK01,UK01-Operating,310406.06
2025-04-23,UK01,UK01-Operating,315691.18
2025-04-24,UK01,UK01-Operating,321298.04
2025-04-25,UK01,UK01-Operating,329710.60
2025-04-28,UK01,UK01-Operating,334894.70
2025-04-29,UK01,UK01-Operating,336460.98
2025-04-30,UK01,UK01-Operating,340359.13
2025-05-01,UK01,UK01-Operating,351198.64
2025-05-02,UK01,UK01-Operating,355235.30
2025-05-05,UK01,UK01-Operating,348117.78
2025-05-06,UK01,UK01-Operating,349211.16
2025-05-07,UK01,UK01-Operating,356422.47
2025-05-08,UK01,UK01-Operating,367061.85
2025-05-09,UK01,UK01-Operating,378365.73
2025-05-12,UK01,UK01-Operating,380247.30
2025-05-13,UK01,UK01-Operating,375143.03
2025-05-14,UK01,UK01-Operating,378348.13
2025-05-15,UK01,UK01-Operating,376438.90
2025-05-16,UK01,UK01-Operating,368807.63
2025-05-19,UK01,UK01-Operating,363406.19
2025-05-20,UK01,UK01-Operating,362816.98
2025-05-21,UK01,UK01-Operating,363593.69
2025-05-22,UK01,UK01-Operating,353102.01
2025-05-23,UK01,UK01-Operating,363054.76
2025-05-26,UK01,UK01-Operating,367805.75
2025-05-27,UK01,UK01-Operating,368952.17
2025-05-28,UK01,UK01-Operating,376998.83
2025-05-29,UK01,UK01-Operating,387132.19
2025-05-30,UK01,UK01-Operating,396684.20
2025-06-02,UK01,UK01-Operating,385129.80
2025-06-03,UK01,UK01-Operating,389459.12
2025-06-04,UK01,UK01-Operating,387632.24
2025-06-05,UK01,UK01-Operating,397890.59
2025-06-06,UK01,UK01-Operating,406274.46
2025-06-09,UK01,UK01-Operating,397077.43
2025-06-10,UK01,UK01-Operating,402771.14
2025-06-11,UK01,UK01-Operating,393999.70
2025-06-12,UK01,UK01-Operating,384404.83
2025-06-13,UK01,UK01-Operating,382614.62
2025-06-16,UK01,UK01-Operating,388784.76
2025-06-17,UK01,UK01-Operating,400834.00
2025-06-18,UK01,UK01-Operating,395365.73
2025-06-19,UK01,UK01-Operating,389151.33
2025-06-20,UK01,UK01-Operating,381639.50
2025-06-23,UK01,UK01-Operating,380310.82
2025-06-24,UK01,UK01-Operating,391216.09
2025-06-25,UK01,UK01-Operating,381591.92
2025-06-26,UK01,UK01-Operating,382461.69
2025-06-27,UK01,UK01-Operating,377541.09
2025-06-30,UK01,UK01-Operating,385696.65
2025-07-01,UK01,UK01-Operating,381116.59
2025-07-02,UK01,UK01-Operating,382211.13
2025-07-03,UK01,UK01-Operating,387652.79
2025-07-04,UK01,UK01-Operating,392049.67
2025-07-07,UK01,UK01-Operating,403340.96
2025-07-08,UK01,UK01-Operating,411863.61
2025-07-09,UK01,UK01-Operating,413946.54
2025-07-10,UK01,UK01-Operating,406338.42
2025-07-11,UK01,UK01-Operating,419283.52
2025-07-14,UK01,UK01-Operating,430362.16
2025-07-15,UK01,UK01-Operating,435557.75
2025-07-16,UK01,UK01-Operating,434281.53
2025-07-17,UK01,UK01-Operating,424324.09
2025-07-18,UK01,UK01-Operating,435347.46
2025-07-21,UK01,UK01-Operating,428487.07
2025-07-22,UK01,UK01-Operating,434328.80
2025-07-23,UK01,UK01-Operating,428975.96
2025-07-24,UK01,UK01-Operating,427898.51
2025-07-25,UK01,UK01-Operating,419262.17
2025-07-28,UK01,UK01-Operating,414971.42
2025-07-29,UK01,UK01-Operating,407561.84
2025-07-30,UK01,UK01-Operating,399002.61
2025-07-31,UK01,UK01-Operating,391950.57
2025-08-01,UK01,UK01-Operating,400644.95
2025-08-04,UK01,UK01-Operating,405016.69
2025-08-05,UK01,UK01-Operating,408550.66
2025-08-06,UK01,UK01-Operating,405274.76
2025-08-07,UK01,UK01-Operating,405388.25
2025-08-08,UK01,UK01-Operating,397140.54
2025-08-11,UK01,UK01-Operating,390379.04
2025-08-12,UK01,UK01-Operating,398408.42
2025-08-13,UK01,UK01-Operating,397376.99
2025-08-14,UK01,UK01-Operating,402171.38
2025-08-15,UK01,UK01-Operating,399142.15
2025-08-18,UK01,UK01-Operating,398273.47
2025-08-19,UK01,UK01-Operating,386394.55
2025-08-20,UK01,UK01-Operating,392949.62
2025-08-21,UK01,UK01-Operating,390703.94
2025-08-22,UK01,UK01-Operating,402747.84
2025-08-25,UK01,UK01-Operating,394244.29
2025-08-26,UK01,UK01-Operating,387627.69
2025-08-27,UK01,UK01-Operating,381421.64
2025-08-28,UK01,UK01-Operating,381279.24
2025-08-29,UK01,UK01-Operating,390941.74
2025-09-01,UK01,UK01-Operating,396715.32
2025-09-02,UK01,UK01-Operating,404375.58
2025-09-03,UK01,UK01-Operating,406527.22
2025-09-04,UK01,UK01-Operating,409602.47
2025-09-05,UK01,UK01-Operating,404289.32
2025-09-08,UK01,UK01-Operating,401244.74
2025-09-09,UK01,UK01-Operating,412381.49
2025-09-10,UK01,UK01-Operating,412631.36
2025-09-11,UK01,UK01-Operating,402798.39
2025-09-12,UK01,UK01-Operating,408702.91
2025-09-15,UK01,UK01-Operating,399772.73
2025-09-16,UK01,UK01-Operating,397714.59
2025-09-17,UK01,UK01-Operating,395026.23
2025-09-18,UK01,UK01-Operating,388021.47
2025-09-19,UK01,UK01-Operating,390703.59
2025-09-22,UK01,UK01-Operating,396355.89
2025-09-23,UK01,UK01-Operating,406557.05
2025-09-24,UK01,UK01-Operating,416896.80
2025-09-25,UK01,UK01-Operating,419962.87
2025-09-26,UK01,UK01-Operating,412024.61
2025-09-29,UK01,UK01-Operating,414215.24
2025-09-30,UK01,UK01-Operating,411428.46
2025-10-01,UK01,UK01-Operating,410806.22
2025-10-02,UK01,UK01-Operating,418741.64
2025-10-03,UK01,UK01-Operating,406984.68
2025-10-06,UK01,UK01-Operating,401145.70
2025-10-07,UK01,UK01-Operating,410937.06
2025-10-08,UK01,UK01-Operating,420089.96
2025-10-09,UK01,UK01-Operating,410568.49
2025-10-10,UK01,UK01-Operating,420185.85
2025-10-13,UK01,UK01-Operating,430388.35
2025-10-14,UK01,UK01-Operating,437134.29
2025-10-15,UK01,UK01-Operating,425776.86
2025-10-16,UK01,UK01-Operating,431497.60
2025-10-17,UK01,UK01-Operating,418592.48
2025-10-20,UK01,UK01-Operating,430603.61
2025-10-21,UK01,UK01-Operating,437098.56
2025-10-22,UK01,UK01-Operating,449601.95
2025-10-23,UK01,UK01-Operating,453184.90
2025-10-24,UK01,UK01-Operating,467067.55
2025-10-27,UK01,UK01-Operating,461428.23
2025-10-28,UK01,UK01-Operating,467918.62
2025-10-29,UK01,UK01-Operating,471576.50
2025-10-30,UK01,UK01-Operating,457677.57
2025-10-31,UK01,UK01-Operating,448317.68
2025-11-03,UK01,UK01-Operating,459093.82
2025-11-04,UK01,UK01-Operating,449849.21
2025-11-05,UK01,UK01-Operating,458938.00
2025-11-06,UK01,UK01-Operating,464291.98
2025-11-07,UK01,UK01-Operating,466177.41
2025-11-10,UK01,UK01-Operating,468682.91
2025-11-11,UK01,UK01-Operating,456403.78
2025-11-12,UK01,UK01-Operating,450734.49
2025-11-13,UK01,UK01-Operating,463662.86
2025-11-14,UK01,UK01-Operating,463949.18
2025-11-17,UK01,UK01-Operating,468160.65
2025-11-18,UK01,UK01-Operating,456362.31
2025-11-19,UK01,UK01-Operating,457986.06
2025-11-20,UK01,UK01-Operating,455255.81
2025-11-21,UK01,UK01-Operating,459167.51
2025-11-24,UK01,UK01-Operating,461591.01
2025-11-25,UK01,UK01-Operating,457088.98
2025-11-26,UK01,UK01-Operating,467634.38
2025-11-27,UK01,UK01-Operating,479561.36
2025-11-28,UK01,UK01-Operating,491291.42
2025-12-01,UK01,UK01-Operating,492529.08
2025-12-02,UK01,UK01-Operating,485790.80
2025-12-03,UK01,UK01-Operating,487715.93
2025-12-04,UK01,UK01-Operating,492168.46
2025-12-05,UK01,UK01-Operating,505973.82
2025-12-08,UK01,UK01-Operating,516538.53
2025-12-09,UK01,UK01-Operating,525039.56
2025-12-10,UK01,UK01-Operating,531596.40
2025-12-11,UK01,UK01-Operating,539031.74
2025-12-12,UK01,UK01-Operating,535466.66
2025-12-15,UK01,UK01-Operating,550658.78
2025-12-16,UK01,UK01-Operating,556997.00
2025-12-17,UK01,UK01-Operating,571763.44
2025-12-18,UK01,UK01-Operating,579231.20
2025-12-19,UK01,UK01-Operating,568947.69
2025-12-22,UK01,UK01-Operating,567782.25
2025-12-23,UK01,UK01-Operating,579550.45
2025-12-24,UK01,UK01-Operating,590942.01
2025-12-25,UK01,UK01-Operating,578831.17
2025-12-26,UK01,UK01-Operating,579737.12
2025-12-29,UK01,UK01-Operating,571346.74
2025-12-30,UK01,UK01-Operating,567224.77
2025-12-31,UK01,UK01-Operating,584459.64
2024-01-01,UK01,UK01-Payroll,74585.52
2024-01-02,UK01,UK01-Payroll,74797.56
2024-01-03,UK01,UK01-Payroll,73572.38
2024-01-04,UK01,UK01-Payroll,75630.76
2024-01-05,UK01,UK01-Payroll,74172.30
2024-01-08,UK01,UK01-Payroll,76384.02
2024-01-09,UK01,UK01-Payroll,74348.33
2024-01-10,UK01,UK01-Payroll,76649.37
2024-01-11,UK01,UK01-Payroll,76371.14
2024-01-12,UK01,UK01-Payroll,76248.81
2024-01-15,UK01,UK01-Payroll,78073.46
2024-01-16,UK01,UK01-Payroll,76924.46
2024-01-17,UK01,UK01-Payroll,77716.63
2024-01-18,UK01,UK01-Payroll,79765.42
2024-01-19,UK01,UK01-Payroll,78098.61
2024-01-22,UK01,UK01-Payroll,77877.03
2024-01-23,UK01,UK01-Payroll,78411.09
2024-01-24,UK01,UK01-Payroll,77041.26
2024-01-25,UK01,UK01-Payroll,79257.82
2024-01-26,UK01,UK01-Payroll,77488.89
2024-01-29,UK01,UK01-Payroll,79207.85
2024-01-30,UK01,UK01-Payroll,77446.27
2024-01-31,UK01,UK01-Payroll,77228.95
2024-02-01,UK01,UK01-Payroll,76104.65
2024-02-02,UK01,UK01-Payroll,77178.23
2024-02-05,UK01,UK01-Payroll,77915.13
2024-02-06,UK01,UK01-Payroll,80259.63
2024-02-07,UK01,UK01-Payroll,80997.84
2024-02-08,UK01,UK01-Payroll,83577.42
2024-02-09,UK01,UK01-Payroll,81779.12
2024-02-12,UK01,UK01-Payroll,82921.43
2024-02-13,UK01,UK01-Payroll,83890.16
2024-02-14,UK01,UK01-Payroll,83170.20
2024-02-15,UK01,UK01-Payroll,85722.30
2024-02-16,UK01,UK01-Payroll,84091.87
2024-02-19,UK01,UK01-Payroll,83835.10
2024-02-20,UK01,UK01-Payroll,82995.87
2024-02-21,UK01,UK01-Payroll,82207.63
2024-02-22,UK01,UK01-Payroll,79828.92
2024-02-23,UK01,UK01-Payroll,80748.86
2024-02-26,UK01,UK01-Payroll,82474.83
2024-02-27,UK01,UK01-Payroll,81476.94
2024-02-28,UK01,UK01-Payroll,83434.29
2024-02-29,UK01,UK01-Payroll,85640.46
2024-03-01,UK01,UK01-Payroll,86141.55
2024-03-04,UK01,UK01-Payroll,84021.39
2024-03-05,UK01,UK01-Payroll,82345.57
2024-03-06,UK01,UK01-Payroll,83238.92
2024-03-07,UK01,UK01-Payroll,85783.54
2024-03-08,UK01,UK01-Payroll,86655.20
2024-03-11,UK01,UK01-Payroll,87747.23
2024-03-12,UK01,UK01-Payroll,87931.43
2024-03-13,UK01,UK01-Payroll,86090.18
2024-03-14,UK01,UK01-Payroll,88540.06
2024-03-15,UK01,UK01-Payroll,88164.91
2024-03-18,UK01,UK01-Payroll,86818.07
2024-03-19,UK01,UK01-Payroll,87956.92
2024-03-20,UK01,UK01-Payroll,87287.50
2024-03-21,UK01,UK01-Payroll,86311.45
2024-03-22,UK01,UK01-Payroll,85259.89
2024-03-25,UK01,UK01-Payroll,85989.91
2024-03-26,UK01,UK01-Payroll,84661.90
2024-03-27,UK01,UK01-Payroll,82691.51
2024-03-28,UK01,UK01-Payroll,84670.44
2024-03-29,UK01,UK01-Payroll,85316.00
2024-04-01,UK01,UK01-Payroll,84095.07
2024-04-02,UK01,UK01-Payroll,84081.77
2024-04-03,UK01,UK01-Payroll,85691.35
2024-04-04,UK01,UK01-Payroll,88021.71
2024-04-05,UK01,UK01-Payroll,90602.96
2024-04-08,UK01,UK01-Payroll,91867.79
2024-04-09,UK01,UK01-Payroll,94004.57
2024-04-10,UK01,UK01-Payroll,96521.01
2024-04-11,UK01,UK01-Payroll,98680.55
2024-04-12,UK01,UK01-Payroll,98737.77
2024-04-15,UK01,UK01-Payroll,100445.45
2024-04-16,UK01,UK01-Payroll,98181.75
2024-04-17,UK01,UK01-Payroll,97007.34
2024-04-18,UK01,UK01-Payroll,95765.49
2024-04-19,UK01,UK01-Payroll,97068.17
2024-04-22,UK01,UK01-Payroll,95172.84
2024-04-23,UK01,UK01-Payroll,97722.18
2024-04-24,UK01,UK01-Payroll,99057.38
2024-04-25,UK01,UK01-Payroll,101484.12
2024-04-26,UK01,UK01-Payroll,103297.89
2024-04-29,UK01,UK01-Payroll,105606.54
2024-04-30,UK01,UK01-Payroll,107862.06
2024-05-01,UK01,UK01-Payroll,107464.73
2024-05-02,UK01,UK01-Payroll,107041.61
2024-05-03,UK01,UK01-Payroll,107283.90
2024-05-06,UK01,UK01-Payroll,107595.64
2024-05-07,UK01,UK01-Payroll,105278.37
2024-05-08,UK01,UK01-Payroll,103202.08
2024-05-09,UK01,UK01-Payroll,100174.68
2024-05-10,UK01,UK01-Payroll,101244.26
2024-05-13,UK01,UK01-Payroll,102366.94
2024-05-14,UK01,UK01-Payroll,100320.71
2024-05-15,UK01,UK01-Payroll,99194.08
2024-05-16,UK01,UK01-Payroll,96369.60
2024-05-17,UK01,UK01-Payroll,96586.92
2024-05-20,UK01,UK01-Payroll,98643.02
2024-05-21,UK01,UK01-Payroll,97591.85
2024-05-22,UK01,UK01-Payroll,98422.54
2024-05-23,UK01,UK01-Payroll,97442.15
2024-05-24,UK01,UK01-Payroll,95032.43
2024-05-27,UK01,UK01-Payroll,96255.40
2024-05-28,UK01,UK01-Payroll,95873.26
2024-05-29,UK01,UK01-Payroll,97051.12
2024-05-30,UK01,UK01-Payroll,98381.15
2024-05-31,UK01,UK01-Payroll,97721.92
2024-06-03,UK01,UK01-Payroll,99346.53
2024-06-04,UK01,UK01-Payroll,99523.41
2024-06-05,UK01,UK01-Payroll,102135.34
2024-06-06,UK01,UK01-Payroll,101473.76
2024-06-07,UK01,UK01-Payroll,102512.32
2024-06-10,UK01,UK01-Payroll,104174.99
2024-06-11,UK01,UK01-Payroll,102219.76
2024-06-12,UK01,UK01-Payroll,104744.86
2024-06-13,UK01,UK01-Payroll,101731.72
2024-06-14,UK01,UK01-Payroll,101202.88
2024-06-17,UK01,UK01-Payroll,98607.22
2024-06-18,UK01,UK01-Payroll,100470.22
2024-06-19,UK01,UK01-Payroll,98853.66
2024-06-20,UK01,UK01-Payroll,96127.79
2024-06-21,UK01,UK01-Payroll,97953.23
2024-06-24,UK01,UK01-Payroll,97620.74
2024-06-25,UK01,UK01-Payroll,98594.19
2024-06-26,UK01,UK01-Payroll,98509.17
2024-06-27,UK01,UK01-Payroll,100735.56
2024-06-28,UK01,UK01-Payroll,99379.21
2024-07-01,UK01,UK01-Payroll,99424.57
2024-07-02,UK01,UK01-Payroll,99546.27
2024-07-03,UK01,UK01-Payroll,97672.32
2024-07-04,UK01,UK01-Payroll,97312.64
2024-07-05,UK01,UK01-Payroll,96220.69
2024-07-08,UK01,UK01-Payroll,98092.03
2024-07-09,UK01,UK01-Payroll,95490.24
2024-07-10,UK01,UK01-Payroll,97364.44
2024-07-11,UK01,UK01-Payroll,95332.03
2024-07-12,UK01,UK01-Payroll,98003.27
2024-07-15,UK01,UK01-Payroll,99188.89
2024-07-16,UK01,UK01-Payroll,99060.03
2024-07-17,UK01,UK01-Payroll,99542.87
2024-07-18,UK01,UK01-Payroll,102686.96
2024-07-19,UK01,UK01-Payroll,101176.93
2024-07-22,UK01,UK01-Payroll,102904.44
2024-07-23,UK01,UK01-Payroll,104439.30
2024-07-24,UK01,UK01-Payroll,102971.12
2024-07-25,UK01,UK01-Payroll,102154.44
2024-07-26,UK01,UK01-Payroll,101378.37
2024-07-29,UK01,UK01-Payroll,103867.97
2024-07-30,UK01,UK01-Payroll,106521.52
2024-07-31,UK01,UK01-Payroll,105339.02
2024-08-01,UK01,UK01-Payroll,103816.47
2024-08-02,UK01,UK01-Payroll,106104.93
2024-08-05,UK01,UK01-Payroll,109173.27
2024-08-06,UK01,UK01-Payroll,106617.63
2024-08-07,UK01,UK01-Payroll,103561.39
2024-08-08,UK01,UK01-Payroll,106123.52
2024-08-09,UK01,UK01-Payroll,105025.86
2024-08-12,UK01,UK01-Payroll,105897.34
2024-08-13,UK01,UK01-Payroll,106868.90
2024-08-14,UK01,UK01-Payroll,105314.14
2024-08-15,UK01,UK01-Payroll,108174.20
2024-08-16,UK01,UK01-Payroll,105529.45
2024-08-19,UK01,UK01-Payroll,102989.33
2024-08-20,UK01,UK01-Payroll,100429.23
2024-08-21,UK01,UK01-Payroll,98737.95
2024-08-22,UK01,UK01-Payroll,100497.31
2024-08-23,UK01,UK01-Payroll,98681.06
2024-08-26,UK01,UK01-Payroll,101787.93
2024-08-27,UK01,UK01-Payroll,103161.02
2024-08-28,UK01,UK01-Payroll,104847.37
2024-08-29,UK01,UK01-Payroll,103104.49
2024-08-30,UK01,UK01-Payroll,100789.90
2024-09-02,UK01,UK01-Payroll,102058.15
2024-09-03,UK01,UK01-Payroll,103631.58
2024-09-04,UK01,UK01-Payroll,106175.25
2024-09-05,UK01,UK01-Payroll,106833.32
2024-09-06,UK01,UK01-Payroll,104242.09
2024-09-09,UK01,UK01-Payroll,105954.05
2024-09-10,UK01,UK01-Payroll,108547.42
2024-09-11,UK01,UK01-Payroll,106641.47
2024-09-12,UK01,UK01-Payroll,108613.33
2024-09-13,UK01,UK01-Payroll,108274.93
2024-09-16,UK01,UK01-Payroll,108117.80
2024-09-17,UK01,UK01-Payroll,107866.19
2024-09-18,UK01,UK01-Payroll,108848.53
2024-09-19,UK01,UK01-Payroll,110042.89
2024-09-20,UK01,UK01-Payroll,108546.79
2024-09-23,UK01,UK01-Payroll,108802.53
2024-09-24,UK01,UK01-Payroll,109548.66
2024-09-25,UK01,UK01-Payroll,112846.02
2024-09-26,UK01,UK01-Payroll,111388.18
2024-09-27,UK01,UK01-Payroll,112423.45
2024-09-30,UK01,UK01-Payroll,113375.31
2024-10-01,UK01,UK01-Payroll,116597.49
2024-10-02,UK01,UK01-Payroll,118925.60
2024-10-03,UK01,UK01-Payroll,121718.82
2024-10-04,UK01,UK01-Payroll,124817.09
2024-10-07,UK01,UK01-Payroll,125002.99
2024-10-08,UK01,UK01-Payroll,124131.05
2024-10-09,UK01,UK01-Payroll,125855.13
2024-10-10,UK01,UK01-Payroll,124545.63
2024-10-11,UK01,UK01-Payroll,122434.23
2024-10-14,UK01,UK01-Payroll,123955.40
2024-10-15,UK01,UK01-Payroll,120713.48
2024-10-16,UK01,UK01-Payroll,123560.71
2024-10-17,UK01,UK01-Payroll,123373.67
2024-10-18,UK01,UK01-Payroll,122948.86
2024-10-21,UK01,UK01-Payroll,120867.35
2024-10-22,UK01,UK01-Payroll,118857.54
2024-10-23,UK01,UK01-Payroll,120015.79
2024-10-24,UK01,UK01-Payroll,119237.04
2024-10-25,UK01,UK01-Payroll,116376.55
2024-10-28,UK01,UK01-Payroll,119214.27
2024-10-29,UK01,UK01-Payroll,120968.95
2024-10-30,UK01,UK01-Payroll,118574.78
2024-10-31,UK01,UK01-Payroll,120524.72
2024-11-01,UK01,UK01-Payroll,121551.26
2024-11-04,UK01,UK01-Payroll,121235.49
2024-11-05,UK01,UK01-Payroll,121232.01
2024-11-06,UK01,UK01-Payroll,122913.33
2024-11-07,UK01,UK01-Payroll,121024.44
2024-11-08,UK01,UK01-Payroll,121893.80
2024-11-11,UK01,UK01-Payroll,124915.40
2024-11-12,UK01,UK01-Payroll,125116.21
2024-11-13,UK01,UK01-Payroll,123220.29
2024-11-14,UK01,UK01-Payroll,124183.56
2024-11-15,UK01,UK01-Payroll,127497.55
2024-11-18,UK01,UK01-Payroll,130292.31
2024-11-19,UK01,UK01-Payroll,130992.35
2024-11-20,UK01,UK01-Payroll,133972.27
2024-11-21,UK01,UK01-Payroll,133299.50
2024-11-22,UK01,UK01-Payroll,130154.29
2024-11-25,UK01,UK01-Payroll,126876.51
2024-11-26,UK01,UK01-Payroll,124652.15
2024-11-27,UK01,UK01-Payroll,125936.98
2024-11-28,UK01,UK01-Payroll,129589.49
2024-11-29,UK01,UK01-Payroll,127819.57
2024-12-02,UK01,UK01-Payroll,126536.61
2024-12-03,UK01,UK01-Payroll,128264.68
2024-12-04,UK01,UK01-Payroll,128232.87
2024-12-05,UK01,UK01-Payroll,130319.91
2024-12-06,UK01,UK01-Payroll,127343.25
2024-12-09,UK01,UK01-Payroll,125880.49
2024-12-10,UK01,UK01-Payroll,125028.73
2024-12-11,UK01,UK01-Payroll,122206.02
2024-12-12,UK01,UK01-Payroll,122962.94
2024-12-13,UK01,UK01-Payroll,123997.86
2024-12-16,UK01,UK01-Payroll,127796.62
2024-12-17,UK01,UK01-Payroll,124072.15
2024-12-18,UK01,UK01-Payroll,127583.58
2024-12-19,UK01,UK01-Payroll,131292.65
2024-12-20,UK01,UK01-Payroll,132602.49
2024-12-23,UK01,UK01-Payroll,134537.17
2024-12-24,UK01,UK01-Payroll,134185.54
2024-12-25,UK01,UK01-Payroll,131936.21
2024-12-26,UK01,UK01-Payroll,127995.12
2024-12-27,UK01,UK01-Payroll,126825.89
2024-12-30,UK01,UK01-Payroll,127874.42
2024-12-31,UK01,UK01-Payroll,128697.26
2025-01-01,UK01,UK01-Payroll,125018.77
2025-01-02,UK01,UK01-Payroll,121785.26
2025-01-03,UK01,UK01-Payroll,125404.22
2025-01-06,UK01,UK01-Payroll,126488.04
2025-01-07,UK01,UK01-Payroll,124962.69
2025-01-08,UK01,UK01-Payroll,121742.50
2025-01-09,UK01,UK01-Payroll,118518.86
2025-01-10,UK01,UK01-Payroll,117504.01
2025-01-13,UK01,UK01-Payroll,120235.20
2025-01-14,UK01,UK01-Payroll,119894.91
2025-01-15,UK01,UK01-Payroll,119323.82
2025-01-16,UK01,UK01-Payroll,122955.98
2025-01-17,UK01,UK01-Payroll,125697.55
2025-01-20,UK01,UK01-Payroll,128374.37
2025-01-21,UK01,UK01-Payroll,131064.55
2025-01-22,UK01,UK01-Payroll,130417.46
2025-01-23,UK01,UK01-Payroll,133736.09
2025-01-24,UK01,UK01-Payroll,131754.55
2025-01-27,UK01,UK01-Payroll,131002.04
2025-01-28,UK01,UK01-Payroll,127161.79
2025-01-29,UK01,UK01-Payroll,127539.62
2025-01-30,UK01,UK01-Payroll,127864.30
2025-01-31,UK01,UK01-Payroll,129917.87
2025-02-03,UK01,UK01-Payroll,127735.61
2025-02-04,UK01,UK01-Payroll,126126.34
2025-02-05,UK01,UK01-Payroll,125361.96
2025-02-06,UK01,UK01-Payroll,128531.37
2025-02-07,UK01,UK01-Payroll,131267.44
2025-02-10,UK01,UK01-Payroll,134396.09
2025-02-11,UK01,UK01-Payroll,132060.78
2025-02-12,UK01,UK01-Payroll,133352.93
2025-02-13,UK01,UK01-Payroll,131030.21
2025-02-14,UK01,UK01-Payroll,131221.48
2025-02-17,UK01,UK01-Payroll,134086.90
2025-02-18,UK01,UK01-Payroll,134013.30
2025-02-19,UK01,UK01-Payroll,137834.59
2025-02-20,UK01,UK01-Payroll,141475.65
2025-02-21,UK01,UK01-Payroll,138963.34
2025-02-24,UK01,UK01-Payroll,136634.72
2025-02-25,UK01,UK01-Payroll,136939.17
2025-02-26,UK01,UK01-Payroll,137447.63
2025-02-27,UK01,UK01-Payroll,141709.44
2025-02-28,UK01,UK01-Payroll,138858.07
2025-03-03,UK01,UK01-Payroll,142474.75
2025-03-04,UK01,UK01-Payroll,142290.99
2025-03-05,UK01,UK01-Payroll,140322.34
2025-03-06,UK01,UK01-Payroll,142815.15
2025-03-07,UK01,UK01-Payroll,139902.95
2025-03-10,UK01,UK01-Payroll,142937.19
2025-03-11,UK01,UK01-Payroll,139464.17
2025-03-12,UK01,UK01-Payroll,141213.75
2025-03-13,UK01,UK01-Payroll,143781.20
2025-03-14,UK01,UK01-Payroll,141950.96
2025-03-17,UK01,UK01-Payroll,143556.33
2025-03-18,UK01,UK01-Payroll,147488.25
2025-03-19,UK01,UK01-Payroll,143309.55
2025-03-20,UK01,UK01-Payroll,147788.05
2025-03-21,UK01,UK01-Payroll,146826.24
2025-03-24,UK01,UK01-Payroll,143085.61
2025-03-25,UK01,UK01-Payroll,146625.51
2025-03-26,UK01,UK01-Payroll,151264.36
2025-03-27,UK01,UK01-Payroll,152375.28
2025-03-28,UK01,UK01-Payroll,153629.41
2025-03-31,UK01,UK01-Payroll,153215.58
2025-04-01,UK01,UK01-Payroll,156237.49
2025-04-02,UK01,UK01-Payroll,160460.59
2025-04-03,UK01,UK01-Payroll,160537.02
2025-04-04,UK01,UK01-Payroll,160800.12
2025-04-07,UK01,UK01-Payroll,164884.92
2025-04-08,UK01,UK01-Payroll,169133.14
2025-04-09,UK01,UK01-Payroll,169026.11
2025-04-10,UK01,UK01-Payroll,167660.36
2025-04-11,UK01,UK01-Payroll,168044.59
2025-04-14,UK01,UK01-Payroll,167891.80
2025-04-15,UK01,UK01-Payroll,164580.48
2025-04-16,UK01,UK01-Payroll,165583.00
2025-04-17,UK01,UK01-Payroll,164692.94
2025-04-18,UK01,UK01-Payroll,166489.18
2025-04-21,UK01,UK01-Payroll,162017.38
2025-04-22,UK01,UK01-Payroll,164567.34
2025-04-23,UK01,UK01-Payroll,161303.24
2025-04-24,UK01,UK01-Payroll,162741.71
2025-04-25,UK01,UK01-Payroll,162582.37
2025-04-28,UK01,UK01-Payroll,164321.32
2025-04-29,UK01,UK01-Payroll,161265.37
2025-04-30,UK01,UK01-Payroll,163266.93
2025-05-01,UK01,UK01-Payroll,162591.50
2025-05-02,UK01,UK01-Payroll,164033.92
2025-05-05,UK01,UK01-Payroll,167233.77
2025-05-06,UK01,UK01-Payroll,169182.42
2025-05-07,UK01,UK01-Payroll,165309.70
2025-05-08,UK01,UK01-Payroll,164006.01
2025-05-09,UK01,UK01-Payroll,163289.99
2025-05-12,UK01,UK01-Payroll,160508.89
2025-05-13,UK01,UK01-Payroll,158766.79
2025-05-14,UK01,UK01-Payroll,157372.18
2025-05-15,UK01,UK01-Payroll,157843.00
2025-05-16,UK01,UK01-Payroll,160822.05
2025-05-19,UK01,UK01-Payroll,161129.34
2025-05-20,UK01,UK01-Payroll,165289.21
2025-05-21,UK01,UK01-Payroll,163050.53
2025-05-22,UK01,UK01-Payroll,158738.85
2025-05-23,UK01,UK01-Payroll,154355.11
2025-05-26,UK01,UK01-Payroll,151774.31
2025-05-27,UK01,UK01-Payroll,147984.72
2025-05-28,UK01,UK01-Payroll,146437.50
2025-05-29,UK01,UK01-Payroll,143676.53
2025-05-30,UK01,UK01-Payroll,143707.11
2025-06-02,UK01,UK01-Payroll,144090.51
2025-06-03,UK01,UK01-Payroll,144857.57
2025-06-04,UK01,UK01-Payroll,147049.80
2025-06-05,UK01,UK01-Payroll,145882.20
2025-06-06,UK01,UK01-Payroll,147494.87
2025-06-09,UK01,UK01-Payroll,152051.03
2025-06-10,UK01,UK01-Payroll,150175.70
2025-06-11,UK01,UK01-Payroll,149834.11
2025-06-12,UK01,UK01-Payroll,150418.33
2025-06-13,UK01,UK01-Payroll,151713.76
2025-06-16,UK01,UK01-Payroll,147569.45
2025-06-17,UK01,UK01-Payroll,151174.01
2025-06-18,UK01,UK01-Payroll,148346.15
2025-06-19,UK01,UK01-Payroll,152641.77
2025-06-20,UK01,UK01-Payroll,154090.50
2025-06-23,UK01,UK01-Payroll,156471.35
2025-06-24,UK01,UK01-Payroll,159923.43
2025-06-25,UK01,UK01-Payroll,164421.07
2025-06-26,UK01,UK01-Payroll,166993.30
2025-06-27,UK01,UK01-Payroll,171093.20
2025-06-30,UK01,UK01-Payroll,171026.42
2025-07-01,UK01,UK01-Payroll,170106.39
2025-07-02,UK01,UK01-Payroll,172831.36
2025-07-03,UK01,UK01-Payroll,172563.49
2025-07-04,UK01,UK01-Payroll,173561.10
2025-07-07,UK01,UK01-Payroll,169185.17
2025-07-08,UK01,UK01-Payroll,170354.09
2025-07-09,UK01,UK01-Payroll,166552.18
2025-07-10,UK01,UK01-Payroll,163460.67
2025-07-11,UK01,UK01-Payroll,161791.41
2025-07-14,UK01,UK01-Payroll,164072.07
2025-07-15,UK01,UK01-Payroll,160386.18
2025-07-16,UK01,UK01-Payroll,165173.55
2025-07-17,UK01,UK01-Payroll,165205.17
2025-07-18,UK01,UK01-Payroll,160707.81
2025-07-21,UK01,UK01-Payroll,159059.24
2025-07-22,UK01,UK01-Payroll,156354.15
2025-07-23,UK01,UK01-Payroll,159111.86
2025-07-24,UK01,UK01-Payroll,161350.87
2025-07-25,UK01,UK01-Payroll,159295.45
2025-07-28,UK01,UK01-Payroll,159407.70
2025-07-29,UK01,UK01-Payroll,164112.61
2025-07-30,UK01,UK01-Payroll,159767.29
2025-07-31,UK01,UK01-Payroll,161483.79
2025-08-01,UK01,UK01-Payroll,157242.51
2025-08-04,UK01,UK01-Payroll,154844.11
2025-08-05,UK01,UK01-Payroll,152001.34
2025-08-06,UK01,UK01-Payroll,156807.52
2025-08-07,UK01,UK01-Payroll,161440.40
2025-08-08,UK01,UK01-Payroll,164324.31
2025-08-11,UK01,UK01-Payroll,163716.38
2025-08-12,UK01,UK01-Payroll,166477.19
2025-08-13,UK01,UK01-Payroll,168578.04
2025-08-14,UK01,UK01-Payroll,165066.96
2025-08-15,UK01,UK01-Payroll,168339.63
2025-08-18,UK01,UK01-Payroll,168754.10
2025-08-19,UK01,UK01-Payroll,167719.82
2025-08-20,UK01,UK01-Payroll,165619.12
2025-08-21,UK01,UK01-Payroll,169063.20
2025-08-22,UK01,UK01-Payroll,168461.67
2025-08-25,UK01,UK01-Payroll,169185.89
2025-08-26,UK01,UK01-Payroll,167252.51
2025-08-27,UK01,UK01-Payroll,168054.27
2025-08-28,UK01,UK01-Payroll,164041.87
2025-08-29,UK01,UK01-Payroll,161159.10
2025-09-01,UK01,UK01-Payroll,164054.41
2025-09-02,UK01,UK01-Payroll,167759.97
2025-09-03,UK01,UK01-Payroll,167029.47
2025-09-04,UK01,UK01-Payroll,167022.76
2025-09-05,UK01,UK01-Payroll,169641.13
2025-09-08,UK01,UK01-Payroll,168050.04
2025-09-09,UK01,UK01-Payroll,172952.69
2025-09-10,UK01,UK01-Payroll,176519.43
2025-09-11,UK01,UK01-Payroll,177480.17
2025-09-12,UK01,UK01-Payroll,178300.24
2025-09-15,UK01,UK01-Payroll,174731.85
2025-09-16,UK01,UK01-Payroll,179109.56
2025-09-17,UK01,UK01-Payroll,174426.97
2025-09-18,UK01,UK01-Payroll,176689.61
2025-09-19,UK01,UK01-Payroll,179413.06
2025-09-22,UK01,UK01-Payroll,183560.15
2025-09-23,UK01,UK01-Payroll,180777.74
2025-09-24,UK01,UK01-Payroll,179273.19
2025-09-25,UK01,UK01-Payroll,176516.71
2025-09-26,UK01,UK01-Payroll,180364.80
2025-09-29,UK01,UK01-Payroll,182446.66
2025-09-30,UK01,UK01-Payroll,186756.73
2025-10-01,UK01,UK01-Payroll,184651.04
2025-10-02,UK01,UK01-Payroll,188714.26
2025-10-03,UK01,UK01-Payroll,191541.37
2025-10-06,UK01,UK01-Payroll,194719.14
2025-10-07,UK01,UK01-Payroll,193165.98
2025-10-08,UK01,UK01-Payroll,195404.54
2025-10-09,UK01,UK01-Payroll,200025.50
2025-10-10,UK01,UK01-Payroll,195094.63
2025-10-13,UK01,UK01-Payroll,201282.24
2025-10-14,UK01,UK01-Payroll,198353.58
2025-10-15,UK01,UK01-Payroll,202856.41
2025-10-16,UK01,UK01-Payroll,204447.18
2025-10-17,UK01,UK01-Payroll,209166.55
2025-10-20,UK01,UK01-Payroll,203408.99
2025-10-21,UK01,UK01-Payroll,197567.09
2025-10-22,UK01,UK01-Payroll,193871.55
2025-10-23,UK01,UK01-Payroll,194745.86
2025-10-24,UK01,UK01-Payroll,200580.76
2025-10-27,UK01,UK01-Payroll,196949.10
2025-10-28,UK01,UK01-Payroll,196633.12
2025-10-29,UK01,UK01-Payroll,193189.87
2025-10-30,UK01,UK01-Payroll,192532.53
2025-10-31,UK01,UK01-Payroll,191978.30
2025-11-03,UK01,UK01-Payroll,194861.77
2025-11-04,UK01,UK01-Payroll,196060.27
2025-11-05,UK01,UK01-Payroll,200411.34
2025-11-06,UK01,UK01-Payroll,205448.20
2025-11-07,UK01,UK01-Payroll,211208.53
2025-11-10,UK01,UK01-Payroll,205249.09
2025-11-11,UK01,UK01-Payroll,208745.42
2025-11-12,UK01,UK01-Payroll,214741.08
2025-11-13,UK01,UK01-Payroll,217441.87
2025-11-14,UK01,UK01-Payroll,217940.84
2025-11-17,UK01,UK01-Payroll,224494.72
2025-11-18,UK01,UK01-Payroll,222714.95
2025-11-19,UK01,UK01-Payroll,227980.97
2025-11-20,UK01,UK01-Payroll,222880.93
2025-11-21,UK01,UK01-Payroll,226046.61
2025-11-24,UK01,UK01-Payroll,224155.73
2025-11-25,UK01,UK01-Payroll,230702.76
2025-11-26,UK01,UK01-Payroll,230688.17
2025-11-27,UK01,UK01-Payroll,233151.17
2025-11-28,UK01,UK01-Payroll,229625.56
2025-12-01,UK01,UK01-Payroll,227873.19
2025-12-02,UK01,UK01-Payroll,234424.76
2025-12-03,UK01,UK01-Payroll,227898.74
2025-12-04,UK01,UK01-Payroll,228272.07
2025-12-05,UK01,UK01-Payroll,221820.93
2025-12-08,UK01,UK01-Payroll,228508.23
2025-12-09,UK01,UK01-Payroll,226244.75
2025-12-10,UK01,UK01-Payroll,220575.68
2025-12-11,UK01,UK01-Payroll,223768.74
2025-12-12,UK01,UK01-Payroll,223384.87
2025-12-15,UK01,UK01-Payroll,217549.06
2025-12-16,UK01,UK01-Payroll,217887.55
2025-12-17,UK01,UK01-Payroll,213420.11
2025-12-18,UK01,UK01-Payroll,209360.40
2025-12-19,UK01,UK01-Payroll,209699.96
2025-12-22,UK01,UK01-Payroll,208116.01
2025-12-23,UK01,UK01-Payroll,206926.00
2025-12-24,UK01,UK01-Payroll,213006.88
2025-12-25,UK01,UK01-Payroll,216267.83
2025-12-26,UK01,UK01-Payroll,222920.72
2025-12-29,UK01,UK01-Payroll,224326.58
2025-12-30,UK01,UK01-Payroll,218582.95
2025-12-31,UK01,UK01-Payroll,213694.11
2024-01-01,CA01,CA01-Operating,524773.89
2024-01-02,CA01,CA01-Operating,511571.80
2024-01-03,CA01,CA01-Operating,521241.05
2024-01-04,CA01,CA01-Operating,536863.93
2024-01-05,CA01,CA01-Operating,548781.17
2024-01-08,CA01,CA01-Operating,541792.18
2024-01-09,CA01,CA01-Operating,535859.19
2024-01-10,CA01,CA01-Operating,521754.62
2024-01-11,CA01,CA01-Operating,534248.72
2024-01-12,CA01,CA01-Operating,522810.05
2024-01-15,CA01,CA01-Operating,527888.18
2024-01-16,CA01,CA01-Operating,514245.84
2024-01-17,CA01,CA01-Operating,522493.83
2024-01-18,CA01,CA01-Operating,514467.53
2024-01-19,CA01,CA01-Operating,503676.29
2024-01-22,CA01,CA01-Operating,503383.95
2024-01-23,CA01,CA01-Operating,497276.58
2024-01-24,CA01,CA01-Operating,489917.24
2024-01-25,CA01,CA01-Operating,483257.52
2024-01-26,CA01,CA01-Operating,496621.59
2024-01-29,CA01,CA01-Operating,492482.43
2024-01-30,CA01,CA01-Operating,502492.12
2024-01-31,CA01,CA01-Operating,509991.01
2024-02-01,CA01,CA01-Operating,511399.18
2024-02-02,CA01,CA01-Operating,496293.58
2024-02-05,CA01,CA01-Operating,507016.04
2024-02-06,CA01,CA01-Operating,522263.40
2024-02-07,CA01,CA01-Operating,511006.17
2024-02-08,CA01,CA01-Operating,517593.01
2024-02-09,CA01,CA01-Operating,507306.64
2024-02-12,CA01,CA01-Operating,510843.24
2024-02-13,CA01,CA01-Operating,524517.30
2024-02-14,CA01,CA01-Operating,520976.08
2024-02-15,CA01,CA01-Operating,537432.56
2024-02-16,CA01,CA01-Operating,538272.32
2024-02-19,CA01,CA01-Operating,530944.00
2024-02-20,CA01,CA01-Operating,526245.39
2024-02-21,CA01,CA01-Operating,519025.86
2024-02-22,CA01,CA01-Operating,520800.44
2024-02-23,CA01,CA01-Operating,525546.97
2024-02-26,CA01,CA01-Operating,512722.56
2024-02-27,CA01,CA01-Operating,513829.98
2024-02-28,CA01,CA01-Operating,501423.20
2024-02-29,CA01,CA01-Operating,489444.57
2024-03-01,CA01,CA01-Operating,487928.77
2024-03-04,CA01,CA01-Operating,479046.40
2024-03-05,CA01,CA01-Operating,479347.33
2024-03-06,CA01,CA01-Operating,467451.60
2024-03-07,CA01,CA01-Operating,468503.13
2024-03-08,CA01,CA01-Operating,467153.86
2024-03-11,CA01,CA01-Operating,456559.16
2024-03-12,CA01,CA01-Operating,459933.64
2024-03-13,CA01,CA01-Operating,451759.00
2024-03-14,CA01,CA01-Operating,451276.59
2024-03-15,CA01,CA01-Operating,445054.39
2024-03-18,CA01,CA01-Operating,438860.78
2024-03-19,CA01,CA01-Operating,452060.67
2024-03-20,CA01,CA01-Operating,456909.72
2024-03-21,CA01,CA01-Operating,445773.51
2024-03-22,CA01,CA01-Operating,434686.85
2024-03-25,CA01,CA01-Operating,437043.27
2024-03-26,CA01,CA01-Operating,443288.02
2024-03-27,CA01,CA01-Operating,444991.96
2024-03-28,CA01,CA01-Operating,442391.77
2024-03-29,CA01,CA01-Operating,440876.31
2024-04-01,CA01,CA01-Operating,451259.52
2024-04-02,CA01,CA01-Operating,454970.05
2024-04-03,CA01,CA01-Operating,453131.88
2024-04-04,CA01,CA01-Operating,450446.38
2024-04-05,CA01,CA01-Operating,454104.62
2024-04-08,CA01,CA01-Operating,442445.48
2024-04-09,CA01,CA01-Operating,430947.17
2024-04-10,CA01,CA01-Operating,432107.13
2024-04-11,CA01,CA01-Operating,438655.42
2024-04-12,CA01,CA01-Operating,451152.86
2024-04-15,CA01,CA01-Operating,464448.19
2024-04-16,CA01,CA01-Operating,457782.25
2024-04-17,CA01,CA01-Operating,465420.97
2024-04-18,CA01,CA01-Operating,459205.41
2024-04-19,CA01,CA01-Operating,466674.01
2024-04-22,CA01,CA01-Operating,459049.35
2024-04-23,CA01,CA01-Operating,446031.46
2024-04-24,CA01,CA01-Operating,453623.49
2024-04-25,CA01,CA01-Operating,458367.06
2024-04-26,CA01,CA01-Operating,457027.56
2024-04-29,CA01,CA01-Operating,464470.32
2024-04-30,CA01,CA01-Operating,470940.67
2024-05-01,CA01,CA01-Operating,477942.34
2024-05-02,CA01,CA01-Operating,483332.47
2024-05-03,CA01,CA01-Operating,479105.39
2024-05-06,CA01,CA01-Operating,488283.70
2024-05-07,CA01,CA01-Operating,484359.01
2024-05-08,CA01,CA01-Operating,479082.13
2024-05-09,CA01,CA01-Operating,470827.48
2024-05-10,CA01,CA01-Operating,459444.83
2024-05-13,CA01,CA01-Operating,460290.81
2024-05-14,CA01,CA01-Operating,446741.53
2024-05-15,CA01,CA01-Operating,442113.88
2024-05-16,CA01,CA01-Operating,431230.77
2024-05-17,CA01,CA01-Operating,424873.63
2024-05-20,CA01,CA01-Operating,431191.41
2024-05-21,CA01,CA01-Operating,440648.32
2024-05-22,CA01,CA01-Operating,454256.89
2024-05-23,CA01,CA01-Operating,449168.52
2024-05-24,CA01,CA01-Operating,455075.64
2024-05-27,CA01,CA01-Operating,442762.59
2024-05-28,CA01,CA01-Operating,451534.27
2024-05-29,CA01,CA01-Operating,454991.49
2024-05-30,CA01,CA01-Operating,457064.39
2024-05-31,CA01,CA01-Operating,463217.29
2024-06-03,CA01,CA01-Operating,466932.70
2024-06-04,CA01,CA01-Operating,472765.81
2024-06-05,CA01,CA01-Operating,460308.68
2024-06-06,CA01,CA01-Operating,468375.22
2024-06-07,CA01,CA01-Operating,475603.17
2024-06-10,CA01,CA01-Operating,472072.22
2024-06-11,CA01,CA01-Operating,484838.25
2024-06-12,CA01,CA01-Operating,472874.49
2024-06-13,CA01,CA01-Operating,485062.75
2024-06-14,CA01,CA01-Operating,486056.64
2024-06-17,CA01,CA01-Operating,480351.39
2024-06-18,CA01,CA01-Operating,476332.08
2024-06-19,CA01,CA01-Operating,467999.95
2024-06-20,CA01,CA01-Operating,469905.68
2024-06-21,CA01,CA01-Operating,474112.22
2024-06-24,CA01,CA01-Operating,477459.57
2024-06-25,CA01,CA01-Operating,485881.70
2024-06-26,CA01,CA01-Operating,476231.72
2024-06-27,CA01,CA01-Operating,485161.12
2024-06-28,CA01,CA01-Operating,488094.45
2024-07-01,CA01,CA01-Operating,496197.55
2024-07-02,CA01,CA01-Operating,503731.89
2024-07-03,CA01,CA01-Operating,496466.90
2024-07-04,CA01,CA01-Operating,497659.48
2024-07-05,CA01,CA01-Operating,503226.09
2024-07-08,CA01,CA01-Operating,489925.15
2024-07-09,CA01,CA01-Operating,505219.52
2024-07-10,CA01,CA01-Operating,512177.76
2024-07-11,CA01,CA01-Operating,524805.03
2024-07-12,CA01,CA01-Operating,535807.91
2024-07-15,CA01,CA01-Operating,544130.65
2024-07-16,CA01,CA01-Operating,552304.31
2024-07-17,CA01,CA01-Operating,542085.45
2024-07-18,CA01,CA01-Operating,547086.90
2024-07-19,CA01,CA01-Operating,534985.91
2024-07-22,CA01,CA01-Operating,549502.83
2024-07-23,CA01,CA01-Operating,544745.93
2024-07-24,CA01,CA01-Operating,533790.13
2024-07-25,CA01,CA01-Operating,550199.45
2024-07-26,CA01,CA01-Operating,561486.91
2024-07-29,CA01,CA01-Operating,562718.26
2024-07-30,CA01,CA01-Operating,573388.69
2024-07-31,CA01,CA01-Operating,580280.95
2024-08-01,CA01,CA01-Operating,588332.91
2024-08-02,CA01,CA01-Operating,605644.56
2024-08-05,CA01,CA01-Operating,598435.45
2024-08-06,CA01,CA01-Operating,612722.49
2024-08-07,CA01,CA01-Operating,608093.87
2024-08-08,CA01,CA01-Operating,621900.28
2024-08-09,CA01,CA01-Operating,620130.45
2024-08-12,CA01,CA01-Operating,609946.26
2024-08-13,CA01,CA01-Operating,615313.52
2024-08-14,CA01,CA01-Operating,611935.80
2024-08-15,CA01,CA01-Operating,610791.82
2024-08-16,CA01,CA01-Operating,607498.60
2024-08-19,CA01,CA01-Operating,606927.77
2024-08-20,CA01,CA01-Operating,596102.90
2024-08-21,CA01,CA01-Operating,603252.55
2024-08-22,CA01,CA01-Operating,592682.63
2024-08-23,CA01,CA01-Operating,608124.65
2024-08-26,CA01,CA01-Operating,605262.57
2024-08-27,CA01,CA01-Operating,593769.38
2024-08-28,CA01,CA01-Operating,581406.15
2024-08-29,CA01,CA01-Operating,579000.92
2024-08-30,CA01,CA01-Operating,575471.76
2024-09-02,CA01,CA01-Operating,570884.74
2024-09-03,CA01,CA01-Operating,558678.82
2024-09-04,CA01,CA01-Operating,549765.76
2024-09-05,CA01,CA01-Operating,562204.48
2024-09-06,CA01,CA01-Operating,547993.69
2024-09-09,CA01,CA01-Operating,542066.23
2024-09-10,CA01,CA01-Operating,554793.53
2024-09-11,CA01,CA01-Operating,548215.91
2024-09-12,CA01,CA01-Operating,550331.31
2024-09-13,CA01,CA01-Operating,550433.39
2024-09-16,CA01,CA01-Operating,561162.60
2024-09-17,CA01,CA01-Operating,565645.56
2024-09-18,CA01,CA01-Operating,573737.73
2024-09-19,CA01,CA01-Operating,558345.29
2024-09-20,CA01,CA01-Operating,570413.32
2024-09-23,CA01,CA01-Operating,578232.87
2024-09-24,CA01,CA01-Operating,581649.27
2024-09-25,CA01,CA01-Operating,577829.21
2024-09-26,CA01,CA01-Operating,565913.96
2024-09-27,CA01,CA01-Operating,568410.03
2024-09-30,CA01,CA01-Operating,583701.44
2024-10-01,CA01,CA01-Operating,590946.62
2024-10-02,CA01,CA01-Operating,589943.07
2024-10-03,CA01,CA01-Operating,601313.98
2024-10-04,CA01,CA01-Operating,596372.38
2024-10-07,CA01,CA01-Operating,610765.88
2024-10-08,CA01,CA01-Operating,626208.30
2024-10-09,CA01,CA01-Operating,632724.20
2024-10-10,CA01,CA01-Operating,642536.06
2024-10-11,CA01,CA01-Operating,626551.08
2024-10-14,CA01,CA01-Operating,621769.10
2024-10-15,CA01,CA01-Operating,606530.24
2024-10-16,CA01,CA01-Operating,612587.55
2024-10-17,CA01,CA01-Operating,599290.05
2024-10-18,CA01,CA01-Operating,587343.53
2024-10-21,CA01,CA01-Operating,595398.48
2024-10-22,CA01,CA01-Operating,590423.53
2024-10-23,CA01,CA01-Operating,603434.40
2024-10-24,CA01,CA01-Operating,598778.35
2024-10-25,CA01,CA01-Operating,595329.47
2024-10-28,CA01,CA01-Operating,583313.79
2024-10-29,CA01,CA01-Operating,592753.73
2024-10-30,CA01,CA01-Operating,586849.18
2024-10-31,CA01,CA01-Operating,579149.78
2024-11-01,CA01,CA01-Operating,593283.41
2024-11-04,CA01,CA01-Operating,581514.01
2024-11-05,CA01,CA01-Operating,593394.01
2024-11-06,CA01,CA01-Operating,585978.83
2024-11-07,CA01,CA01-Operating,594155.60
2024-11-08,CA01,CA01-Operating,582193.87
2024-11-11,CA01,CA01-Operating,577807.11
2024-11-12,CA01,CA01-Operating,583809.78
2024-11-13,CA01,CA01-Operating,578332.43
2024-11-14,CA01,CA01-Operating,588198.97
2024-11-15,CA01,CA01-Operating,606453.24
2024-11-18,CA01,CA01-Operating,610701.06
2024-11-19,CA01,CA01-Operating,596128.35
2024-11-20,CA01,CA01-Operating,597369.83
2024-11-21,CA01,CA01-Operating,606374.33
2024-11-22,CA01,CA01-Operating,609587.48
2024-11-25,CA01,CA01-Operating,626227.85
2024-11-26,CA01,CA01-Operating,639839.41
2024-11-27,CA01,CA01-Operating,626259.69
2024-11-28,CA01,CA01-Operating,642426.09
2024-11-29,CA01,CA01-Operating,645039.30
2024-12-02,CA01,CA01-Operating,657755.80
2024-12-03,CA01,CA01-Operating,652329.87
2024-12-04,CA01,CA01-Operating,668471.95
2024-12-05,CA01,CA01-Operating,671219.56
2024-12-06,CA01,CA01-Operating,690070.19
2024-12-09,CA01,CA01-Operating,681925.81
2024-12-10,CA01,CA01-Operating,694721.81
2024-12-11,CA01,CA01-Operating,685638.04
2024-12-12,CA01,CA01-Operating,674180.16
2024-12-13,CA01,CA01-Operating,693575.53
2024-12-16,CA01,CA01-Operating,697473.73
2024-12-17,CA01,CA01-Operating,708201.61
2024-12-18,CA01,CA01-Operating,708828.17
2024-12-19,CA01,CA01-Operating,694035.13
2024-12-20,CA01,CA01-Operating,683918.45
2024-12-23,CA01,CA01-Operating,697556.48
2024-12-24,CA01,CA01-Operating,687844.62
2024-12-25,CA01,CA01-Operating,707353.28
2024-12-26,CA01,CA01-Operating,726430.95
2024-12-27,CA01,CA01-Operating,704730.28
2024-12-30,CA01,CA01-Operating,710522.91
2024-12-31,CA01,CA01-Operating,706768.67
2025-01-01,CA01,CA01-Operating,702959.68
2025-01-02,CA01,CA01-Operating,717497.63
2025-01-03,CA01,CA01-Operating,722357.25
2025-01-06,CA01,CA01-Operating,721958.01
2025-01-07,CA01,CA01-Operating,730985.30
2025-01-08,CA01,CA01-Operating,730997.29
2025-01-09,CA01,CA01-Operating,721267.88
2025-01-10,CA01,CA01-Operating,735586.98
2025-01-13,CA01,CA01-Operating,742005.72
2025-01-14,CA01,CA01-Operating,754645.03
2025-01-15,CA01,CA01-Operating,746906.28
2025-01-16,CA01,CA01-Operating,753128.61
2025-01-17,CA01,CA01-Operating,749800.50
2025-01-20,CA01,CA01-Operating,735708.75
2025-01-21,CA01,CA01-Operating,740001.57
2025-01-22,CA01,CA01-Operating,745343.69
2025-01-23,CA01,CA01-Operating,727259.38
2025-01-24,CA01,CA01-Operating,746525.37
2025-01-27,CA01,CA01-Operating,731767.51
2025-01-28,CA01,CA01-Operating,716966.51
2025-01-29,CA01,CA01-Operating,731933.72
2025-01-30,CA01,CA01-Operating,716038.11
2025-01-31,CA01,CA01-Operating,732741.22
2025-02-03,CA01,CA01-Operating,755005.54
2025-02-04,CA01,CA01-Operating,764128.39
2025-02-05,CA01,CA01-Operating,770835.49
2025-02-06,CA01,CA01-Operating,768720.52
2025-02-07,CA01,CA01-Operating,784436.40
2025-02-10,CA01,CA01-Operating,761637.22
2025-02-11,CA01,CA01-Operating,775311.66
2025-02-12,CA01,CA01-Operating,788734.11
2025-02-13,CA01,CA01-Operating,771478.12
2025-02-14,CA01,CA01-Operating,748374.12
2025-02-17,CA01,CA01-Operating,739039.76
2025-02-18,CA01,CA01-Operating,727732.29
2025-02-19,CA01,CA01-Operating,734202.11
2025-02-20,CA01,CA01-Operating,727110.77
2025-02-21,CA01,CA01-Operating,734641.75
2025-02-24,CA01,CA01-Operating,741298.01
2025-02-25,CA01,CA01-Operating,728397.56
2025-02-26,CA01,CA01-Operating,713336.12
2025-02-27,CA01,CA01-Operating,707919.23
2025-02-28,CA01,CA01-Operating,693734.57
2025-03-03,CA01,CA01-Operating,699047.90
2025-03-04,CA01,CA01-Operating,716734.52
2025-03-05,CA01,CA01-Operating,735990.23
2025-03-06,CA01,CA01-Operating,734981.09
2025-03-07,CA01,CA01-Operating,739805.87
2025-03-10,CA01,CA01-Operating,732615.39
2025-03-11,CA01,CA01-Operating,716411.52
2025-03-12,CA01,CA01-Operating,707573.90
2025-03-13,CA01,CA01-Operating,689232.06
2025-03-14,CA01,CA01-Operating,694534.66
2025-03-17,CA01,CA01-Operating,680198.38
2025-03-18,CA01,CA01-Operating,672091.23
2025-03-19,CA01,CA01-Operating,673019.10
2025-03-20,CA01,CA01-Operating,682875.07
2025-03-21,CA01,CA01-Operating,667227.47
2025-03-24,CA01,CA01-Operating,683282.37
2025-03-25,CA01,CA01-Operating,671481.57
2025-03-26,CA01,CA01-Operating,691038.42
2025-03-27,CA01,CA01-Operating,691538.17
2025-03-28,CA01,CA01-Operating,707304.61
2025-03-31,CA01,CA01-Operating,709500.73
2025-04-01,CA01,CA01-Operating,701583.10
2025-04-02,CA01,CA01-Operating,717950.92
2025-04-03,CA01,CA01-Operating,730980.50
2025-04-04,CA01,CA01-Operating,722014.47
2025-04-07,CA01,CA01-Operating,707870.97
2025-04-08,CA01,CA01-Operating,719894.65
2025-04-09,CA01,CA01-Operating,699385.74
2025-04-10,CA01,CA01-Operating,698608.83
2025-04-11,CA01,CA01-Operating,679651.27
2025-04-14,CA01,CA01-Operating,693275.42
2025-04-15,CA01,CA01-Operating,679048.65
2025-04-16,CA01,CA01-Operating,672837.96
2025-04-17,CA01,CA01-Operating,658208.56
2025-04-18,CA01,CA01-Operating,657535.26
2025-04-21,CA01,CA01-Operating,652918.97
2025-04-22,CA01,CA01-Operating,649379.70
2025-04-23,CA01,CA01-Operating,632359.27
2025-04-24,CA01,CA01-Operating,637332.13
2025-04-25,CA01,CA01-Operating,646615.84
2025-04-28,CA01,CA01-Operating,646849.06
2025-04-29,CA01,CA01-Operating,657178.72
2025-04-30,CA01,CA01-Operating,659790.58
2025-05-01,CA01,CA01-Operating,662599.53
2025-05-02,CA01,CA01-Operating,648540.87
2025-05-05,CA01,CA01-Operating,636421.92
2025-05-06,CA01,CA01-Operating,634763.43
2025-05-07,CA01,CA01-Operating,621758.39
2025-05-08,CA01,CA01-Operating,608810.81
2025-05-09,CA01,CA01-Operating,590556.90
2025-05-12,CA01,CA01-Operating,608449.30
2025-05-13,CA01,CA01-Operating,595226.46
2025-05-14,CA01,CA01-Operating,613793.15
2025-05-15,CA01,CA01-Operating,610729.36
2025-05-16,CA01,CA01-Operating,592924.36
2025-05-19,CA01,CA01-Operating,611267.82
2025-05-20,CA01,CA01-Operating,604518.91
2025-05-21,CA01,CA01-Operating,621946.94
2025-05-22,CA01,CA01-Operating,617968.37
2025-05-23,CA01,CA01-Operating,637122.38
2025-05-26,CA01,CA01-Operating,625311.12
2025-05-27,CA01,CA01-Operating,612395.66
2025-05-28,CA01,CA01-Operating,603463.83
2025-05-29,CA01,CA01-Operating,604467.27
2025-05-30,CA01,CA01-Operating,597729.10
2025-06-02,CA01,CA01-Operating,582865.60
2025-06-03,CA01,CA01-Operating,567232.68
2025-06-04,CA01,CA01-Operating,583805.71
2025-06-05,CA01,CA01-Operating,590062.18
2025-06-06,CA01,CA01-Operating,592471.58
2025-06-09,CA01,CA01-Operating,577494.87
2025-06-10,CA01,CA01-Operating,570278.27
2025-06-11,CA01,CA01-Operating,558720.25
2025-06-12,CA01,CA01-Operating,558882.85
2025-06-13,CA01,CA01-Operating,569021.63
2025-06-16,CA01,CA01-Operating,579099.38
2025-06-17,CA01,CA01-Operating,583646.98
2025-06-18,CA01,CA01-Operating,602019.54
2025-06-19,CA01,CA01-Operating,597254.86
2025-06-20,CA01,CA01-Operating,585711.41
2025-06-23,CA01,CA01-Operating,591917.93
2025-06-24,CA01,CA01-Operating,603910.76
2025-06-25,CA01,CA01-Operating,594894.43
2025-06-26,CA01,CA01-Operating,586923.73
2025-06-27,CA01,CA01-Operating,602640.02
2025-06-30,CA01,CA01-Operating,596090.16
2025-07-01,CA01,CA01-Operating,581206.22
2025-07-02,CA01,CA01-Operating,595326.19
2025-07-03,CA01,CA01-Operating,590088.54
2025-07-04,CA01,CA01-Operating,596974.33
2025-07-07,CA01,CA01-Operating,614002.39
2025-07-08,CA01,CA01-Operating,614807.73
2025-07-09,CA01,CA01-Operating,611560.56
2025-07-10,CA01,CA01-Operating,598338.28
2025-07-11,CA01,CA01-Operating,602067.12
2025-07-14,CA01,CA01-Operating,601292.97
2025-07-15,CA01,CA01-Operating,610635.06
2025-07-16,CA01,CA01-Operating,624363.82
2025-07-17,CA01,CA01-Operating,642536.63
2025-07-18,CA01,CA01-Operating,655575.85
2025-07-21,CA01,CA01-Operating,662932.27
2025-07-22,CA01,CA01-Operating,664634.35
2025-07-23,CA01,CA01-Operating,685879.40
2025-07-24,CA01,CA01-Operating,671395.92
2025-07-25,CA01,CA01-Operating,692448.40
2025-07-28,CA01,CA01-Operating,689514.98
2025-07-29,CA01,CA01-Operating,695859.60
2025-07-30,CA01,CA01-Operating,712650.53
2025-07-31,CA01,CA01-Operating,702365.39
2025-08-01,CA01,CA01-Operating,712959.40
2025-08-04,CA01,CA01-Operating,704226.18
2025-08-05,CA01,CA01-Operating,686446.86
2025-08-06,CA01,CA01-Operating,678268.39
2025-08-07,CA01,CA01-Operating,699753.46
2025-08-08,CA01,CA01-Operating,716553.90
2025-08-11,CA01,CA01-Operating,726423.71
2025-08-12,CA01,CA01-Operating,747886.62
2025-08-13,CA01,CA01-Operating,731133.29
2025-08-14,CA01,CA01-Operating,738112.29
2025-08-15,CA01,CA01-Operating,722245.86
2025-08-18,CA01,CA01-Operating,737453.70
2025-08-19,CA01,CA01-Operating,723139.78
2025-08-20,CA01,CA01-Operating,720988.45
2025-08-21,CA01,CA01-Operating,717914.15
2025-08-22,CA01,CA01-Operating,733301.83
2025-08-25,CA01,CA01-Operating,715521.88
2025-08-26,CA01,CA01-Operating,731153.76
2025-08-27,CA01,CA01-Operating,754356.22
2025-08-28,CA01,CA01-Operating,746526.12
2025-08-29,CA01,CA01-Operating,732794.69
2025-09-01,CA01,CA01-Operating,749562.00
2025-09-02,CA01,CA01-Operating,763090.71
2025-09-03,CA01,CA01-Operating,744485.86
2025-09-04,CA01,CA01-Operating,725730.52
2025-09-05,CA01,CA01-Operating,729913.28
2025-09-08,CA01,CA01-Operating,750161.70
2025-09-09,CA01,CA01-Operating,733304.60
2025-09-10,CA01,CA01-Operating,748057.70
2025-09-11,CA01,CA01-Operating,770227.47
2025-09-12,CA01,CA01-Operating,769521.73
2025-09-15,CA01,CA01-Operating,790082.55
2025-09-16,CA01,CA01-Operating,792769.38
2025-09-17,CA01,CA01-Operating,783682.10
2025-09-18,CA01,CA01-Operating,802559.63
2025-09-19,CA01,CA01-Operating,811228.43
2025-09-22,CA01,CA01-Operating,827663.70
2025-09-23,CA01,CA01-Operating,842237.57
2025-09-24,CA01,CA01-Operating,833491.93
2025-09-25,CA01,CA01-Operating,852868.53
2025-09-26,CA01,CA01-Operating,879957.52
2025-09-29,CA01,CA01-Operating,898926.82
2025-09-30,CA01,CA01-Operating,878139.69
2025-10-01,CA01,CA01-Operating,870804.56
2025-10-02,CA01,CA01-Operating,877208.75
2025-10-03,CA01,CA01-Operating,889607.53
2025-10-06,CA01,CA01-Operating,869324.99
2025-10-07,CA01,CA01-Operating,855594.36
2025-10-08,CA01,CA01-Operating,849160.25
2025-10-09,CA01,CA01-Operating,847796.60
2025-10-10,CA01,CA01-Operating,873294.05
2025-10-13,CA01,CA01-Operating,860689.33
2025-10-14,CA01,CA01-Operating,873640.19
2025-10-15,CA01,CA01-Operating,886666.18
2025-10-16,CA01,CA01-Operating,899400.18
2025-10-17,CA01,CA01-Operating,897189.69
2025-10-20,CA01,CA01-Operating,910758.45
2025-10-21,CA01,CA01-Operating,920948.87
2025-10-22,CA01,CA01-Operating,903607.91
2025-10-23,CA01,CA01-Operating,920426.18
2025-10-24,CA01,CA01-Operating,908874.03
2025-10-27,CA01,CA01-Operating,918663.65
2025-10-28,CA01,CA01-Operating,908992.19
2025-10-29,CA01,CA01-Operating,907593.64
2025-10-30,CA01,CA01-Operating,888685.05
2025-10-31,CA01,CA01-Operating,880333.83
2025-11-03,CA01,CA01-Operating,887850.31
2025-11-04,CA01,CA01-Operating,870666.97
2025-11-05,CA01,CA01-Operating,873997.05
2025-11-06,CA01,CA01-Operating,870510.05
2025-11-07,CA01,CA01-Operating,861524.59
2025-11-10,CA01,CA01-Operating,847941.16
2025-11-11,CA01,CA01-Operating,845890.16
2025-11-12,CA01,CA01-Operating,872768.67
2025-11-13,CA01,CA01-Operating,875189.91
2025-11-14,CA01,CA01-Operating,900149.40
2025-11-17,CA01,CA01-Operating,918089.93
2025-11-18,CA01,CA01-Operating,916785.68
2025-11-19,CA01,CA01-Operating,890711.87
2025-11-20,CA01,CA01-Operating,910557.66
2025-11-21,CA01,CA01-Operating,914133.53
2025-11-24,CA01,CA01-Operating,923499.44
2025-11-25,CA01,CA01-Operating,943584.03
2025-11-26,CA01,CA01-Operating,945574.24
2025-11-27,CA01,CA01-Operating,941243.68
2025-11-28,CA01,CA01-Operating,935893.78
2025-12-01,CA01,CA01-Operating,965131.96
2025-12-02,CA01,CA01-Operating,972571.49
2025-12-03,CA01,CA01-Operating,1000202.42
2025-12-04,CA01,CA01-Operating,1023518.11
2025-12-05,CA01,CA01-Operating,1043018.15
2025-12-08,CA01,CA01-Operating,1052575.94
2025-12-09,CA01,CA01-Operating,1033274.12
2025-12-10,CA01,CA01-Operating,1008932.85
2025-12-11,CA01,CA01-Operating,995331.02
2025-12-12,CA01,CA01-Operating,982239.63
2025-12-15,CA01,CA01-Operating,1002732.06
2025-12-16,CA01,CA01-Operating,972939.52
2025-12-17,CA01,CA01-Operating,983972.95
2025-12-18,CA01,CA01-Operating,967742.11
2025-12-19,CA01,CA01-Operating,974986.18
2025-12-22,CA01,CA01-Operating,971682.00
2025-12-23,CA01,CA01-Operating,950348.37
2025-12-24,CA01,CA01-Operating,976615.58
2025-12-25,CA01,CA01-Operating,972921.62
2025-12-26,CA01,CA01-Operating,953378.79
2025-12-29,CA01,CA01-Operating,961888.00
2025-12-30,CA01,CA01-Operating,980131.85
2025-12-31,CA01,CA01-Operating,993922.35
2024-01-01,CA01,CA01-Payroll,134239.21
2024-01-02,CA01,CA01-Payroll,132136.20
2024-01-03,CA01,CA01-Payroll,131392.26
2024-01-04,CA01,CA01-Payroll,129139.81
2024-01-05,CA01,CA01-Payroll,131766.20
2024-01-08,CA01,CA01-Payroll,129103.96
2024-01-09,CA01,CA01-Payroll,126412.72
2024-01-10,CA01,CA01-Payroll,127493.40
2024-01-11,CA01,CA01-Payroll,131259.48
2024-01-12,CA01,CA01-Payroll,133735.18
2024-01-15,CA01,CA01-Payroll,134748.57
2024-01-16,CA01,CA01-Payroll,132431.71
2024-01-17,CA01,CA01-Payroll,134151.09
2024-01-18,CA01,CA01-Payroll,136603.55
2024-01-19,CA01,CA01-Payroll,140957.91
2024-01-22,CA01,CA01-Payroll,141407.21
2024-01-23,CA01,CA01-Payroll,143352.17
2024-01-24,CA01,CA01-Payroll,146712.30
2024-01-25,CA01,CA01-Payroll,145275.51
2024-01-26,CA01,CA01-Payroll,149285.10
2024-01-29,CA01,CA01-Payroll,149122.18
2024-01-30,CA01,CA01-Payroll,150045.89
2024-01-31,CA01,CA01-Payroll,146197.36
2024-02-01,CA01,CA01-Payroll,145782.50
2024-02-02,CA01,CA01-Payroll,148249.99
2024-02-05,CA01,CA01-Payroll,150224.41
2024-02-06,CA01,CA01-Payroll,154548.57
2024-02-07,CA01,CA01-Payroll,150605.35
2024-02-08,CA01,CA01-Payroll,150740.35
2024-02-09,CA01,CA01-Payroll,154860.68
2024-02-12,CA01,CA01-Payroll,155927.79
2024-02-13,CA01,CA01-Payroll,153702.15
2024-02-14,CA01,CA01-Payroll,152428.97
2024-02-15,CA01,CA01-Payroll,148729.30
2024-02-16,CA01,CA01-Payroll,147879.12
2024-02-19,CA01,CA01-Payroll,147087.53
2024-02-20,CA01,CA01-Payroll,149542.28
2024-02-21,CA01,CA01-Payroll,145699.13
2024-02-22,CA01,CA01-Payroll,147982.41
2024-02-23,CA01,CA01-Payroll,145235.90
2024-02-26,CA01,CA01-Payroll,144585.31
2024-02-27,CA01,CA01-Payroll,147753.71
2024-02-28,CA01,CA01-Payroll,152445.88
2024-02-29,CA01,CA01-Payroll,156357.54
2024-03-01,CA01,CA01-Payroll,154373.22
2024-03-04,CA01,CA01-Payroll,156961.32
2024-03-05,CA01,CA01-Payroll,153490.62
2024-03-06,CA01,CA01-Payroll,156500.28
2024-03-07,CA01,CA01-Payroll,158202.20
2024-03-08,CA01,CA01-Payroll,163214.06
2024-03-11,CA01,CA01-Payroll,164614.29
2024-03-12,CA01,CA01-Payroll,168164.99
2024-03-13,CA01,CA01-Payroll,167185.39
2024-03-14,CA01,CA01-Payroll,170386.31
2024-03-15,CA01,CA01-Payroll,170169.12
2024-03-18,CA01,CA01-Payroll,169738.49
2024-03-19,CA01,CA01-Payroll,168109.73
2024-03-20,CA01,CA01-Payroll,169333.71
2024-03-21,CA01,CA01-Payroll,167138.47
2024-03-22,CA01,CA01-Payroll,167632.67
2024-03-25,CA01,CA01-Payroll,169018.48
2024-03-26,CA01,CA01-Payroll,169632.16
2024-03-27,CA01,CA01-Payroll,173651.32
2024-03-28,CA01,CA01-Payroll,175998.86
2024-03-29,CA01,CA01-Payroll,179298.86
2024-04-01,CA01,CA01-Payroll,184996.15
2024-04-02,CA01,CA01-Payroll,180908.44
2024-04-03,CA01,CA01-Payroll,177684.59
2024-04-04,CA01,CA01-Payroll,177449.19
2024-04-05,CA01,CA01-Payroll,182400.94
2024-04-08,CA01,CA01-Payroll,187190.81
2024-04-09,CA01,CA01-Payroll,181965.89
2024-04-10,CA01,CA01-Payroll,176610.81
2024-04-11,CA01,CA01-Payroll,173456.22
2024-04-12,CA01,CA01-Payroll,174367.26
2024-04-15,CA01,CA01-Payroll,171114.55
2024-04-16,CA01,CA01-Payroll,166351.08
2024-04-17,CA01,CA01-Payroll,167177.80
2024-04-18,CA01,CA01-Payroll,171269.86
2024-04-19,CA01,CA01-Payroll,173116.02
2024-04-22,CA01,CA01-Payroll,170736.63
2024-04-23,CA01,CA01-Payroll,167570.82
2024-04-24,CA01,CA01-Payroll,165853.94
2024-04-25,CA01,CA01-Payroll,167906.75
2024-04-26,CA01,CA01-Payroll,163983.09
2024-04-29,CA01,CA01-Payroll,167055.84
2024-04-30,CA01,CA01-Payroll,165597.27
2024-05-01,CA01,CA01-Payroll,168071.84
2024-05-02,CA01,CA01-Payroll,164329.74
2024-05-03,CA01,CA01-Payroll,162048.46
2024-05-06,CA01,CA01-Payroll,162817.75
2024-05-07,CA01,CA01-Payroll,164360.93
2024-05-08,CA01,CA01-Payroll,166852.52
2024-05-09,CA01,CA01-Payroll,164235.26
2024-05-10,CA01,CA01-Payroll,159717.97
2024-05-13,CA01,CA01-Payroll,158770.23
2024-05-14,CA01,CA01-Payroll,162487.85
2024-05-15,CA01,CA01-Payroll,166417.40
2024-05-16,CA01,CA01-Payroll,170887.81
2024-05-17,CA01,CA01-Payroll,170573.70
2024-05-20,CA01,CA01-Payroll,172987.63
2024-05-21,CA01,CA01-Payroll,169818.27
2024-05-22,CA01,CA01-Payroll,164846.28
2024-05-23,CA01,CA01-Payroll,168732.08
2024-05-24,CA01,CA01-Payroll,168791.70
2024-05-27,CA01,CA01-Payroll,169498.39
2024-05-28,CA01,CA01-Payroll,174919.98
2024-05-29,CA01,CA01-Payroll,177435.95
2024-05-30,CA01,CA01-Payroll,181828.34
2024-05-31,CA01,CA01-Payroll,186799.67
2024-06-03,CA01,CA01-Payroll,186052.06
2024-06-04,CA01,CA01-Payroll,182316.72
2024-06-05,CA01,CA01-Payroll,178424.25
2024-06-06,CA01,CA01-Payroll,173103.27
2024-06-07,CA01,CA01-Payroll,170035.06
2024-06-10,CA01,CA01-Payroll,167444.83
2024-06-11,CA01,CA01-Payroll,172255.01
2024-06-12,CA01,CA01-Payroll,169081.48
2024-06-13,CA01,CA01-Payroll,174127.16
2024-06-14,CA01,CA01-Payroll,171117.52
2024-06-17,CA01,CA01-Payroll,171410.09
2024-06-18,CA01,CA01-Payroll,172399.46
2024-06-19,CA01,CA01-Payroll,168205.55
2024-06-20,CA01,CA01-Payroll,172523.37
2024-06-21,CA01,CA01-Payroll,177535.25
2024-06-24,CA01,CA01-Payroll,182849.52
2024-06-25,CA01,CA01-Payroll,186680.60
2024-06-26,CA01,CA01-Payroll,182359.85
2024-06-27,CA01,CA01-Payroll,183421.14
2024-06-28,CA01,CA01-Payroll,183598.57
2024-07-01,CA01,CA01-Payroll,180728.04
2024-07-02,CA01,CA01-Payroll,184557.49
2024-07-03,CA01,CA01-Payroll,180478.71
2024-07-04,CA01,CA01-Payroll,179215.79
2024-07-05,CA01,CA01-Payroll,181145.57
2024-07-08,CA01,CA01-Payroll,186415.76
2024-07-09,CA01,CA01-Payroll,186895.46
2024-07-10,CA01,CA01-Payroll,181404.16
2024-07-11,CA01,CA01-Payroll,183669.48
2024-07-12,CA01,CA01-Payroll,178572.13
2024-07-15,CA01,CA01-Payroll,179518.52
2024-07-16,CA01,CA01-Payroll,178571.98
2024-07-17,CA01,CA01-Payroll,182812.64
2024-07-18,CA01,CA01-Payroll,178907.21
2024-07-19,CA01,CA01-Payroll,175242.19
2024-07-22,CA01,CA01-Payroll,175780.69
2024-07-23,CA01,CA01-Payroll,174282.25
2024-07-24,CA01,CA01-Payroll,170942.64
2024-07-25,CA01,CA01-Payroll,176077.03
2024-07-26,CA01,CA01-Payroll,180543.28
2024-07-29,CA01,CA01-Payroll,176826.19
2024-07-30,CA01,CA01-Payroll,176337.54
2024-07-31,CA01,CA01-Payroll,172905.34
2024-08-01,CA01,CA01-Payroll,171752.64
2024-08-02,CA01,CA01-Payroll,169407.69
2024-08-05,CA01,CA01-Payroll,172844.67
2024-08-06,CA01,CA01-Payroll,172526.31
2024-08-07,CA01,CA01-Payroll,171092.76
2024-08-08,CA01,CA01-Payroll,172816.10
2024-08-09,CA01,CA01-Payroll,173215.60
2024-08-12,CA01,CA01-Payroll,175673.99
2024-08-13,CA01,CA01-Payroll,176601.50
2024-08-14,CA01,CA01-Payroll,174277.65
2024-08-15,CA01,CA01-Payroll,174423.21
2024-08-16,CA01,CA01-Payroll,176527.23
2024-08-19,CA01,CA01-Payroll,179922.86
2024-08-20,CA01,CA01-Payroll,178743.56
2024-08-21,CA01,CA01-Payroll,174822.46
2024-08-22,CA01,CA01-Payroll,179061.70
2024-08-23,CA01,CA01-Payroll,176291.25
2024-08-26,CA01,CA01-Payroll,179036.87
2024-08-27,CA01,CA01-Payroll,177853.33
2024-08-28,CA01,CA01-Payroll,176507.04
2024-08-29,CA01,CA01-Payroll,174174.27
2024-08-30,CA01,CA01-Payroll,178152.35
2024-09-02,CA01,CA01-Payroll,181392.94
2024-09-03,CA01,CA01-Payroll,183904.32
2024-09-04,CA01,CA01-Payroll,187976.65
2024-09-05,CA01,CA01-Payroll,187581.76
2024-09-06,CA01,CA01-Payroll,182133.83
2024-09-09,CA01,CA01-Payroll,178655.30
2024-09-10,CA01,CA01-Payroll,175910.89
2024-09-11,CA01,CA01-Payroll,178687.23
2024-09-12,CA01,CA01-Payroll,173495.02
2024-09-13,CA01,CA01-Payroll,172967.49
2024-09-16,CA01,CA01-Payroll,178194.57
2024-09-17,CA01,CA01-Payroll,176352.15
2024-09-18,CA01,CA01-Payroll,179838.43
2024-09-19,CA01,CA01-Payroll,177684.53
2024-09-20,CA01,CA01-Payroll,175896.42
2024-09-23,CA01,CA01-Payroll,175789.93
2024-09-24,CA01,CA01-Payroll,179104.55
2024-09-25,CA01,CA01-Payroll,182855.75
2024-09-26,CA01,CA01-Payroll,186011.16
2024-09-27,CA01,CA01-Payroll,187147.31
2024-09-30,CA01,CA01-Payroll,188135.60
2024-10-01,CA01,CA01-Payroll,183830.75
2024-10-02,CA01,CA01-Payroll,181661.39
2024-10-03,CA01,CA01-Payroll,183561.33
2024-10-04,CA01,CA01-Payroll,178594.43
2024-10-07,CA01,CA01-Payroll,174955.83
2024-10-08,CA01,CA01-Payroll,178570.87
2024-10-09,CA01,CA01-Payroll,180032.18
2024-10-10,CA01,CA01-Payroll,185358.62
2024-10-11,CA01,CA01-Payroll,182509.69
2024-10-14,CA01,CA01-Payroll,185869.68
2024-10-15,CA01,CA01-Payroll,190598.21
2024-10-16,CA01,CA01-Payroll,187949.99
2024-10-17,CA01,CA01-Payroll,189809.65
2024-10-18,CA01,CA01-Payroll,192494.79
2024-10-21,CA01,CA01-Payroll,198395.54
2024-10-22,CA01,CA01-Payroll,193368.17
2024-10-23,CA01,CA01-Payroll,190579.43
2024-10-24,CA01,CA01-Payroll,187210.17
2024-10-25,CA01,CA01-Payroll,181795.66
2024-10-28,CA01,CA01-Payroll,181058.41
2024-10-29,CA01,CA01-Payroll,182246.82
2024-10-30,CA01,CA01-Payroll,177341.62
2024-10-31,CA01,CA01-Payroll,182317.08
2024-11-01,CA01,CA01-Payroll,184520.77
2024-11-04,CA01,CA01-Payroll,181539.57
2024-11-05,CA01,CA01-Payroll,180806.23
2024-11-06,CA01,CA01-Payroll,181135.45
2024-11-07,CA01,CA01-Payroll,178207.87
2024-11-08,CA01,CA01-Payroll,173020.65
2024-11-11,CA01,CA01-Payroll,178285.20
2024-11-12,CA01,CA01-Payroll,181446.41
2024-11-13,CA01,CA01-Payroll,184579.83
2024-11-14,CA01,CA01-Payroll,179253.17
2024-11-15,CA01,CA01-Payroll,173895.58
2024-11-18,CA01,CA01-Payroll,169357.21
2024-11-19,CA01,CA01-Payroll,169394.19
2024-11-20,CA01,CA01-Payroll,165717.98
2024-11-21,CA01,CA01-Payroll,161903.93
2024-11-22,CA01,CA01-Payroll,166166.21
2024-11-25,CA01,CA01-Payroll,166592.82
2024-11-26,CA01,CA01-Payroll,169480.78
2024-11-27,CA01,CA01-Payroll,164535.31
2024-11-28,CA01,CA01-Payroll,165666.30
2024-11-29,CA01,CA01-Payroll,163053.96
2024-12-02,CA01,CA01-Payroll,166470.33
2024-12-03,CA01,CA01-Payroll,162200.42
2024-12-04,CA01,CA01-Payroll,165810.29
2024-12-05,CA01,CA01-Payroll,167705.25
2024-12-06,CA01,CA01-Payroll,168937.16
2024-12-09,CA01,CA01-Payroll,169228.27
2024-12-10,CA01,CA01-Payroll,170269.92
2024-12-11,CA01,CA01-Payroll,172752.72
2024-12-12,CA01,CA01-Payroll,178028.20
2024-12-13,CA01,CA01-Payroll,181137.85
2024-12-16,CA01,CA01-Payroll,180136.48
2024-12-17,CA01,CA01-Payroll,178613.62
2024-12-18,CA01,CA01-Payroll,174246.92
2024-12-19,CA01,CA01-Payroll,178398.54
2024-12-20,CA01,CA01-Payroll,181117.96
2024-12-23,CA01,CA01-Payroll,177867.89
2024-12-24,CA01,CA01-Payroll,174490.19
2024-12-25,CA01,CA01-Payroll,171523.77
2024-12-26,CA01,CA01-Payroll,167582.42
2024-12-27,CA01,CA01-Payroll,163705.06
2024-12-30,CA01,CA01-Payroll,162289.76
2024-12-31,CA01,CA01-Payroll,162935.26
2025-01-01,CA01,CA01-Payroll,163787.02
2025-01-02,CA01,CA01-Payroll,165431.04
2025-01-03,CA01,CA01-Payroll,162261.75
2025-01-06,CA01,CA01-Payroll,157648.52
2025-01-07,CA01,CA01-Payroll,155744.87
2025-01-08,CA01,CA01-Payroll,153307.41
2025-01-09,CA01,CA01-Payroll,156079.50
2025-01-10,CA01,CA01-Payroll,159424.13
2025-01-13,CA01,CA01-Payroll,157148.21
2025-01-14,CA01,CA01-Payroll,152543.59
2025-01-15,CA01,CA01-Payroll,155282.72
2025-01-16,CA01,CA01-Payroll,152372.19
2025-01-17,CA01,CA01-Payroll,153256.02
2025-01-20,CA01,CA01-Payroll,156805.90
2025-01-21,CA01,CA01-Payroll,161289.46
2025-01-22,CA01,CA01-Payroll,162455.50
2025-01-23,CA01,CA01-Payroll,162186.32
2025-01-24,CA01,CA01-Payroll,159004.89
2025-01-27,CA01,CA01-Payroll,157075.80
2025-01-28,CA01,CA01-Payroll,156530.14
2025-01-29,CA01,CA01-Payroll,152842.39
2025-01-30,CA01,CA01-Payroll,151521.02
2025-01-31,CA01,CA01-Payroll,154847.06
2025-02-03,CA01,CA01-Payroll,158765.48
2025-02-04,CA01,CA01-Payroll,160795.01
2025-02-05,CA01,CA01-Payroll,156383.22
2025-02-06,CA01,CA01-Payroll,156776.66
2025-02-07,CA01,CA01-Payroll,152589.60
2025-02-10,CA01,CA01-Payroll,155595.24
2025-02-11,CA01,CA01-Payroll,157077.88
2025-02-12,CA01,CA01-Payroll,158814.04
2025-02-13,CA01,CA01-Payroll,159387.25
2025-02-14,CA01,CA01-Payroll,162880.88
2025-02-17,CA01,CA01-Payroll,167032.70
2025-02-18,CA01,CA01-Payroll,163134.58
2025-02-19,CA01,CA01-Payroll,159067.05
2025-02-20,CA01,CA01-Payroll,155216.97
2025-02-21,CA01,CA01-Payroll,159926.27
2025-02-24,CA01,CA01-Payroll,162102.95
2025-02-25,CA01,CA01-Payroll,158142.15
2025-02-26,CA01,CA01-Payroll,161125.18
2025-02-27,CA01,CA01-Payroll,162126.95
2025-02-28,CA01,CA01-Payroll,166009.38
2025-03-03,CA01,CA01-Payroll,169941.27
2025-03-04,CA01,CA01-Payroll,167636.01
2025-03-05,CA01,CA01-Payroll,163093.39
2025-03-06,CA01,CA01-Payroll,163181.69
2025-03-07,CA01,CA01-Payroll,164733.37
2025-03-10,CA01,CA01-Payroll,161492.66
2025-03-11,CA01,CA01-Payroll,165781.47
2025-03-12,CA01,CA01-Payroll,169973.81
2025-03-13,CA01,CA01-Payroll,171774.47
2025-03-14,CA01,CA01-Payroll,172237.32
2025-03-17,CA01,CA01-Payroll,169311.95
2025-03-18,CA01,CA01-Payroll,165515.03
2025-03-19,CA01,CA01-Payroll,164549.16
2025-03-20,CA01,CA01-Payroll,167409.50
2025-03-21,CA01,CA01-Payroll,162553.80
2025-03-24,CA01,CA01-Payroll,159791.58
2025-03-25,CA01,CA01-Payroll,160513.02
2025-03-26,CA01,CA01-Payroll,163422.80
2025-03-27,CA01,CA01-Payroll,166633.47
2025-03-28,CA01,CA01-Payroll,164198.66
2025-03-31,CA01,CA01-Payroll,165453.25
2025-04-01,CA01,CA01-Payroll,162372.99
2025-04-02,CA01,CA01-Payroll,163417.11
2025-04-03,CA01,CA01-Payroll,167062.35
2025-04-04,CA01,CA01-Payroll,162865.41
2025-04-07,CA01,CA01-Payroll,166219.19
2025-04-08,CA01,CA01-Payroll,167876.17
2025-04-09,CA01,CA01-Payroll,171431.44
2025-04-10,CA01,CA01-Payroll,170293.88
2025-04-11,CA01,CA01-Payroll,173515.48
2025-04-14,CA01,CA01-Payroll,178894.36
2025-04-15,CA01,CA01-Payroll,181089.32
2025-04-16,CA01,CA01-Payroll,176206.14
2025-04-17,CA01,CA01-Payroll,176736.90
2025-04-18,CA01,CA01-Payroll,172533.33
2025-04-21,CA01,CA01-Payroll,168248.84
2025-04-22,CA01,CA01-Payroll,165109.96
2025-04-23,CA01,CA01-Payroll,162864.34
2025-04-24,CA01,CA01-Payroll,161951.32
2025-04-25,CA01,CA01-Payroll,157493.69
2025-04-28,CA01,CA01-Payroll,153361.26
2025-04-29,CA01,CA01-Payroll,157070.73
2025-04-30,CA01,CA01-Payroll,158703.44
2025-05-01,CA01,CA01-Payroll,156391.57
2025-05-02,CA01,CA01-Payroll,156398.82
2025-05-05,CA01,CA01-Payroll,154902.01
2025-05-06,CA01,CA01-Payroll,155896.68
2025-05-07,CA01,CA01-Payroll,160054.30
2025-05-08,CA01,CA01-Payroll,161618.17
2025-05-09,CA01,CA01-Payroll,158650.02
2025-05-12,CA01,CA01-Payroll,157113.98
2025-05-13,CA01,CA01-Payroll,155588.50
2025-05-14,CA01,CA01-Payroll,153320.25
2025-05-15,CA01,CA01-Payroll,150292.20
2025-05-16,CA01,CA01-Payroll,154228.68
2025-05-19,CA01,CA01-Payroll,156721.21
2025-05-20,CA01,CA01-Payroll,152500.12
2025-05-21,CA01,CA01-Payroll,152123.84
2025-05-22,CA01,CA01-Payroll,151901.78
2025-05-23,CA01,CA01-Payroll,151352.62
2025-05-26,CA01,CA01-Payroll,151456.36
2025-05-27,CA01,CA01-Payroll,151664.32
2025-05-28,CA01,CA01-Payroll,152545.11
2025-05-29,CA01,CA01-Payroll,149540.57
2025-05-30,CA01,CA01-Payroll,150363.95
2025-06-02,CA01,CA01-Payroll,149396.60
2025-06-03,CA01,CA01-Payroll,147467.70
2025-06-04,CA01,CA01-Payroll,151509.83
2025-06-05,CA01,CA01-Payroll,149344.82
2025-06-06,CA01,CA01-Payroll,146540.06
2025-06-09,CA01,CA01-Payroll,148535.20
2025-06-10,CA01,CA01-Payroll,148001.36
2025-06-11,CA01,CA01-Payroll,152555.72
2025-06-12,CA01,CA01-Payroll,156782.31
2025-06-13,CA01,CA01-Payroll,159306.47
2025-06-16,CA01,CA01-Payroll,163568.87
2025-06-17,CA01,CA01-Payroll,167890.47
2025-06-18,CA01,CA01-Payroll,173229.22
2025-06-19,CA01,CA01-Payroll,170129.04
2025-06-20,CA01,CA01-Payroll,167134.81
2025-06-23,CA01,CA01-Payroll,170220.87
2025-06-24,CA01,CA01-Payroll,165803.20
2025-06-25,CA01,CA01-Payroll,169479.39
2025-06-26,CA01,CA01-Payroll,167489.61
2025-06-27,CA01,CA01-Payroll,169870.23
2025-06-30,CA01,CA01-Payroll,174926.31
2025-07-01,CA01,CA01-Payroll,177113.62
2025-07-02,CA01,CA01-Payroll,181594.00
2025-07-03,CA01,CA01-Payroll,180122.74
2025-07-04,CA01,CA01-Payroll,175938.92
2025-07-07,CA01,CA01-Payroll,177332.16
2025-07-08,CA01,CA01-Payroll,174584.65
2025-07-09,CA01,CA01-Payroll,177671.85
2025-07-10,CA01,CA01-Payroll,176106.00
2025-07-11,CA01,CA01-Payroll,179330.11
2025-07-14,CA01,CA01-Payroll,174285.52
2025-07-15,CA01,CA01-Payroll,170265.19
2025-07-16,CA01,CA01-Payroll,168337.24
2025-07-17,CA01,CA01-Payroll,171566.86
2025-07-18,CA01,CA01-Payroll,171541.35
2025-07-21,CA01,CA01-Payroll,172800.20
2025-07-22,CA01,CA01-Payroll,178130.20
2025-07-23,CA01,CA01-Payroll,179840.99
2025-07-24,CA01,CA01-Payroll,175622.86
2025-07-25,CA01,CA01-Payroll,178083.73
2025-07-28,CA01,CA01-Payroll,180911.72
2025-07-29,CA01,CA01-Payroll,180435.09
2025-07-30,CA01,CA01-Payroll,175482.22
2025-07-31,CA01,CA01-Payroll,174453.90
2025-08-01,CA01,CA01-Payroll,170312.54
2025-08-04,CA01,CA01-Payroll,168807.35
2025-08-05,CA01,CA01-Payroll,166109.69
2025-08-06,CA01,CA01-Payroll,165252.31
2025-08-07,CA01,CA01-Payroll,164905.43
2025-08-08,CA01,CA01-Payroll,161455.50
2025-08-11,CA01,CA01-Payroll,158871.16
2025-08-12,CA01,CA01-Payroll,161758.72
2025-08-13,CA01,CA01-Payroll,163246.54
2025-08-14,CA01,CA01-Payroll,163171.50
2025-08-15,CA01,CA01-Payroll,164486.90
2025-08-18,CA01,CA01-Payroll,159683.11
2025-08-19,CA01,CA01-Payroll,158721.02
2025-08-20,CA01,CA01-Payroll,154320.25
2025-08-21,CA01,CA01-Payroll,155630.56
2025-08-22,CA01,CA01-Payroll,153752.79
2025-08-25,CA01,CA01-Payroll,156072.88
2025-08-26,CA01,CA01-Payroll,152432.04
2025-08-27,CA01,CA01-Payroll,154630.22
2025-08-28,CA01,CA01-Payroll,156656.90
2025-08-29,CA01,CA01-Payroll,157779.84
2025-09-01,CA01,CA01-Payroll,156659.27
2025-09-02,CA01,CA01-Payroll,156249.87
2025-09-03,CA01,CA01-Payroll,155789.74
2025-09-04,CA01,CA01-Payroll,155873.96
2025-09-05,CA01,CA01-Payroll,153020.87
2025-09-08,CA01,CA01-Payroll,150697.31
2025-09-09,CA01,CA01-Payroll,148140.12
2025-09-10,CA01,CA01-Payroll,147189.01
2025-09-11,CA01,CA01-Payroll,143998.56
2025-09-12,CA01,CA01-Payroll,144539.46
2025-09-15,CA01,CA01-Payroll,140343.29
2025-09-16,CA01,CA01-Payroll,142736.17
2025-09-17,CA01,CA01-Payroll,147140.82
2025-09-18,CA01,CA01-Payroll,142977.24
2025-09-19,CA01,CA01-Payroll,140568.99
2025-09-22,CA01,CA01-Payroll,141678.66
2025-09-23,CA01,CA01-Payroll,144935.63
2025-09-24,CA01,CA01-Payroll,141807.78
2025-09-25,CA01,CA01-Payroll,144683.19
2025-09-26,CA01,CA01-Payroll,146011.92
2025-09-29,CA01,CA01-Payroll,147760.49
2025-09-30,CA01,CA01-Payroll,143697.46
2025-10-01,CA01,CA01-Payroll,146493.23
2025-10-02,CA01,CA01-Payroll,149536.08
2025-10-03,CA01,CA01-Payroll,146769.97
2025-10-06,CA01,CA01-Payroll,145279.67
2025-10-07,CA01,CA01-Payroll,144663.07
2025-10-08,CA01,CA01-Payroll,146600.22
2025-10-09,CA01,CA01-Payroll,143629.64
2025-10-10,CA01,CA01-Payroll,140735.41
2025-10-13,CA01,CA01-Payroll,140695.13
2025-10-14,CA01,CA01-Payroll,137753.67
2025-10-15,CA01,CA01-Payroll,134920.66
2025-10-16,CA01,CA01-Payroll,134381.77
2025-10-17,CA01,CA01-Payroll,133912.39
2025-10-20,CA01,CA01-Payroll,132401.56
2025-10-21,CA01,CA01-Payroll,128659.72
2025-10-22,CA01,CA01-Payroll,125215.33
2025-10-23,CA01,CA01-Payroll,122839.14
2025-10-24,CA01,CA01-Payroll,120337.63
2025-10-27,CA01,CA01-Payroll,121147.32
2025-10-28,CA01,CA01-Payroll,123120.60
2025-10-29,CA01,CA01-Payroll,125498.86
2025-10-30,CA01,CA01-Payroll,125183.44
2025-10-31,CA01,CA01-Payroll,124250.20
2025-11-03,CA01,CA01-Payroll,123157.18
2025-11-04,CA01,CA01-Payroll,125082.62
2025-11-05,CA01,CA01-Payroll,126236.93
2025-11-06,CA01,CA01-Payroll,126367.97
2025-11-07,CA01,CA01-Payroll,123316.43
2025-11-10,CA01,CA01-Payroll,120733.02
2025-11-11,CA01,CA01-Payroll,118054.16
2025-11-12,CA01,CA01-Payroll,119389.79
2025-11-13,CA01,CA01-Payroll,119398.45
2025-11-14,CA01,CA01-Payroll,118985.55
2025-11-17,CA01,CA01-Payroll,120308.87
2025-11-18,CA01,CA01-Payroll,123731.80
2025-11-19,CA01,CA01-Payroll,125094.71
2025-11-20,CA01,CA01-Payroll,125434.32
2025-11-21,CA01,CA01-Payroll,129102.85
2025-11-24,CA01,CA01-Payroll,131199.10
2025-11-25,CA01,CA01-Payroll,128042.52
2025-11-26,CA01,CA01-Payroll,129716.36
2025-11-27,CA01,CA01-Payroll,127089.79
2025-11-28,CA01,CA01-Payroll,129838.16
2025-12-01,CA01,CA01-Payroll,132232.40
2025-12-02,CA01,CA01-Payroll,131972.55
2025-12-03,CA01,CA01-Payroll,131808.76
2025-12-04,CA01,CA01-Payroll,129394.16
2025-12-05,CA01,CA01-Payroll,126026.88
2025-12-08,CA01,CA01-Payroll,125877.87
2025-12-09,CA01,CA01-Payroll,129415.54
2025-12-10,CA01,CA01-Payroll,126089.47
2025-12-11,CA01,CA01-Payroll,127565.32
2025-12-12,CA01,CA01-Payroll,125003.00
2025-12-15,CA01,CA01-Payroll,124510.05
2025-12-16,CA01,CA01-Payroll,126862.94
2025-12-17,CA01,CA01-Payroll,126739.18
2025-12-18,CA01,CA01-Payroll,127719.62
2025-12-19,CA01,CA01-Payroll,131457.19
2025-12-22,CA01,CA01-Payroll,134625.05
2025-12-23,CA01,CA01-Payroll,137043.46
2025-12-24,CA01,CA01-Payroll,134704.17
2025-12-25,CA01,CA01-Payroll,134541.25
2025-12-26,CA01,CA01-Payroll,130641.58
2025-12-29,CA01,CA01-Payroll,133324.24
2025-12-30,CA01,CA01-Payroll,133572.83
2025-12-31,CA01,CA01-Payroll,132421.91
2024-01-01,MX01,MX01-Operating,6645996.38
2024-01-02,MX01,MX01-Operating,6544005.98
2024-01-03,MX01,MX01-Operating,6736383.26
2024-01-04,MX01,MX01-Operating,6944306.23
2024-01-05,MX01,MX01-Operating,7092761.62
2024-01-08,MX01,MX01-Operating,7197065.06
2024-01-09,MX01,MX01-Operating,7362287.74
2024-01-10,MX01,MX01-Operating,7549843.37
2024-01-11,MX01,MX01-Operating,7753696.85
2024-01-12,MX01,MX01-Operating,7913343.26
2024-01-15,MX01,MX01-Operating,7998407.17
2024-01-16,MX01,MX01-Operating,7855067.50
2024-01-17,MX01,MX01-Operating,8040958.48
2024-01-18,MX01,MX01-Operating,8184702.04
2024-01-19,MX01,MX01-Operating,8292443.00
2024-01-22,MX01,MX01-Operating,8546107.17
2024-01-23,MX01,MX01-Operating,8621461.88
2024-01-24,MX01,MX01-Operating,8756838.46
2024-01-25,MX01,MX01-Operating,8707760.83
2024-01-26,MX01,MX01-Operating,8463009.62
2024-01-29,MX01,MX01-Operating,8659145.92
2024-01-30,MX01,MX01-Operating,8847519.47
2024-01-31,MX01,MX01-Operating,8705667.11
2024-02-01,MX01,MX01-Operating,8811458.92
2024-02-02,MX01,MX01-Operating,8805338.95
2024-02-05,MX01,MX01-Operating,9083967.76
2024-02-06,MX01,MX01-Operating,8813968.80
2024-02-07,MX01,MX01-Operating,8573196.55
2024-02-08,MX01,MX01-Operating,8824634.81
2024-02-09,MX01,MX01-Operating,8893114.10
2024-02-12,MX01,MX01-Operating,9052949.57
2024-02-13,MX01,MX01-Operating,9330064.56
2024-02-14,MX01,MX01-Operating,9176366.50
2024-02-15,MX01,MX01-Operating,9420220.37
2024-02-16,MX01,MX01-Operating,9705364.06
2024-02-19,MX01,MX01-Operating,9475570.28
2024-02-20,MX01,MX01-Operating,9749321.91
2024-02-21,MX01,MX01-Operating,9832334.32
2024-02-22,MX01,MX01-Operating,9584959.91
2024-02-23,MX01,MX01-Operating,9686672.92
2024-02-26,MX01,MX01-Operating,9436883.42
2024-02-27,MX01,MX01-Operating,9217114.49
2024-02-28,MX01,MX01-Operating,9198376.01
2024-02-29,MX01,MX01-Operating,9373691.21
2024-03-01,MX01,MX01-Operating,9411603.44
2024-03-04,MX01,MX01-Operating,9696575.00
2024-03-05,MX01,MX01-Operating,9573322.63
2024-03-06,MX01,MX01-Operating,9641953.64
2024-03-07,MX01,MX01-Operating,9729502.50
2024-03-08,MX01,MX01-Operating,9456738.79
2024-03-11,MX01,MX01-Operating,9694386.46
2024-03-12,MX01,MX01-Operating,9694638.65
2024-03-13,MX01,MX01-Operating,9581369.52
2024-03-14,MX01,MX01-Operating,9573608.57
2024-03-15,MX01,MX01-Operating,9424930.88
2024-03-18,MX01,MX01-Operating,9633755.16
2024-03-19,MX01,MX01-Operating,9828508.84
2024-03-20,MX01,MX01-Operating,9736863.01
2024-03-21,MX01,MX01-Operating,9499200.12
2024-03-22,MX01,MX01-Operating,9775941.51
2024-03-25,MX01,MX01-Operating,9642438.93
2024-03-26,MX01,MX01-Operating,9659542.72
2024-03-27,MX01,MX01-Operating,9592437.50
2024-03-28,MX01,MX01-Operating,9597641.12
2024-03-29,MX01,MX01-Operating,9893759.71
2024-04-01,MX01,MX01-Operating,10085772.77
2024-04-02,MX01,MX01-Operating,10064330.94
2024-04-03,MX01,MX01-Operating,9907509.85
2024-04-04,MX01,MX01-Operating,10161258.31
2024-04-05,MX01,MX01-Operating,9960553.66
2024-04-08,MX01,MX01-Operating,10240707.56
2024-04-09,MX01,MX01-Operating,10422300.38
2024-04-10,MX01,MX01-Operating,10584965.97
2024-04-11,MX01,MX01-Operating,10887701.63
2024-04-12,MX01,MX01-Operating,10860058.61
2024-04-15,MX01,MX01-Operating,11119231.72
2024-04-16,MX01,MX01-Operating,11431527.58
2024-04-17,MX01,MX01-Operating,11516325.32
2024-04-18,MX01,MX01-Operating,11378197.94
2024-04-19,MX01,MX01-Operating,11735273.29
2024-04-22,MX01,MX01-Operating,11618336.71
2024-04-23,MX01,MX01-Operating,11758462.69
2024-04-24,MX01,MX01-Operating,11423587.02
2024-04-25,MX01,MX01-Operating,11128147.95
2024-04-26,MX01,MX01-Operating,11370721.58
2024-04-29,MX01,MX01-Operating,11087491.12
2024-04-30,MX01,MX01-Operating,10985450.69
2024-05-01,MX01,MX01-Operating,11254823.42
2024-05-02,MX01,MX01-Operating,10949629.25
2024-05-03,MX01,MX01-Operating,11164780.15
2024-05-06,MX01,MX01-Operating,11032909.17
2024-05-07,MX01,MX01-Operating,10944945.58
2024-05-08,MX01,MX01-Operating,11114261.79
2024-05-09,MX01,MX01-Operating,11179533.39
2024-05-10,MX01,MX01-Operating,10952386.90
2024-05-13,MX01,MX01-Operating,11022181.80
2024-05-14,MX01,MX01-Operating,11193250.04
2024-05-15,MX01,MX01-Operating,11507996.72
2024-05-16,MX01,MX01-Operating,11237899.50
2024-05-17,MX01,MX01-Operating,11176610.27
2024-05-20,MX01,MX01-Operating,11238700.28
2024-05-21,MX01,MX01-Operating,11441717.98
2024-05-22,MX01,MX01-Operating,11574727.87
2024-05-23,MX01,MX01-Operating,11731520.22
2024-05-24,MX01,MX01-Operating,12098764.08
2024-05-27,MX01,MX01-Operating,12001815.73
2024-05-28,MX01,MX01-Operating,12382310.52
2024-05-29,MX01,MX01-Operating,12700677.88
2024-05-30,MX01,MX01-Operating,12750201.79
2024-05-31,MX01,MX01-Operating,12540511.10
2024-06-03,MX01,MX01-Operating,12926171.50
2024-06-04,MX01,MX01-Operating,12929854.52
2024-06-05,MX01,MX01-Operating,13030750.34
2024-06-06,MX01,MX01-Operating,12777584.39
2024-06-07,MX01,MX01-Operating,13041610.78
2024-06-10,MX01,MX01-Operating,13148391.74
2024-06-11,MX01,MX01-Operating,12785370.59
2024-06-12,MX01,MX01-Operating,12988479.38
2024-06-13,MX01,MX01-Operating,13277151.82
2024-06-14,MX01,MX01-Operating,13101486.40
2024-06-17,MX01,MX01-Operating,13074579.15
2024-06-18,MX01,MX01-Operating,12935265.70
2024-06-19,MX01,MX01-Operating,13067087.85
2024-06-20,MX01,MX01-Operating,13397065.77
2024-06-21,MX01,MX01-Operating,13625768.13
2024-06-24,MX01,MX01-Operating,13896924.04
2024-06-25,MX01,MX01-Operating,14066059.84
2024-06-26,MX01,MX01-Operating,13726230.44
2024-06-27,MX01,MX01-Operating,14021419.32
2024-06-28,MX01,MX01-Operating,14208974.70
2024-07-01,MX01,MX01-Operating,13996179.27
2024-07-02,MX01,MX01-Operating,14001899.12
2024-07-03,MX01,MX01-Operating,13819876.76
2024-07-04,MX01,MX01-Operating,14135119.46
2024-07-05,MX01,MX01-Operating,14299289.13
2024-07-08,MX01,MX01-Operating,14498013.04
2024-07-09,MX01,MX01-Operating,14704380.87
2024-07-10,MX01,MX01-Operating,14331170.80
2024-07-11,MX01,MX01-Operating,13988565.70
2024-07-12,MX01,MX01-Operating,14000697.15
2024-07-15,MX01,MX01-Operating,14111606.87
2024-07-16,MX01,MX01-Operating,14094605.29
2024-07-17,MX01,MX01-Operating,13751849.49
2024-07-18,MX01,MX01-Operating,13524961.49
2024-07-19,MX01,MX01-Operating,13390655.21
2024-07-22,MX01,MX01-Operating,13361590.19
2024-07-23,MX01,MX01-Operating,13488348.64
2024-07-24,MX01,MX01-Operating,13802064.79
2024-07-25,MX01,MX01-Operating,13711565.91
2024-07-26,MX01,MX01-Operating,13660734.23
2024-07-29,MX01,MX01-Operating,13816230.20
2024-07-30,MX01,MX01-Operating,14121040.23
2024-07-31,MX01,MX01-Operating,14422347.13
2024-08-01,MX01,MX01-Operating,14061571.29
2024-08-02,MX01,MX01-Operating,13646081.00
2024-08-05,MX01,MX01-Operating,14008222.43
2024-08-06,MX01,MX01-Operating,13600771.04
2024-08-07,MX01,MX01-Operating,13863339.65
2024-08-08,MX01,MX01-Operating,14246481.69
2024-08-09,MX01,MX01-Operating,14126129.60
2024-08-12,MX01,MX01-Operating,13970718.09
2024-08-13,MX01,MX01-Operating,13674293.91
2024-08-14,MX01,MX01-Operating,14061006.64
2024-08-15,MX01,MX01-Operating,13970640.85
2024-08-16,MX01,MX01-Operating,13662658.82
2024-08-19,MX01,MX01-Operating,13488751.12
2024-08-20,MX01,MX01-Operating,13250981.27
2024-08-21,MX01,MX01-Operating,12919505.76
2024-08-22,MX01,MX01-Operating,12861223.38
2024-08-23,MX01,MX01-Operating,12505814.80
2024-08-26,MX01,MX01-Operating,12513794.96
2024-08-27,MX01,MX01-Operating,12507838.37
2024-08-28,MX01,MX01-Operating,12897650.76
2024-08-29,MX01,MX01-Operating,13022596.33
2024-08-30,MX01,MX01-Operating,12640156.72
2024-09-02,MX01,MX01-Operating,12480093.11
2024-09-03,MX01,MX01-Operating,12657681.82
2024-09-04,MX01,MX01-Operating,12850630.59
2024-09-05,MX01,MX01-Operating,12929188.88
2024-09-06,MX01,MX01-Operating,13175971.50
2024-09-09,MX01,MX01-Operating,13022897.53
2024-09-10,MX01,MX01-Operating,12935188.26
2024-09-11,MX01,MX01-Operating,13258559.56
2024-09-12,MX01,MX01-Operating,13386860.30
2024-09-13,MX01,MX01-Operating,13528491.05
2024-09-16,MX01,MX01-Operating,13357134.00
2024-09-17,MX01,MX01-Operating,13001101.70
2024-09-18,MX01,MX01-Operating,13376401.30
2024-09-19,MX01,MX01-Operating,13034037.47
2024-09-20,MX01,MX01-Operating,12897858.26
2024-09-23,MX01,MX01-Operating,12824658.49
2024-09-24,MX01,MX01-Operating,12869780.17
2024-09-25,MX01,MX01-Operating,13060690.41
2024-09-26,MX01,MX01-Operating,13400195.11
2024-09-27,MX01,MX01-Operating,13045732.54
2024-09-30,MX01,MX01-Operating,13073868.67
2024-10-01,MX01,MX01-Operating,13393479.19
2024-10-02,MX01,MX01-Operating,13082228.98
2024-10-03,MX01,MX01-Operating,13397961.63
2024-10-04,MX01,MX01-Operating,13253395.17
2024-10-07,MX01,MX01-Operating,13193165.48
2024-10-08,MX01,MX01-Operating,13092095.34
2024-10-09,MX01,MX01-Operating,13041854.66
2024-10-10,MX01,MX01-Operating,12656631.08
2024-10-11,MX01,MX01-Operating,12601308.37
2024-10-14,MX01,MX01-Operating,12396825.34
2024-10-15,MX01,MX01-Operating,12139039.47
2024-10-16,MX01,MX01-Operating,11986835.70
2024-10-17,MX01,MX01-Operating,11979767.98
2024-10-18,MX01,MX01-Operating,12109919.27
2024-10-21,MX01,MX01-Operating,12404417.59
2024-10-22,MX01,MX01-Operating,12210305.72
2024-10-23,MX01,MX01-Operating,12214028.49
2024-10-24,MX01,MX01-Operating,11857195.94
2024-10-25,MX01,MX01-Operating,12204199.17
2024-10-28,MX01,MX01-Operating,12035770.71
2024-10-29,MX01,MX01-Operating,12411344.14
2024-10-30,MX01,MX01-Operating,12405389.82
2024-10-31,MX01,MX01-Operating,12205454.80
2024-11-01,MX01,MX01-Operating,12287014.12
2024-11-04,MX01,MX01-Operating,12323668.46
2024-11-05,MX01,MX01-Operating,12526897.67
2024-11-06,MX01,MX01-Operating,12315384.75
2024-11-07,MX01,MX01-Operating,12163130.40
2024-11-08,MX01,MX01-Operating,11814644.23
2024-11-11,MX01,MX01-Operating,11819148.71
2024-11-12,MX01,MX01-Operating,11948382.48
2024-11-13,MX01,MX01-Operating,11890176.01
2024-11-14,MX01,MX01-Operating,11990408.68
2024-11-15,MX01,MX01-Operating,12298190.44
2024-11-18,MX01,MX01-Operating,12222875.23
2024-11-19,MX01,MX01-Operating,12326477.15
2024-11-20,MX01,MX01-Operating,12649294.76
2024-11-21,MX01,MX01-Operating,12878523.97
2024-11-22,MX01,MX01-Operating,13281820.58
2024-11-25,MX01,MX01-Operating,13308975.64
2024-11-26,MX01,MX01-Operating,12997039.30
2024-11-27,MX01,MX01-Operating,13091485.08
2024-11-28,MX01,MX01-Operating,13043886.03
2024-11-29,MX01,MX01-Operating,13168838.40
2024-12-02,MX01,MX01-Operating,13164359.99
2024-12-03,MX01,MX01-Operating,13570703.56
2024-12-04,MX01,MX01-Operating,13945474.91
2024-12-05,MX01,MX01-Operating,13629453.79
2024-12-06,MX01,MX01-Operating,13883374.02
2024-12-09,MX01,MX01-Operating,13838090.87
2024-12-10,MX01,MX01-Operating,14100031.73
2024-12-11,MX01,MX01-Operating,14005525.05
2024-12-12,MX01,MX01-Operating,14275456.24
2024-12-13,MX01,MX01-Operating,14376885.86
2024-12-16,MX01,MX01-Operating,14426405.64
2024-12-17,MX01,MX01-Operating,14061518.00
2024-12-18,MX01,MX01-Operating,14174570.28
2024-12-19,MX01,MX01-Operating,13858470.48
2024-12-20,MX01,MX01-Operating,14157727.13
2024-12-23,MX01,MX01-Operating,14334956.42
2024-12-24,MX01,MX01-Operating,14622217.24
2024-12-25,MX01,MX01-Operating,14198452.30
2024-12-26,MX01,MX01-Operating,14001261.72
2024-12-27,MX01,MX01-Operating,14414008.87
2024-12-30,MX01,MX01-Operating,14842069.67
2024-12-31,MX01,MX01-Operating,15183012.81
2025-01-01,MX01,MX01-Operating,15025870.02
2025-01-02,MX01,MX01-Operating,14678916.09
2025-01-03,MX01,MX01-Operating,14367975.37
2025-01-06,MX01,MX01-Operating,14438805.34
2025-01-07,MX01,MX01-Operating,14802829.22
2025-01-08,MX01,MX01-Operating,14793904.53
2025-01-09,MX01,MX01-Operating,14884917.74
2025-01-10,MX01,MX01-Operating,15144650.81
2025-01-13,MX01,MX01-Operating,15400444.06
2025-01-14,MX01,MX01-Operating,15092388.33
2025-01-15,MX01,MX01-Operating,14778936.34
2025-01-16,MX01,MX01-Operating,14749456.14
2025-01-17,MX01,MX01-Operating,14363912.92
2025-01-20,MX01,MX01-Operating,14781347.73
2025-01-21,MX01,MX01-Operating,14974667.29
2025-01-22,MX01,MX01-Operating,15220272.52
2025-01-23,MX01,MX01-Operating,15047252.50
2025-01-24,MX01,MX01-Operating,14934031.93
2025-01-27,MX01,MX01-Operating,15409445.10
2025-01-28,MX01,MX01-Operating,15219337.46
2025-01-29,MX01,MX01-Operating,15256882.41
2025-01-30,MX01,MX01-Operating,15169739.69
2025-01-31,MX01,MX01-Operating,14928947.83
2025-02-03,MX01,MX01-Operating,15295070.68
2025-02-04,MX01,MX01-Operating,15309830.97
2025-02-05,MX01,MX01-Operating,15701882.28
2025-02-06,MX01,MX01-Operating,15623395.99
2025-02-07,MX01,MX01-Operating,16115310.24
2025-02-10,MX01,MX01-Operating,15640081.92
2025-02-11,MX01,MX01-Operating,15968672.72
2025-02-12,MX01,MX01-Operating,15807466.80
2025-02-13,MX01,MX01-Operating,16166929.92
2025-02-14,MX01,MX01-Operating,16143319.17
2025-02-17,MX01,MX01-Operating,15868085.82
2025-02-18,MX01,MX01-Operating,16051095.09
2025-02-19,MX01,MX01-Operating,16243500.23
2025-02-20,MX01,MX01-Operating,16224067.11
2025-02-21,MX01,MX01-Operating,16210812.26
2025-02-24,MX01,MX01-Operating,16025634.25
2025-02-25,MX01,MX01-Operating,16145854.29
2025-02-26,MX01,MX01-Operating,16332699.58
2025-02-27,MX01,MX01-Operating,16056139.50
2025-02-28,MX01,MX01-Operating,15663835.86
2025-03-03,MX01,MX01-Operating,15573477.65
2025-03-04,MX01,MX01-Operating,15944644.57
2025-03-05,MX01,MX01-Operating,15557345.35
2025-03-06,MX01,MX01-Operating,15290965.79
2025-03-07,MX01,MX01-Operating,15499522.47
2025-03-10,MX01,MX01-Operating,15450210.54
2025-03-11,MX01,MX01-Operating,15350823.13
2025-03-12,MX01,MX01-Operating,15157139.12
2025-03-13,MX01,MX01-Operating,15407460.93
2025-03-14,MX01,MX01-Operating,15408534.89
2025-03-17,MX01,MX01-Operating,15575513.64
2025-03-18,MX01,MX01-Operating,15911694.72
2025-03-19,MX01,MX01-Operating,16193040.82
2025-03-20,MX01,MX01-Operating,15824447.03
2025-03-21,MX01,MX01-Operating,15968590.25
2025-03-24,MX01,MX01-Operating,16360419.39
2025-03-25,MX01,MX01-Operating,16085584.39
2025-03-26,MX01,MX01-Operating,15684559.87
2025-03-27,MX01,MX01-Operating,15949294.73
2025-03-28,MX01,MX01-Operating,16342047.95
2025-03-31,MX01,MX01-Operating,16402598.88
2025-04-01,MX01,MX01-Operating,16514307.20
2025-04-02,MX01,MX01-Operating,16628662.06
2025-04-03,MX01,MX01-Operating,16145401.06
2025-04-04,MX01,MX01-Operating,16643740.67
2025-04-07,MX01,MX01-Operating,16275528.23
2025-04-08,MX01,MX01-Operating,16317646.60
2025-04-09,MX01,MX01-Operating,15837036.03
2025-04-10,MX01,MX01-Operating,15609254.14
2025-04-11,MX01,MX01-Operating,15897158.07
2025-04-14,MX01,MX01-Operating,16230282.44
2025-04-15,MX01,MX01-Operating,16345485.78
2025-04-16,MX01,MX01-Operating,16104375.78
2025-04-17,MX01,MX01-Operating,16266072.29
2025-04-18,MX01,MX01-Operating,16521319.41
2025-04-21,MX01,MX01-Operating,16336449.77
2025-04-22,MX01,MX01-Operating,16617807.52
2025-04-23,MX01,MX01-Operating,16154040.39
2025-04-24,MX01,MX01-Operating,16164395.92
2025-04-25,MX01,MX01-Operating,16269724.67
2025-04-28,MX01,MX01-Operating,15783724.90
2025-04-29,MX01,MX01-Operating,15831053.65
2025-04-30,MX01,MX01-Operating,16146582.53
2025-05-01,MX01,MX01-Operating,16545786.57
2025-05-02,MX01,MX01-Operating,16778595.28
2025-05-05,MX01,MX01-Operating,16960476.93
2025-05-06,MX01,MX01-Operating,16565250.78
2025-05-07,MX01,MX01-Operating,16668058.06
2025-05-08,MX01,MX01-Operating,16900842.83
2025-05-09,MX01,MX01-Operating,16548761.88
2025-05-12,MX01,MX01-Operating,16810872.48
2025-05-13,MX01,MX01-Operating,17205684.28
2025-05-14,MX01,MX01-Operating,17278561.35
2025-05-15,MX01,MX01-Operating,17378292.77
2025-05-16,MX01,MX01-Operating,17488256.64
2025-05-19,MX01,MX01-Operating,17181130.61
2025-05-20,MX01,MX01-Operating,17264261.57
2025-05-21,MX01,MX01-Operating,17199213.44
2025-05-22,MX01,MX01-Operating,17391439.89
2025-05-23,MX01,MX01-Operating,17262413.68
2025-05-26,MX01,MX01-Operating,16805735.10
2025-05-27,MX01,MX01-Operating,16614290.07
2025-05-28,MX01,MX01-Operating,16260580.72
2025-05-29,MX01,MX01-Operating,16569240.11
2025-05-30,MX01,MX01-Operating,16690687.31
2025-06-02,MX01,MX01-Operating,16236960.30
2025-06-03,MX01,MX01-Operating,16620923.27
2025-06-04,MX01,MX01-Operating,16126409.84
2025-06-05,MX01,MX01-Operating,16375453.43
2025-06-06,MX01,MX01-Operating,16134074.96
2025-06-09,MX01,MX01-Operating,15679439.40
2025-06-10,MX01,MX01-Operating,15936252.33
2025-06-11,MX01,MX01-Operating,16282756.41
2025-06-12,MX01,MX01-Operating,16002931.57
2025-06-13,MX01,MX01-Operating,15531236.59
2025-06-16,MX01,MX01-Operating,15594304.05
2025-06-17,MX01,MX01-Operating,15901540.86
2025-06-18,MX01,MX01-Operating,15559518.64
2025-06-19,MX01,MX01-Operating,15537478.40
2025-06-20,MX01,MX01-Operating,16032748.88
2025-06-23,MX01,MX01-Operating,16462016.32
2025-06-24,MX01,MX01-Operating,16509258.92
2025-06-25,MX01,MX01-Operating,16669923.63
2025-06-26,MX01,MX01-Operating,16424426.18
2025-06-27,MX01,MX01-Operating,16467441.91
2025-06-30,MX01,MX01-Operating,16181658.78
2025-07-01,MX01,MX01-Operating,15785985.09
2025-07-02,MX01,MX01-Operating,15680562.68
2025-07-03,MX01,MX01-Operating,15266227.40
2025-07-04,MX01,MX01-Operating,15283703.39
2025-07-07,MX01,MX01-Operating,15130499.99
2025-07-08,MX01,MX01-Operating,15021267.45
2025-07-09,MX01,MX01-Operating,15340404.94
2025-07-10,MX01,MX01-Operating,15762194.88
2025-07-11,MX01,MX01-Operating,15332054.00
2025-07-14,MX01,MX01-Operating,15426493.34
2025-07-15,MX01,MX01-Operating,15160586.06
2025-07-16,MX01,MX01-Operating,14902911.81
2025-07-17,MX01,MX01-Operating,14910407.47
2025-07-18,MX01,MX01-Operating,14735764.77
2025-07-21,MX01,MX01-Operating,14512841.12
2025-07-22,MX01,MX01-Operating,14822480.43
2025-07-23,MX01,MX01-Operating,15176190.73
2025-07-24,MX01,MX01-Operating,15042830.57
2025-07-25,MX01,MX01-Operating,14958228.64
2025-07-28,MX01,MX01-Operating,15372429.38
2025-07-29,MX01,MX01-Operating,15678695.25
2025-07-30,MX01,MX01-Operating,15530235.97
2025-07-31,MX01,MX01-Operating,15651347.48
2025-08-01,MX01,MX01-Operating,15582380.42
2025-08-04,MX01,MX01-Operating,15280783.09
2025-08-05,MX01,MX01-Operating,15219480.86
2025-08-06,MX01,MX01-Operating,15614587.59
2025-08-07,MX01,MX01-Operating,15671359.53
2025-08-08,MX01,MX01-Operating,15944303.79
2025-08-11,MX01,MX01-Operating,15735462.37
2025-08-12,MX01,MX01-Operating,15727418.05
2025-08-13,MX01,MX01-Operating,15985775.06
2025-08-14,MX01,MX01-Operating,16141182.82
2025-08-15,MX01,MX01-Operating,16285433.31
2025-08-18,MX01,MX01-Operating,16093729.43
2025-08-19,MX01,MX01-Operating,16425498.98
2025-08-20,MX01,MX01-Operating,16242987.76
2025-08-21,MX01,MX01-Operating,16290401.82
2025-08-22,MX01,MX01-Operating,15913780.30
2025-08-25,MX01,MX01-Operating,15748201.44
2025-08-26,MX01,MX01-Operating,15370707.21
2025-08-27,MX01,MX01-Operating,15642544.99
2025-08-28,MX01,MX01-Operating,15463096.67
2025-08-29,MX01,MX01-Operating,15525669.33
2025-09-01,MX01,MX01-Operating,15106786.88
2025-09-02,MX01,MX01-Operating,15471015.45
2025-09-03,MX01,MX01-Operating,15509116.75
2025-09-04,MX01,MX01-Operating,15657940.46
2025-09-05,MX01,MX01-Operating,15470728.66
2025-09-08,MX01,MX01-Operating,15897149.39
2025-09-09,MX01,MX01-Operating,15868878.21
2025-09-10,MX01,MX01-Operating,15438799.37
2025-09-11,MX01,MX01-Operating,15470051.62
2025-09-12,MX01,MX01-Operating,15442331.68
2025-09-15,MX01,MX01-Operating,15929400.91
2025-09-16,MX01,MX01-Operating,15852932.08
2025-09-17,MX01,MX01-Operating,16049455.72
2025-09-18,MX01,MX01-Operating,16526062.98
2025-09-19,MX01,MX01-Operating,16623434.70
2025-09-22,MX01,MX01-Operating,17133099.18
2025-09-23,MX01,MX01-Operating,16823351.11
2025-09-24,MX01,MX01-Operating,17022083.95
2025-09-25,MX01,MX01-Operating,17375774.90
2025-09-26,MX01,MX01-Operating,17337781.40
2025-09-29,MX01,MX01-Operating,17597745.67
2025-09-30,MX01,MX01-Operating,18065693.20
2025-10-01,MX01,MX01-Operating,18244262.77
2025-10-02,MX01,MX01-Operating,17959551.99
2025-10-03,MX01,MX01-Operating,18388828.18
2025-10-06,MX01,MX01-Operating,18535092.69
2025-10-07,MX01,MX01-Operating,19061910.83
2025-10-08,MX01,MX01-Operating,18667418.23
2025-10-09,MX01,MX01-Operating,18596885.53
2025-10-10,MX01,MX01-Operating,18955920.39
2025-10-13,MX01,MX01-Operating,18761194.61
2025-10-14,MX01,MX01-Operating,18427343.00
2025-10-15,MX01,MX01-Operating,17895856.82
2025-10-16,MX01,MX01-Operating,17612682.18
2025-10-17,MX01,MX01-Operating,17962740.82
2025-10-20,MX01,MX01-Operating,18236189.34
2025-10-21,MX01,MX01-Operating,17850079.12
2025-10-22,MX01,MX01-Operating,17773357.83
2025-10-23,MX01,MX01-Operating,18224115.26
2025-10-24,MX01,MX01-Operating,18501481.90
2025-10-27,MX01,MX01-Operating,18074280.94
2025-10-28,MX01,MX01-Operating,18578373.36
2025-10-29,MX01,MX01-Operating,18149515.59
2025-10-30,MX01,MX01-Operating,17794735.15
2025-10-31,MX01,MX01-Operating,17854031.15
2025-11-03,MX01,MX01-Operating,17508559.03
2025-11-04,MX01,MX01-Operating,17678113.80
2025-11-05,MX01,MX01-Operating,17782578.32
2025-11-06,MX01,MX01-Operating,17993779.60
2025-11-07,MX01,MX01-Operating,17952452.27
2025-11-10,MX01,MX01-Operating,18385908.35
2025-11-11,MX01,MX01-Operating,18904660.37
2025-11-12,MX01,MX01-Operating,18861664.62
2025-11-13,MX01,MX01-Operating,18956499.16
2025-11-14,MX01,MX01-Operating,18683232.16
2025-11-17,MX01,MX01-Operating,18861533.49
2025-11-18,MX01,MX01-Operating,19312683.79
2025-11-19,MX01,MX01-Operating,19153042.78
2025-11-20,MX01,MX01-Operating,19278141.18
2025-11-21,MX01,MX01-Operating,19227190.77
2025-11-24,MX01,MX01-Operating,19095638.00
2025-11-25,MX01,MX01-Operating,19122803.00
2025-11-26,MX01,MX01-Operating,19689570.03
2025-11-27,MX01,MX01-Operating,19233768.19
2025-11-28,MX01,MX01-Operating,19704205.05
2025-12-01,MX01,MX01-Operating,19597046.89
2025-12-02,MX01,MX01-Operating,19408644.07
2025-12-03,MX01,MX01-Operating,18895919.72
2025-12-04,MX01,MX01-Operating,19070189.51
2025-12-05,MX01,MX01-Operating,18522187.33
2025-12-08,MX01,MX01-Operating,19032517.56
2025-12-09,MX01,MX01-Operating,18578279.35
2025-12-10,MX01,MX01-Operating,18847062.76
2025-12-11,MX01,MX01-Operating,19176685.89
2025-12-12,MX01,MX01-Operating,18966215.93
2025-12-15,MX01,MX01-Operating,19420015.04
2025-12-16,MX01,MX01-Operating,19549162.77
2025-12-17,MX01,MX01-Operating,19360086.89
2025-12-18,MX01,MX01-Operating,19949344.33
2025-12-19,MX01,MX01-Operating,20022058.22
2025-12-22,MX01,MX01-Operating,19597590.08
2025-12-23,MX01,MX01-Operating,19775618.66
2025-12-24,MX01,MX01-Operating,19844441.15
2025-12-25,MX01,MX01-Operating,20128021.33
2025-12-26,MX01,MX01-Operating,20404357.79
2025-12-29,MX01,MX01-Operating,20029508.20
2025-12-30,MX01,MX01-Operating,20638472.44
2025-12-31,MX01,MX01-Operating,20417753.24
2024-01-01,MX01,MX01-Payroll,1733244.45
2024-01-02,MX01,MX01-Payroll,1732243.59
2024-01-03,MX01,MX01-Payroll,1705762.09
2024-01-04,MX01,MX01-Payroll,1682607.00
2024-01-05,MX01,MX01-Payroll,1646464.05
2024-01-08,MX01,MX01-Payroll,1643847.27
2024-01-09,MX01,MX01-Payroll,1614076.23
2024-01-10,MX01,MX01-Payroll,1660355.09
2024-01-11,MX01,MX01-Payroll,1661638.23
2024-01-12,MX01,MX01-Payroll,1662815.29
2024-01-15,MX01,MX01-Payroll,1690354.05
2024-01-16,MX01,MX01-Payroll,1732416.08
2024-01-17,MX01,MX01-Payroll,1766289.17
2024-01-18,MX01,MX01-Payroll,1756745.11
2024-01-19,MX01,MX01-Payroll,1759190.71
2024-01-22,MX01,MX01-Payroll,1754501.36
2024-01-23,MX01,MX01-Payroll,1796996.59
2024-01-24,MX01,MX01-Payroll,1754591.89
2024-01-25,MX01,MX01-Payroll,1784025.87
2024-01-26,MX01,MX01-Payroll,1815877.26
2024-01-29,MX01,MX01-Payroll,1762026.98
2024-01-30,MX01,MX01-Payroll,1755720.39
2024-01-31,MX01,MX01-Payroll,1765598.87
2024-02-01,MX01,MX01-Payroll,1764703.82
2024-02-02,MX01,MX01-Payroll,1782274.05
2024-02-05,MX01,MX01-Payroll,1816959.65
2024-02-06,MX01,MX01-Payroll,1785436.96
2024-02-07,MX01,MX01-Payroll,1790870.47
2024-02-08,MX01,MX01-Payroll,1824415.61
2024-02-09,MX01,MX01-Payroll,1774965.39
2024-02-12,MX01,MX01-Payroll,1747462.67
2024-02-13,MX01,MX01-Payroll,1788730.37
2024-02-14,MX01,MX01-Payroll,1745147.75
2024-02-15,MX01,MX01-Payroll,1706551.20
2024-02-16,MX01,MX01-Payroll,1720490.73
2024-02-19,MX01,MX01-Payroll,1718260.44
2024-02-20,MX01,MX01-Payroll,1725773.04
2024-02-21,MX01,MX01-Payroll,1710725.61
2024-02-22,MX01,MX01-Payroll,1661222.28
2024-02-23,MX01,MX01-Payroll,1650608.56
2024-02-26,MX01,MX01-Payroll,1617674.23
2024-02-27,MX01,MX01-Payroll,1649281.77
2024-02-28,MX01,MX01-Payroll,1607063.39
2024-02-29,MX01,MX01-Payroll,1657796.09
2024-03-01,MX01,MX01-Payroll,1670069.50
2024-03-04,MX01,MX01-Payroll,1699369.05
2024-03-05,MX01,MX01-Payroll,1687476.75
2024-03-06,MX01,MX01-Payroll,1652884.78
2024-03-07,MX01,MX01-Payroll,1684396.24
2024-03-08,MX01,MX01-Payroll,1649325.58
2024-03-11,MX01,MX01-Payroll,1697268.91
2024-03-12,MX01,MX01-Payroll,1721935.49
2024-03-13,MX01,MX01-Payroll,1756663.72
2024-03-14,MX01,MX01-Payroll,1762766.77
2024-03-15,MX01,MX01-Payroll,1783814.35
2024-03-18,MX01,MX01-Payroll,1825826.07
2024-03-19,MX01,MX01-Payroll,1773461.91
2024-03-20,MX01,MX01-Payroll,1785752.08
2024-03-21,MX01,MX01-Payroll,1785414.27
2024-03-22,MX01,MX01-Payroll,1779402.35
2024-03-25,MX01,MX01-Payroll,1836056.02
2024-03-26,MX01,MX01-Payroll,1880221.84
2024-03-27,MX01,MX01-Payroll,1888361.28
2024-03-28,MX01,MX01-Payroll,1915018.37
2024-03-29,MX01,MX01-Payroll,1969576.72
2024-04-01,MX01,MX01-Payroll,2024511.35
2024-04-02,MX01,MX01-Payroll,2039540.35
2024-04-03,MX01,MX01-Payroll,2020544.11
2024-04-04,MX01,MX01-Payroll,2081370.79
2024-04-05,MX01,MX01-Payroll,2060725.88
2024-04-08,MX01,MX01-Payroll,2019216.53
2024-04-09,MX01,MX01-Payroll,2024490.46
2024-04-10,MX01,MX01-Payroll,2020007.72
2024-04-11,MX01,MX01-Payroll,2071738.93
2024-04-12,MX01,MX01-Payroll,2128736.61
2024-04-15,MX01,MX01-Payroll,2080067.94
2024-04-16,MX01,MX01-Payroll,2052513.05
2024-04-17,MX01,MX01-Payroll,2087466.96
2024-04-18,MX01,MX01-Payroll,2138866.63
2024-04-19,MX01,MX01-Payroll,2079704.83
2024-04-22,MX01,MX01-Payroll,2017700.66
2024-04-23,MX01,MX01-Payroll,2040239.55
2024-04-24,MX01,MX01-Payroll,1997303.43
2024-04-25,MX01,MX01-Payroll,1970556.70
2024-04-26,MX01,MX01-Payroll,1983731.20
2024-04-29,MX01,MX01-Payroll,1973379.87
2024-04-30,MX01,MX01-Payroll,1983757.44
2024-05-01,MX01,MX01-Payroll,1972519.70
2024-05-02,MX01,MX01-Payroll,1978523.24
2024-05-03,MX01,MX01-Payroll,2018455.29
2024-05-06,MX01,MX01-Payroll,2032136.14
2024-05-07,MX01,MX01-Payroll,2068836.93
2024-05-08,MX01,MX01-Payroll,2076477.41
2024-05-09,MX01,MX01-Payroll,2062314.36
2024-05-10,MX01,MX01-Payroll,2062549.98
2024-05-13,MX01,MX01-Payroll,2081134.48
2024-05-14,MX01,MX01-Payroll,2103331.18
2024-05-15,MX01,MX01-Payroll,2161023.30
2024-05-16,MX01,MX01-Payroll,2223428.85
2024-05-17,MX01,MX01-Payroll,2174280.68
2024-05-20,MX01,MX01-Payroll,2164297.87
2024-05-21,MX01,MX01-Payroll,2172016.53
2024-05-22,MX01,MX01-Payroll,2220931.61
2024-05-23,MX01,MX01-Payroll,2193514.13
2024-05-24,MX01,MX01-Payroll,2210632.79
2024-05-27,MX01,MX01-Payroll,2272256.24
2024-05-28,MX01,MX01-Payroll,2216644.42
2024-05-29,MX01,MX01-Payroll,2153937.10
2024-05-30,MX01,MX01-Payroll,2161098.15
2024-05-31,MX01,MX01-Payroll,2112820.32
2024-06-03,MX01,MX01-Payroll,2054330.66
2024-06-04,MX01,MX01-Payroll,2077261.43
2024-06-05,MX01,MX01-Payroll,2079895.45
2024-06-06,MX01,MX01-Payroll,2053650.30
2024-06-07,MX01,MX01-Payroll,1996232.05
2024-06-10,MX01,MX01-Payroll,1978175.41
2024-06-11,MX01,MX01-Payroll,2012179.40
2024-06-12,MX01,MX01-Payroll,1997591.86
2024-06-13,MX01,MX01-Payroll,1994391.12
2024-06-14,MX01,MX01-Payroll,1970828.90
2024-06-17,MX01,MX01-Payroll,2000083.81
2024-06-18,MX01,MX01-Payroll,2020719.00
2024-06-19,MX01,MX01-Payroll,2024663.43
2024-06-20,MX01,MX01-Payroll,2007876.49
2024-06-21,MX01,MX01-Payroll,2057329.83
2024-06-24,MX01,MX01-Payroll,2007034.73
2024-06-25,MX01,MX01-Payroll,2041878.29
2024-06-26,MX01,MX01-Payroll,2074623.00
2024-06-27,MX01,MX01-Payroll,2102558.25
2024-06-28,MX01,MX01-Payroll,2102760.49
2024-07-01,MX01,MX01-Payroll,2067923.42
2024-07-02,MX01,MX01-Payroll,2132122.38
2024-07-03,MX01,MX01-Payroll,2164982.23
2024-07-04,MX01,MX01-Payroll,2129900.97
2024-07-05,MX01,MX01-Payroll,2129391.75
2024-07-08,MX01,MX01-Payroll,2174128.70
2024-07-09,MX01,MX01-Payroll,2158007.12
2024-07-10,MX01,MX01-Payroll,2201328.38
2024-07-11,MX01,MX01-Payroll,2238452.89
2024-07-12,MX01,MX01-Payroll,2177475.01
2024-07-15,MX01,MX01-Payroll,2113384.58
2024-07-16,MX01,MX01-Payroll,2158518.52
2024-07-17,MX01,MX01-Payroll,2119345.34
2024-07-18,MX01,MX01-Payroll,2174175.67
2024-07-19,MX01,MX01-Payroll,2205814.54
2024-07-22,MX01,MX01-Payroll,2267407.33
2024-07-23,MX01,MX01-Payroll,2257566.72
2024-07-24,MX01,MX01-Payroll,2284642.91
2024-07-25,MX01,MX01-Payroll,2219164.93
2024-07-26,MX01,MX01-Payroll,2219427.79
2024-07-29,MX01,MX01-Payroll,2275286.16
2024-07-30,MX01,MX01-Payroll,2219572.09
2024-07-31,MX01,MX01-Payroll,2222032.08
2024-08-01,MX01,MX01-Payroll,2232964.81
2024-08-02,MX01,MX01-Payroll,2263766.48
2024-08-05,MX01,MX01-Payroll,2281796.98
2024-08-06,MX01,MX01-Payroll,2286808.82
2024-08-07,MX01,MX01-Payroll,2262065.39
2024-08-08,MX01,MX01-Payroll,2249100.69
2024-08-09,MX01,MX01-Payroll,2193164.23
2024-08-12,MX01,MX01-Payroll,2150631.42
2024-08-13,MX01,MX01-Payroll,2210446.06
2024-08-14,MX01,MX01-Payroll,2155033.66
2024-08-15,MX01,MX01-Payroll,2142628.76
2024-08-16,MX01,MX01-Payroll,2103883.95
2024-08-19,MX01,MX01-Payroll,2094919.41
2024-08-20,MX01,MX01-Payroll,2082016.20
2024-08-21,MX01,MX01-Payroll,2048341.71
2024-08-22,MX01,MX01-Payroll,2042212.99
2024-08-23,MX01,MX01-Payroll,2034362.11
2024-08-26,MX01,MX01-Payroll,2032069.60
2024-08-27,MX01,MX01-Payroll,2020530.59
2024-08-28,MX01,MX01-Payroll,2030393.33
2024-08-29,MX01,MX01-Payroll,2008905.34
2024-08-30,MX01,MX01-Payroll,2007345.91
2024-09-02,MX01,MX01-Payroll,2015318.54
2024-09-03,MX01,MX01-Payroll,2017612.20
2024-09-04,MX01,MX01-Payroll,2051983.89
2024-09-05,MX01,MX01-Payroll,2076804.57
2024-09-06,MX01,MX01-Payroll,2110869.18
2024-09-09,MX01,MX01-Payroll,2089434.38
2024-09-10,MX01,MX01-Payroll,2132354.42
2024-09-11,MX01,MX01-Payroll,2137709.03
2024-09-12,MX01,MX01-Payroll,2121097.84
2024-09-13,MX01,MX01-Payroll,2077140.26
2024-09-16,MX01,MX01-Payroll,2097934.31
2024-09-17,MX01,MX01-Payroll,2078821.22
2024-09-18,MX01,MX01-Payroll,2105827.42
2024-09-19,MX01,MX01-Payroll,2079611.55
2024-09-20,MX01,MX01-Payroll,2098326.22
2024-09-23,MX01,MX01-Payroll,2067414.42
2024-09-24,MX01,MX01-Payroll,2046871.81
2024-09-25,MX01,MX01-Payroll,2020657.29
2024-09-26,MX01,MX01-Payroll,2000751.35
2024-09-27,MX01,MX01-Payroll,2058459.11
2024-09-30,MX01,MX01-Payroll,2056011.22
2024-10-01,MX01,MX01-Payroll,2079925.71
2024-10-02,MX01,MX01-Payroll,2129966.20
2024-10-03,MX01,MX01-Payroll,2190497.56
2024-10-04,MX01,MX01-Payroll,2184659.16
2024-10-07,MX01,MX01-Payroll,2237743.95
2024-10-08,MX01,MX01-Payroll,2278913.02
2024-10-09,MX01,MX01-Payroll,2241185.30
2024-10-10,MX01,MX01-Payroll,2305804.55
2024-10-11,MX01,MX01-Payroll,2296346.01
2024-10-14,MX01,MX01-Payroll,2355399.19
2024-10-15,MX01,MX01-Payroll,2356886.78
2024-10-16,MX01,MX01-Payroll,2301058.62
2024-10-17,MX01,MX01-Payroll,2255184.61
2024-10-18,MX01,MX01-Payroll,2260738.35
2024-10-21,MX01,MX01-Payroll,2289013.48
2024-10-22,MX01,MX01-Payroll,2284325.81
2024-10-23,MX01,MX01-Payroll,2265272.02
2024-10-24,MX01,MX01-Payroll,2255790.82
2024-10-25,MX01,MX01-Payroll,2275197.65
2024-10-28,MX01,MX01-Payroll,2308248.65
2024-10-29,MX01,MX01-Payroll,2339017.40
2024-10-30,MX01,MX01-Payroll,2383484.05
2024-10-31,MX01,MX01-Payroll,2436520.48
2024-11-01,MX01,MX01-Payroll,2513387.01
2024-11-04,MX01,MX01-Payroll,2471211.76
2024-11-05,MX01,MX01-Payroll,2473225.55
2024-11-06,MX01,MX01-Payroll,2399476.27
2024-11-07,MX01,MX01-Payroll,2419267.04
2024-11-08,MX01,MX01-Payroll,2379378.65
2024-11-11,MX01,MX01-Payroll,2436792.20
2024-11-12,MX01,MX01-Payroll,2428778.03
2024-11-13,MX01,MX01-Payroll,2481541.67
2024-11-14,MX01,MX01-Payroll,2422634.23
2024-11-15,MX01,MX01-Payroll,2486974.95
2024-11-18,MX01,MX01-Payroll,2433240.50
2024-11-19,MX01,MX01-Payroll,2387057.49
2024-11-20,MX01,MX01-Payroll,2447334.33
2024-11-21,MX01,MX01-Payroll,2513598.91
2024-11-22,MX01,MX01-Payroll,2548111.78
2024-11-25,MX01,MX01-Payroll,2520341.10
2024-11-26,MX01,MX01-Payroll,2549996.38
2024-11-27,MX01,MX01-Payroll,2612688.20
2024-11-28,MX01,MX01-Payroll,2658230.06
2024-11-29,MX01,MX01-Payroll,2640234.89
2024-12-02,MX01,MX01-Payroll,2636405.33
2024-12-03,MX01,MX01-Payroll,2675486.89
2024-12-04,MX01,MX01-Payroll,2620778.95
2024-12-05,MX01,MX01-Payroll,2686327.71
2024-12-06,MX01,MX01-Payroll,2699027.44
2024-12-09,MX01,MX01-Payroll,2698544.43
2024-12-10,MX01,MX01-Payroll,2783410.00
2024-12-11,MX01,MX01-Payroll,2738561.75
2024-12-12,MX01,MX01-Payroll,2720321.17
2024-12-13,MX01,MX01-Payroll,2765378.95
2024-12-16,MX01,MX01-Payroll,2843604.56
2024-12-17,MX01,MX01-Payroll,2771685.55
2024-12-18,MX01,MX01-Payroll,2711286.61
2024-12-19,MX01,MX01-Payroll,2776653.00
2024-12-20,MX01,MX01-Payroll,2703273.13
2024-12-23,MX01,MX01-Payroll,2775724.94
2024-12-24,MX01,MX01-Payroll,2818303.39
2024-12-25,MX01,MX01-Payroll,2792165.99
2024-12-26,MX01,MX01-Payroll,2796072.32
2024-12-27,MX01,MX01-Payroll,2731055.99
2024-12-30,MX01,MX01-Payroll,2694460.73
2024-12-31,MX01,MX01-Payroll,2724762.43
2025-01-01,MX01,MX01-Payroll,2787231.13
2025-01-02,MX01,MX01-Payroll,2828554.46
2025-01-03,MX01,MX01-Payroll,2803671.10
2025-01-06,MX01,MX01-Payroll,2784284.91
2025-01-07,MX01,MX01-Payroll,2792129.90
2025-01-08,MX01,MX01-Payroll,2712122.52
2025-01-09,MX01,MX01-Payroll,2744054.35
2025-01-10,MX01,MX01-Payroll,2747333.95
2025-01-13,MX01,MX01-Payroll,2715572.61
2025-01-14,MX01,MX01-Payroll,2728484.82
2025-01-15,MX01,MX01-Payroll,2699977.95
2025-01-16,MX01,MX01-Payroll,2768067.00
2025-01-17,MX01,MX01-Payroll,2824786.63
2025-01-20,MX01,MX01-Payroll,2755807.01
2025-01-21,MX01,MX01-Payroll,2819170.98
2025-01-22,MX01,MX01-Payroll,2809992.96
2025-01-23,MX01,MX01-Payroll,2838073.03
2025-01-24,MX01,MX01-Payroll,2761530.85
2025-01-27,MX01,MX01-Payroll,2847208.16
2025-01-28,MX01,MX01-Payroll,2867259.25
2025-01-29,MX01,MX01-Payroll,2839729.40
2025-01-30,MX01,MX01-Payroll,2906171.87
2025-01-31,MX01,MX01-Payroll,2900500.95
2025-02-03,MX01,MX01-Payroll,2872674.37
2025-02-04,MX01,MX01-Payroll,2920449.02
2025-02-05,MX01,MX01-Payroll,2989885.54
2025-02-06,MX01,MX01-Payroll,2986813.82
2025-02-07,MX01,MX01-Payroll,3007403.27
2025-02-10,MX01,MX01-Payroll,3007876.55
2025-02-11,MX01,MX01-Payroll,2974439.80
2025-02-12,MX01,MX01-Payroll,2901597.89
2025-02-13,MX01,MX01-Payroll,2817366.51
2025-02-14,MX01,MX01-Payroll,2765393.16
2025-02-17,MX01,MX01-Payroll,2837800.33
2025-02-18,MX01,MX01-Payroll,2916678.04
2025-02-19,MX01,MX01-Payroll,2890821.95
2025-02-20,MX01,MX01-Payroll,2869103.48
2025-02-21,MX01,MX01-Payroll,2874711.53
2025-02-24,MX01,MX01-Payroll,2816062.03
2025-02-25,MX01,MX01-Payroll,2731923.83
2025-02-26,MX01,MX01-Payroll,2753869.76
2025-02-27,MX01,MX01-Payroll,2735784.99
2025-02-28,MX01,MX01-Payroll,2773661.67
2025-03-03,MX01,MX01-Payroll,2774108.93
2025-03-04,MX01,MX01-Payroll,2837982.59
2025-03-05,MX01,MX01-Payroll,2829445.15
2025-03-06,MX01,MX01-Payroll,2782489.70
2025-03-07,MX01,MX01-Payroll,2870393.56
2025-03-10,MX01,MX01-Payroll,2953490.09
2025-03-11,MX01,MX01-Payroll,2919952.62
2025-03-12,MX01,MX01-Payroll,2890633.33
2025-03-13,MX01,MX01-Payroll,2884226.71
2025-03-14,MX01,MX01-Payroll,2963310.61
2025-03-17,MX01,MX01-Payroll,2963992.92
2025-03-18,MX01,MX01-Payroll,2975703.55
2025-03-19,MX01,MX01-Payroll,3022544.29
2025-03-20,MX01,MX01-Payroll,3008818.34
2025-03-21,MX01,MX01-Payroll,3059560.28
2025-03-24,MX01,MX01-Payroll,3134133.02
2025-03-25,MX01,MX01-Payroll,3192332.52
2025-03-26,MX01,MX01-Payroll,3290698.50
2025-03-27,MX01,MX01-Payroll,3302350.70
2025-03-28,MX01,MX01-Payroll,3265382.94
2025-03-31,MX01,MX01-Payroll,3283384.84
2025-04-01,MX01,MX01-Payroll,3237299.26
2025-04-02,MX01,MX01-Payroll,3161533.55
2025-04-03,MX01,MX01-Payroll,3080512.93
2025-04-04,MX01,MX01-Payroll,3076465.60
2025-04-07,MX01,MX01-Payroll,3108829.53
2025-04-08,MX01,MX01-Payroll,3183176.91
2025-04-09,MX01,MX01-Payroll,3268274.99
2025-04-10,MX01,MX01-Payroll,3313880.01
2025-04-11,MX01,MX01-Payroll,3270878.78
2025-04-14,MX01,MX01-Payroll,3260960.60
2025-04-15,MX01,MX01-Payroll,3241306.46
2025-04-16,MX01,MX01-Payroll,3244016.15
2025-04-17,MX01,MX01-Payroll,3186543.27
2025-04-18,MX01,MX01-Payroll,3171279.05
2025-04-21,MX01,MX01-Payroll,3143247.16
2025-04-22,MX01,MX01-Payroll,3224444.84
2025-04-23,MX01,MX01-Payroll,3177849.48
2025-04-24,MX01,MX01-Payroll,3137411.45
2025-04-25,MX01,MX01-Payroll,3194282.39
2025-04-28,MX01,MX01-Payroll,3178512.07
2025-04-29,MX01,MX01-Payroll,3146588.41
2025-04-30,MX01,MX01-Payroll,3176412.81
2025-05-01,MX01,MX01-Payroll,3257068.04
2025-05-02,MX01,MX01-Payroll,3257225.25
2025-05-05,MX01,MX01-Payroll,3208340.76
2025-05-06,MX01,MX01-Payroll,3230193.04
2025-05-07,MX01,MX01-Payroll,3300934.36
2025-05-08,MX01,MX01-Payroll,3349480.40
2025-05-09,MX01,MX01-Payroll,3272398.89
2025-05-12,MX01,MX01-Payroll,3202705.59
2025-05-13,MX01,MX01-Payroll,3275150.00
2025-05-14,MX01,MX01-Payroll,3350227.44
2025-05-15,MX01,MX01-Payroll,3378370.24
2025-05-16,MX01,MX01-Payroll,3386398.98
2025-05-19,MX01,MX01-Payroll,3418545.29
2025-05-20,MX01,MX01-Payroll,3473859.85
2025-05-21,MX01,MX01-Payroll,3488310.48
2025-05-22,MX01,MX01-Payroll,3549554.70
2025-05-23,MX01,MX01-Payroll,3516365.49
2025-05-26,MX01,MX01-Payroll,3574501.23
2025-05-27,MX01,MX01-Payroll,3566543.62
2025-05-28,MX01,MX01-Payroll,3599485.61
2025-05-29,MX01,MX01-Payroll,3620870.98
2025-05-30,MX01,MX01-Payroll,3549366.17
2025-06-02,MX01,MX01-Payroll,3518673.75
2025-06-03,MX01,MX01-Payroll,3496334.83
2025-06-04,MX01,MX01-Payroll,3540338.06
2025-06-05,MX01,MX01-Payroll,3455921.70
2025-06-06,MX01,MX01-Payroll,3508462.41
2025-06-09,MX01,MX01-Payroll,3492776.03
2025-06-10,MX01,MX01-Payroll,3505076.84
2025-06-11,MX01,MX01-Payroll,3442233.23
2025-06-12,MX01,MX01-Payroll,3468881.37
2025-06-13,MX01,MX01-Payroll,3496650.80
2025-06-16,MX01,MX01-Payroll,3588368.24
2025-06-17,MX01,MX01-Payroll,3573511.56
2025-06-18,MX01,MX01-Payroll,3586976.89
2025-06-19,MX01,MX01-Payroll,3522077.95
2025-06-20,MX01,MX01-Payroll,3597964.90
2025-06-23,MX01,MX01-Payroll,3649758.00
2025-06-24,MX01,MX01-Payroll,3738186.25
2025-06-25,MX01,MX01-Payroll,3709092.05
2025-06-26,MX01,MX01-Payroll,3717827.23
2025-06-27,MX01,MX01-Payroll,3660719.90
2025-06-30,MX01,MX01-Payroll,3653073.48
2025-07-01,MX01,MX01-Payroll,3606688.26
2025-07-02,MX01,MX01-Payroll,3716998.44
2025-07-03,MX01,MX01-Payroll,3755817.29
2025-07-04,MX01,MX01-Payroll,3768479.10
2025-07-07,MX01,MX01-Payroll,3762145.21
2025-07-08,MX01,MX01-Payroll,3682048.40
2025-07-09,MX01,MX01-Payroll,3673296.38
2025-07-10,MX01,MX01-Payroll,3592519.15
2025-07-11,MX01,MX01-Payroll,3631052.05
2025-07-14,MX01,MX01-Payroll,3565446.97
2025-07-15,MX01,MX01-Payroll,3587646.59
2025-07-16,MX01,MX01-Payroll,3628688.69
2025-07-17,MX01,MX01-Payroll,3734816.89
2025-07-18,MX01,MX01-Payroll,3807535.80
2025-07-21,MX01,MX01-Payroll,3747630.98
2025-07-22,MX01,MX01-Payroll,3806040.99
2025-07-23,MX01,MX01-Payroll,3729922.72
2025-07-24,MX01,MX01-Payroll,3833289.93
2025-07-25,MX01,MX01-Payroll,3735837.72
2025-07-28,MX01,MX01-Payroll,3772833.82
2025-07-29,MX01,MX01-Payroll,3663480.42
2025-07-30,MX01,MX01-Payroll,3637757.83
2025-07-31,MX01,MX01-Payroll,3669207.65
2025-08-01,MX01,MX01-Payroll,3627254.88
2025-08-04,MX01,MX01-Payroll,3642752.94
2025-08-05,MX01,MX01-Payroll,3582027.43
2025-08-06,MX01,MX01-Payroll,3688617.63
2025-08-07,MX01,MX01-Payroll,3699301.42
2025-08-08,MX01,MX01-Payroll,3751834.23
2025-08-11,MX01,MX01-Payroll,3708211.29
2025-08-12,MX01,MX01-Payroll,3741789.12
2025-08-13,MX01,MX01-Payroll,3740097.87
2025-08-14,MX01,MX01-Payroll,3813935.38
2025-08-15,MX01,MX01-Payroll,3879137.83
2025-08-18,MX01,MX01-Payroll,3806619.02
2025-08-19,MX01,MX01-Payroll,3706748.35
2025-08-20,MX01,MX01-Payroll,3820369.51
2025-08-21,MX01,MX01-Payroll,3913820.83
2025-08-22,MX01,MX01-Payroll,3840266.75
2025-08-25,MX01,MX01-Payroll,3744005.51
2025-08-26,MX01,MX01-Payroll,3860790.89
2025-08-27,MX01,MX01-Payroll,3943595.21
2025-08-28,MX01,MX01-Payroll,3895219.49
2025-08-29,MX01,MX01-Payroll,3939980.72
2025-09-01,MX01,MX01-Payroll,3824272.71
2025-09-02,MX01,MX01-Payroll,3875468.12
2025-09-03,MX01,MX01-Payroll,3884429.73
2025-09-04,MX01,MX01-Payroll,3773274.07
2025-09-05,MX01,MX01-Payroll,3664349.15
2025-09-08,MX01,MX01-Payroll,3594768.64
2025-09-09,MX01,MX01-Payroll,3494006.67
2025-09-10,MX01,MX01-Payroll,3516183.64
2025-09-11,MX01,MX01-Payroll,3582510.63
2025-09-12,MX01,MX01-Payroll,3547611.54
2025-09-15,MX01,MX01-Payroll,3509728.34
2025-09-16,MX01,MX01-Payroll,3485531.52
2025-09-17,MX01,MX01-Payroll,3501280.90
2025-09-18,MX01,MX01-Payroll,3497323.25
2025-09-19,MX01,MX01-Payroll,3401141.87
2025-09-22,MX01,MX01-Payroll,3303642.78
2025-09-23,MX01,MX01-Payroll,3385760.73
2025-09-24,MX01,MX01-Payroll,3323261.12
2025-09-25,MX01,MX01-Payroll,3392713.38
2025-09-26,MX01,MX01-Payroll,3476061.07
2025-09-29,MX01,MX01-Payroll,3569726.80
2025-09-30,MX01,MX01-Payroll,3474543.93
2025-10-01,MX01,MX01-Payroll,3574092.09
2025-10-02,MX01,MX01-Payroll,3638539.85
2025-10-03,MX01,MX01-Payroll,3544733.89
2025-10-06,MX01,MX01-Payroll,3616976.35
2025-10-07,MX01,MX01-Payroll,3695669.08
2025-10-08,MX01,MX01-Payroll,3734922.50
2025-10-09,MX01,MX01-Payroll,3727084.20
2025-10-10,MX01,MX01-Payroll,3629357.94
2025-10-13,MX01,MX01-Payroll,3614029.03
2025-10-14,MX01,MX01-Payroll,3701350.65
2025-10-15,MX01,MX01-Payroll,3701491.97
2025-10-16,MX01,MX01-Payroll,3700037.56
2025-10-17,MX01,MX01-Payroll,3792086.70
2025-10-20,MX01,MX01-Payroll,3844259.87
2025-10-21,MX01,MX01-Payroll,3944464.04
2025-10-22,MX01,MX01-Payroll,3975081.79
2025-10-23,MX01,MX01-Payroll,4057392.20
2025-10-24,MX01,MX01-Payroll,4120215.48
2025-10-27,MX01,MX01-Payroll,4221235.25
2025-10-28,MX01,MX01-Payroll,4176610.85
2025-10-29,MX01,MX01-Payroll,4210844.79
2025-10-30,MX01,MX01-Payroll,4212085.40
2025-10-31,MX01,MX01-Payroll,4304166.02
2025-11-03,MX01,MX01-Payroll,4244438.10
2025-11-04,MX01,MX01-Payroll,4325804.74
2025-11-05,MX01,MX01-Payroll,4281835.12
2025-11-06,MX01,MX01-Payroll,4383657.64
2025-11-07,MX01,MX01-Payroll,4303537.67
2025-11-10,MX01,MX01-Payroll,4418087.14
2025-11-11,MX01,MX01-Payroll,4527680.97
2025-11-12,MX01,MX01-Payroll,4579776.81
2025-11-13,MX01,MX01-Payroll,4582687.24
2025-11-14,MX01,MX01-Payroll,4541312.97
2025-11-17,MX01,MX01-Payroll,4588444.79
2025-11-18,MX01,MX01-Payroll,4542243.13
2025-11-19,MX01,MX01-Payroll,4630028.03
2025-11-20,MX01,MX01-Payroll,4551965.76
2025-11-21,MX01,MX01-Payroll,4584172.19
2025-11-24,MX01,MX01-Payroll,4573923.45
2025-11-25,MX01,MX01-Payroll,4659336.49
2025-11-26,MX01,MX01-Payroll,4731740.03
2025-11-27,MX01,MX01-Payroll,4840006.44
2025-11-28,MX01,MX01-Payroll,4965420.75
2025-12-01,MX01,MX01-Payroll,4997556.48
2025-12-02,MX01,MX01-Payroll,4881813.13
2025-12-03,MX01,MX01-Payroll,4772180.21
2025-12-04,MX01,MX01-Payroll,4883272.58
2025-12-05,MX01,MX01-Payroll,4960477.63
2025-12-08,MX01,MX01-Payroll,5117884.18
2025-12-09,MX01,MX01-Payroll,5254709.36
2025-12-10,MX01,MX01-Payroll,5252102.14
2025-12-11,MX01,MX01-Payroll,5392313.13
2025-12-12,MX01,MX01-Payroll,5520444.94
2025-12-15,MX01,MX01-Payroll,5361615.81
2025-12-16,MX01,MX01-Payroll,5273078.90
2025-12-17,MX01,MX01-Payroll,5351412.75
2025-12-18,MX01,MX01-Payroll,5369163.86
2025-12-19,MX01,MX01-Payroll,5401758.67
2025-12-22,MX01,MX01-Payroll,5299261.99
2025-12-23,MX01,MX01-Payroll,5453105.61
2025-12-24,MX01,MX01-Payroll,5536955.66
2025-12-25,MX01,MX01-Payroll,5552723.52
2025-12-26,MX01,MX01-Payroll,5681244.83
2025-12-29,MX01,MX01-Payroll,5715666.16
2025-12-30,MX01,MX01-Payroll,5785946.46
2025-12-31,MX01,MX01-Payroll,5858935.68
