InvoiceID,CustomerID,InvoiceDate,DueDate,PaidDate,Amount
INV50001,C0035,2024-01-01,2024-03-01,2024-02-15,29899.54
INV50002,C0115,2024-01-01,2024-01-31,2024-01-12,805.04
INV50003,C0122,2024-01-01,2024-02-15,2024-02-01,4168.25
INV50004,C0163,2024-01-01,2024-02-15,2024-01-25,8882.55
INV50005,C0165,2024-01-01,2024-01-31,2024-01-23,2269.61
INV50006,C0005,2024-01-02,2024-02-01,2024-05-30,1802.21
INV50007,C0024,2024-01-02,2024-02-01,2024-01-24,2475.73
INV50008,C0041,2024-01-02,2024-02-16,2024-02-11,4240.85
INV50009,C0108,2024-01-02,2024-02-16,2024-02-01,4206.14
INV50010,C0143,2024-01-02,2024-02-01,2024-01-20,2023.86
INV50011,C0153,2024-01-02,2024-02-01,2024-01-08,876.53
INV50012,C0167,2024-01-02,2024-02-16,2024-01-20,13367.42
INV50013,C0174,2024-01-02,2024-02-01,2024-01-30,2245.73
INV50014,C0005,2024-01-03,2024-02-02,2024-01-17,1137.60
INV50015,C0026,2024-01-03,2024-02-17,2024-02-04,4430.64
INV50016,C0035,2024-01-04,2024-03-04,2024-02-12,8395.08
INV50017,C0044,2024-01-04,2024-02-03,2024-01-12,3135.59
INV50018,C0058,2024-01-04,2024-02-03,2024-01-09,2034.80
INV50019,C0060,2024-01-04,2024-02-18,2024-02-03,5238.83
INV50020,C0094,2024-01-04,2024-02-18,2024-01-23,7851.55
INV50021,C0114,2024-01-04,2024-02-03,2024-02-15,562.14
INV50022,C0129,2024-01-04,2024-02-03,2024-01-21,1381.00
INV50023,C0169,2024-01-04,2024-02-03,2024-02-01,2133.47
INV50024,C0031,2024-01-05,2024-02-04,2024-02-01,2139.49
INV50025,C0050,2024-01-05,2024-02-04,2024-05-22,6364.33
INV50026,C0054,2024-01-05,2024-03-05,2024-04-09,16077.86
INV50027,C0093,2024-01-05,2024-02-04,2024-02-22,6652.29
INV50028,C0098,2024-01-05,2024-02-04,2024-01-13,1328.01
INV50029,C0101,2024-01-05,2024-02-19,2024-02-06,17121.33
INV50030,C0108,2024-01-05,2024-02-19,2024-01-31,2976.60
INV50031,C0114,2024-01-05,2024-02-04,2024-06-09,1162.86
INV50032,C0166,2024-01-05,2024-02-19,2024-03-01,5402.38
INV50033,C0177,2024-01-05,2024-02-04,2024-01-17,1061.58
INV50034,C0005,2024-01-06,2024-02-05,2024-03-29,540.17
INV50035,C0121,2024-01-06,2024-02-05,2024-04-17,2323.48
INV50036,C0173,2024-01-06,2024-02-20,2024-01-31,7180.32
INV50037,C0006,2024-01-07,2024-02-21,2024-05-22,23319.53
INV50038,C0007,2024-01-07,2024-02-06,2024-01-29,1435.08
INV50039,C0054,2024-01-07,2024-03-07,2024-02-11,21891.97
INV50040,C0084,2024-01-07,2024-02-06,2024-03-19,853.58
INV50041,C0111,2024-01-07,2024-02-06,2024-04-16,338.45
INV50042,C0135,2024-01-07,2024-02-06,2024-04-23,1508.23
INV50043,C0176,2024-01-07,2024-02-06,2024-02-02,1326.42
INV50044,C0046,2024-01-08,2024-02-07,2024-01-30,2265.49
INV50045,C0074,2024-01-08,2024-02-07,2024-05-07,1312.23
INV50046,C0153,2024-01-08,2024-02-07,2024-01-19,2446.91
INV50047,C0160,2024-01-08,2024-02-07,2024-02-04,1004.48
INV50048,C0007,2024-01-09,2024-02-08,2024-01-18,2016.95
INV50049,C0082,2024-01-09,2024-02-08,2024-01-15,8420.36
INV50050,C0133,2024-01-09,2024-02-23,2024-01-24,4837.69
INV50051,C0137,2024-01-09,2024-02-08,2024-06-27,440.67
INV50052,C0144,2024-01-09,2024-02-08,2024-01-28,1559.46
INV50053,C0036,2024-01-10,2024-02-09,2024-01-31,2313.19
INV50054,C0073,2024-01-10,2024-02-09,2024-05-13,1558.47
INV50055,C0146,2024-01-10,2024-02-09,2024-01-29,1944.51
INV50056,C0167,2024-01-10,2024-02-24,2024-01-20,7866.07
INV50057,C0050,2024-01-11,2024-02-10,2024-05-23,6851.18
INV50058,C0085,2024-01-11,2024-02-10,2024-02-05,608.04
INV50059,C0086,2024-01-11,2024-02-10,2024-01-19,2110.66
INV50060,C0143,2024-01-11,2024-02-10,2024-01-21,650.69
INV50061,C0144,2024-01-11,2024-02-10,2024-06-03,1097.05
INV50062,C0170,2024-01-11,2024-02-10,2024-01-29,2382.79
INV50063,C0178,2024-01-11,2024-02-25,2024-06-20,5274.70
INV50064,C0179,2024-01-11,2024-02-25,2024-01-25,25437.61
INV50065,C0008,2024-01-12,2024-02-11,2024-03-30,922.15
INV50066,C0018,2024-01-12,2024-02-11,2024-01-21,2178.14
INV50067,C0056,2024-01-12,2024-02-11,2024-02-12,635.13
INV50068,C0074,2024-01-12,2024-02-11,2024-01-19,1455.16
INV50069,C0113,2024-01-12,2024-02-11,2024-02-05,2061.85
INV50070,C0020,2024-01-13,2024-02-12,2024-01-27,6915.46
INV50071,C0069,2024-01-13,2024-02-12,2024-02-18,2214.01
INV50072,C0090,2024-01-13,2024-02-12,2024-02-01,2007.33
INV50073,C0118,2024-01-13,2024-02-12,2024-01-29,1578.74
INV50074,C0126,2024-01-13,2024-02-12,2024-01-19,7402.79
INV50075,C0006,2024-01-14,2024-02-28,2024-02-05,10381.44
INV50076,C0007,2024-01-14,2024-02-13,2024-01-20,1018.32
INV50077,C0014,2024-01-14,2024-02-13,2024-01-28,1735.35
INV50078,C0037,2024-01-14,2024-02-13,2024-04-19,1353.23
INV50079,C0124,2024-01-14,2024-02-13,2024-02-03,560.70
INV50080,C0163,2024-01-14,2024-02-28,2024-02-10,5967.44
INV50081,C0176,2024-01-14,2024-02-13,2024-03-28,1943.56
INV50082,C0005,2024-01-15,2024-02-14,2024-02-09,448.77
INV50083,C0068,2024-01-15,2024-02-29,2024-02-18,26771.76
INV50084,C0076,2024-01-15,2024-02-14,2024-01-26,5262.14
INV50085,C0121,2024-01-15,2024-02-14,2024-02-02,1106.06
INV50086,C0044,2024-01-16,2024-02-15,2024-03-10,8631.19
INV50087,C0060,2024-01-16,2024-03-01,2024-02-09,4541.55
INV50088,C0132,2024-01-16,2024-02-15,2024-02-09,1983.40
INV50089,C0060,2024-01-17,2024-03-02,2024-03-03,7758.66
INV50090,C0156,2024-01-17,2024-03-02,2024-02-10,7419.81
INV50091,C0168,2024-01-17,2024-02-16,2024-02-16,1908.72
INV50092,C0178,2024-01-17,2024-03-02,2024-02-09,2004.50
INV50093,C0036,2024-01-18,2024-02-17,2024-01-26,2046.03
INV50094,C0118,2024-01-18,2024-02-17,2024-01-29,2060.80
INV50095,C0160,2024-01-18,2024-02-17,2024-02-08,659.69
INV50096,C0077,2024-01-19,2024-03-04,2024-02-25,7628.44
INV50097,C0083,2024-01-19,2024-02-18,2024-01-29,641.68
INV50098,C0092,2024-01-19,2024-02-18,2024-02-12,2268.26
INV50099,C0150,2024-01-19,2024-02-18,2024-02-04,2836.64
INV50100,C0002,2024-01-20,2024-03-20,2024-01-30,29444.19
INV50101,C0021,2024-01-20,2024-02-19,2024-01-25,2183.48
INV50102,C0087,2024-01-20,2024-02-19,2024-02-01,2142.64
INV50103,C0166,2024-01-20,2024-03-05,2024-03-26,5860.47
INV50104,C0173,2024-01-20,2024-03-05,2024-02-24,3591.01
INV50105,C0149,2024-01-21,2024-02-20,2024-02-20,4769.66
INV50106,C0052,2024-01-22,2024-02-21,2024-02-13,1084.02
INV50107,C0092,2024-01-22,2024-02-21,2024-05-27,1051.50
INV50108,C0099,2024-01-22,2024-02-21,2024-05-23,1271.66
INV50109,C0179,2024-01-22,2024-03-07,2024-03-26,23858.03
INV50110,C0054,2024-01-23,2024-03-23,2024-07-24,24137.22
INV50111,C0087,2024-01-23,2024-02-22,2024-03-29,811.76
INV50112,C0088,2024-01-23,2024-02-22,2024-03-23,6778.34
INV50113,C0047,2024-01-24,2024-03-09,2024-04-09,28584.99
INV50114,C0093,2024-01-24,2024-02-23,2024-02-08,1657.51
INV50115,C0131,2024-01-24,2024-02-23,2024-02-22,444.04
INV50116,C0133,2024-01-24,2024-03-09,2024-03-20,7117.04
INV50117,C0010,2024-01-25,2024-02-24,2024-02-19,2197.41
INV50118,C0023,2024-01-25,2024-02-24,2024-02-06,8076.82
INV50119,C0027,2024-01-25,2024-03-25,2024-03-22,6161.33
INV50120,C0058,2024-01-25,2024-02-24,2024-04-01,576.09
INV50121,C0075,2024-01-25,2024-02-24,2024-03-09,1953.44
INV50122,C0088,2024-01-25,2024-02-24,2024-04-23,3545.69
INV50123,C0135,2024-01-25,2024-02-24,2024-02-15,1892.86
INV50124,C0027,2024-01-26,2024-03-26,2024-07-30,9057.79
INV50125,C0046,2024-01-26,2024-02-25,2024-05-18,1237.48
INV50126,C0065,2024-01-26,2024-02-25,2024-05-21,965.55
INV50127,C0067,2024-01-26,2024-02-25,2024-02-06,1342.74
INV50128,C0077,2024-01-26,2024-03-11,2024-03-06,6441.42
INV50129,C0128,2024-01-26,2024-02-25,2024-04-01,1881.59
INV50130,C0148,2024-01-26,2024-02-25,2024-02-03,5817.89
INV50131,C0044,2024-01-27,2024-02-26,2024-03-23,2783.90
INV50132,C0098,2024-01-27,2024-02-26,2024-02-20,822.01
INV50133,C0109,2024-01-27,2024-02-26,2024-05-17,2012.77
INV50134,C0155,2024-01-27,2024-02-26,2024-02-20,6266.78
INV50135,C0007,2024-01-28,2024-02-27,2024-05-14,1713.90
INV50136,C0032,2024-01-28,2024-02-27,2024-02-23,2437.42
INV50137,C0050,2024-01-28,2024-02-27,2024-02-27,1756.02
INV50138,C0057,2024-01-28,2024-03-13,2024-02-29,3799.21
INV50139,C0123,2024-01-28,2024-02-27,2024-03-24,2003.30
INV50140,C0148,2024-01-28,2024-02-27,2024-02-05,2395.74
INV50141,C0158,2024-01-28,2024-02-27,2024-02-21,1848.68
INV50142,C0049,2024-01-29,2024-02-28,2024-02-13,2257.36
INV50143,C0053,2024-01-29,2024-02-28,2024-04-04,2408.81
INV50144,C0062,2024-01-29,2024-02-28,2024-02-28,1564.60
INV50145,C0067,2024-01-29,2024-02-28,2024-02-24,2251.91
INV50146,C0082,2024-01-29,2024-02-28,2024-02-25,5523.64
INV50147,C0030,2024-01-30,2024-02-29,2024-07-17,602.51
INV50148,C0077,2024-01-30,2024-03-15,2024-02-28,1922.78
INV50149,C0110,2024-01-30,2024-02-29,2024-02-08,1928.76
INV50150,C0119,2024-01-30,2024-03-15,2024-02-16,12791.83
INV50151,C0178,2024-01-30,2024-03-15,2024-02-21,6692.49
INV50152,C0004,2024-01-31,2024-03-16,2024-03-06,4788.89
INV50153,C0024,2024-01-31,2024-03-01,2024-02-29,937.26
INV50154,C0025,2024-01-31,2024-03-01,2024-05-03,2174.02
INV50155,C0062,2024-01-31,2024-03-01,2024-02-18,2432.81
INV50156,C0117,2024-01-31,2024-03-16,2024-02-28,28314.52
INV50157,C0165,2024-01-31,2024-03-01,2024-02-09,2012.27
INV50158,C0169,2024-01-31,2024-03-01,2024-03-17,4833.93
INV50159,C0174,2024-01-31,2024-03-01,2024-02-07,1398.79
INV50160,C0027,2024-02-01,2024-04-01,2024-02-14,23660.15
INV50161,C0070,2024-02-01,2024-03-17,2024-02-10,13492.29
INV50162,C0084,2024-02-01,2024-03-02,2024-04-07,2006.14
INV50163,C0097,2024-02-01,2024-03-02,2024-02-21,7226.83
INV50164,C0171,2024-02-01,2024-03-17,2024-02-10,5634.65
INV50165,C0023,2024-02-02,2024-03-03,2024-02-07,7735.16
INV50166,C0115,2024-02-02,2024-03-03,2024-02-14,551.54
INV50167,C0130,2024-02-02,2024-03-03,2024-05-18,991.54
INV50168,C0130,2024-02-02,2024-03-03,2024-02-08,1176.84
INV50169,C0146,2024-02-02,2024-03-03,2024-02-19,1452.79
INV50170,C0179,2024-02-02,2024-03-18,2024-03-01,20797.92
INV50171,C0011,2024-02-03,2024-03-04,2024-02-24,1977.64
INV50172,C0129,2024-02-03,2024-03-04,2024-04-12,671.09
INV50173,C0164,2024-02-03,2024-03-04,2024-03-25,2476.26
INV50174,C0089,2024-02-04,2024-03-05,2024-03-01,2790.52
INV50175,C0104,2024-02-04,2024-03-05,2024-02-20,1195.24
INV50176,C0121,2024-02-04,2024-03-05,2024-02-15,316.81
INV50177,C0170,2024-02-04,2024-03-05,2024-02-27,1985.37
INV50178,C0018,2024-02-05,2024-03-06,2024-05-08,538.41
INV50179,C0093,2024-02-05,2024-03-06,2024-03-01,2729.43
INV50180,C0102,2024-02-05,2024-03-06,2024-03-24,2160.14
INV50181,C0119,2024-02-05,2024-03-21,2024-03-03,6888.20
INV50182,C0122,2024-02-05,2024-03-21,2024-03-02,7986.25
INV50183,C0166,2024-02-05,2024-03-21,2024-02-12,8425.14
INV50184,C0014,2024-02-06,2024-03-07,2024-05-12,1072.90
INV50185,C0059,2024-02-06,2024-03-22,2024-03-07,5609.74
INV50186,C0015,2024-02-07,2024-03-08,2024-03-02,2301.06
INV50187,C0020,2024-02-07,2024-03-08,2024-03-05,8698.14
INV50188,C0085,2024-02-07,2024-03-08,2024-02-13,926.25
INV50189,C0103,2024-02-07,2024-03-08,2024-03-07,1235.14
INV50190,C0109,2024-02-07,2024-03-08,2024-07-15,309.65
INV50191,C0112,2024-02-07,2024-03-08,2024-02-25,554.87
INV50192,C0116,2024-02-07,2024-03-08,2024-03-27,2206.99
INV50193,C0116,2024-02-07,2024-03-08,2024-02-15,1415.35
INV50194,C0169,2024-02-07,2024-03-08,2024-05-20,7291.75
INV50195,C0179,2024-02-07,2024-03-23,2024-02-23,16336.94
INV50196,C0024,2024-02-08,2024-03-09,2024-03-03,1689.70
INV50197,C0089,2024-02-08,2024-03-09,2024-02-27,4959.99
INV50198,C0104,2024-02-08,2024-03-09,2024-03-09,463.53
INV50199,C0105,2024-02-08,2024-03-09,2024-06-19,1467.29
INV50200,C0116,2024-02-08,2024-03-09,2024-03-20,2341.86
INV50201,C0148,2024-02-08,2024-03-09,2024-02-29,2235.13
INV50202,C0176,2024-02-08,2024-03-09,2024-03-04,850.64
INV50203,C0006,2024-02-09,2024-03-25,2024-06-27,12860.57
INV50204,C0036,2024-02-09,2024-03-10,2024-04-12,1812.31
INV50205,C0073,2024-02-10,2024-03-11,2024-03-07,2352.61
INV50206,C0084,2024-02-10,2024-03-11,2024-04-05,2288.65
INV50207,C0085,2024-02-10,2024-03-11,2024-02-24,1940.57
INV50208,C0095,2024-02-10,2024-03-26,2024-03-11,6822.77
INV50209,C0001,2024-02-11,2024-03-27,2024-03-12,4589.58
INV50210,C0029,2024-02-11,2024-03-12,2024-06-14,1632.48
INV50211,C0054,2024-02-11,2024-04-11,2024-03-06,29070.29
INV50212,C0061,2024-02-11,2024-03-12,2024-02-24,4546.75
INV50213,C0118,2024-02-11,2024-03-12,2024-02-28,408.91
INV50214,C0132,2024-02-11,2024-03-12,2024-02-26,700.30
INV50215,C0149,2024-02-11,2024-03-12,2024-03-31,2523.21
INV50216,C0157,2024-02-11,2024-03-12,2024-03-02,419.78
INV50217,C0010,2024-02-12,2024-03-13,2024-02-17,759.20
INV50218,C0130,2024-02-12,2024-03-13,2024-02-21,1079.11
INV50219,C0134,2024-02-12,2024-03-13,2024-02-28,1699.72
INV50220,C0052,2024-02-14,2024-03-15,2024-03-25,2007.82
INV50221,C0053,2024-02-14,2024-03-15,2024-04-10,2097.79
INV50222,C0084,2024-02-14,2024-03-15,2024-03-08,588.10
INV50223,C0106,2024-02-14,2024-03-15,2024-04-24,4481.44
INV50224,C0149,2024-02-14,2024-03-15,2024-06-25,5620.71
INV50225,C0172,2024-02-14,2024-03-15,2024-03-12,557.67
INV50226,C0043,2024-02-15,2024-03-16,2024-03-16,5615.36
INV50227,C0048,2024-02-15,2024-03-16,2024-04-27,1245.87
INV50228,C0141,2024-02-15,2024-03-16,2024-02-28,7700.22
INV50229,C0149,2024-02-15,2024-03-16,2024-03-14,5951.07
INV50230,C0003,2024-02-16,2024-04-01,2024-03-14,8621.98
INV50231,C0024,2024-02-16,2024-03-17,2024-02-22,453.68
INV50232,C0040,2024-02-16,2024-03-17,2024-02-24,829.96
INV50233,C0063,2024-02-16,2024-04-01,2024-02-21,3347.88
INV50234,C0070,2024-02-16,2024-04-01,2024-03-14,22067.08
INV50235,C0129,2024-02-16,2024-03-17,2024-03-17,1196.79
INV50236,C0166,2024-02-16,2024-04-01,2024-03-16,4852.89
INV50237,C0180,2024-02-16,2024-03-17,2024-03-02,532.42
INV50238,C0041,2024-02-17,2024-04-02,2024-04-21,4783.22
INV50239,C0120,2024-02-17,2024-03-18,2024-03-16,2107.90
INV50240,C0180,2024-02-17,2024-03-18,2024-03-07,1338.21
INV50241,C0044,2024-02-18,2024-03-19,2024-03-19,8885.35
INV50242,C0069,2024-02-18,2024-03-19,2024-02-28,461.42
INV50243,C0097,2024-02-18,2024-03-19,2024-02-27,3315.64
INV50244,C0022,2024-02-19,2024-03-20,2024-06-16,3149.61
INV50245,C0040,2024-02-19,2024-03-20,2024-03-01,2062.69
INV50246,C0041,2024-02-19,2024-04-04,2024-03-14,5707.51
INV50247,C0072,2024-02-19,2024-04-04,2024-05-07,4815.80
INV50248,C0077,2024-02-19,2024-04-04,2024-03-10,4095.08
INV50249,C0082,2024-02-19,2024-03-20,2024-03-16,8615.31
INV50250,C0171,2024-02-19,2024-04-04,2024-03-06,5599.74
INV50251,C0027,2024-02-20,2024-04-20,2024-02-26,19056.23
INV50252,C0054,2024-02-20,2024-04-20,2024-06-11,26327.01
INV50253,C0102,2024-02-20,2024-03-21,2024-03-03,1050.84
INV50254,C0112,2024-02-20,2024-03-21,2024-07-31,2206.76
INV50255,C0116,2024-02-20,2024-03-21,2024-03-01,1896.78
INV50256,C0153,2024-02-20,2024-03-21,2024-03-17,621.14
INV50257,C0168,2024-02-20,2024-03-21,2024-04-03,2389.93
INV50258,C0172,2024-02-20,2024-03-21,2024-03-14,1804.59
INV50259,C0009,2024-02-21,2024-03-22,2024-02-27,1879.10
INV50260,C0013,2024-02-21,2024-03-22,2024-03-20,2338.05
INV50261,C0036,2024-02-21,2024-03-22,2024-02-26,1522.30
INV50262,C0042,2024-02-21,2024-03-22,2024-04-22,636.18
INV50263,C0049,2024-02-21,2024-03-22,2024-03-13,2405.37
INV50264,C0069,2024-02-21,2024-03-22,2024-03-03,830.97
INV50265,C0083,2024-02-21,2024-03-22,2024-05-23,334.67
INV50266,C0087,2024-02-21,2024-03-22,2024-03-04,784.72
INV50267,C0011,2024-02-22,2024-03-23,2024-03-17,1894.19
INV50268,C0079,2024-02-22,2024-03-23,2024-05-04,307.92
INV50269,C0174,2024-02-22,2024-03-23,2024-03-12,1384.65
INV50270,C0018,2024-02-23,2024-03-24,2024-04-10,1496.61
INV50271,C0062,2024-02-23,2024-03-24,2024-03-07,1662.61
INV50272,C0114,2024-02-23,2024-03-24,2024-03-20,454.78
INV50273,C0141,2024-02-23,2024-03-24,2024-03-19,4839.29
INV50274,C0142,2024-02-23,2024-03-24,2024-03-07,642.13
INV50275,C0146,2024-02-23,2024-03-24,2024-03-30,390.15
INV50276,C0151,2024-02-24,2024-03-25,2024-06-01,1929.99
INV50277,C0019,2024-02-25,2024-04-10,2024-03-08,2658.48
INV50278,C0093,2024-02-25,2024-03-26,2024-03-18,2289.32
INV50279,C0095,2024-02-25,2024-04-10,2024-03-21,6460.67
INV50280,C0098,2024-02-25,2024-03-26,2024-03-07,2241.41
INV50281,C0105,2024-02-25,2024-03-26,2024-07-10,2447.96
INV50282,C0150,2024-02-25,2024-03-26,2024-03-23,8781.44
INV50283,C0029,2024-02-26,2024-03-27,2024-03-11,1469.98
INV50284,C0036,2024-02-26,2024-03-27,2024-05-22,1484.33
INV50285,C0062,2024-02-26,2024-03-27,2024-03-05,1161.23
INV50286,C0096,2024-02-26,2024-03-27,2024-04-25,331.78
INV50287,C0115,2024-02-26,2024-03-27,2024-05-16,2203.99
INV50288,C0148,2024-02-26,2024-03-27,2024-03-22,6934.93
INV50289,C0154,2024-02-26,2024-03-27,2024-07-27,1125.02
INV50290,C0155,2024-02-26,2024-03-27,2024-05-03,8354.92
INV50291,C0031,2024-02-27,2024-03-28,2024-03-10,1392.99
INV50292,C0053,2024-02-27,2024-03-28,2024-06-06,1199.23
INV50293,C0077,2024-02-27,2024-04-12,2024-03-04,6317.79
INV50294,C0087,2024-02-27,2024-03-28,2024-03-27,430.15
INV50295,C0142,2024-02-27,2024-03-28,2024-03-14,770.91
INV50296,C0175,2024-02-27,2024-03-28,2024-06-26,902.62
INV50297,C0011,2024-02-28,2024-03-29,2024-03-27,1000.50
INV50298,C0070,2024-02-28,2024-04-13,2024-03-04,18684.07
INV50299,C0071,2024-02-28,2024-03-29,2024-06-12,535.63
INV50300,C0119,2024-02-28,2024-04-13,2024-04-21,10891.97
INV50301,C0129,2024-02-28,2024-03-29,2024-03-16,1748.39
INV50302,C0022,2024-02-29,2024-03-30,2024-03-27,5189.95
INV50303,C0032,2024-02-29,2024-03-30,2024-03-16,4454.83
INV50304,C0067,2024-02-29,2024-03-30,2024-07-28,1899.62
INV50305,C0069,2024-02-29,2024-03-30,2024-03-21,642.50
INV50306,C0071,2024-02-29,2024-03-30,2024-03-09,1267.27
INV50307,C0108,2024-02-29,2024-04-14,2024-03-19,5359.33
INV50308,C0124,2024-02-29,2024-03-30,2024-03-25,810.62
INV50309,C0023,2024-03-01,2024-03-31,2024-03-08,7400.01
INV50310,C0046,2024-03-01,2024-03-31,2024-07-12,792.43
INV50311,C0124,2024-03-01,2024-03-31,2024-03-26,540.87
INV50312,C0163,2024-03-01,2024-04-15,2024-06-07,7435.04
INV50313,C0163,2024-03-01,2024-04-15,2024-04-05,8275.38
INV50314,C0178,2024-03-01,2024-04-15,2024-03-30,8567.41
INV50315,C0008,2024-03-02,2024-04-01,2024-06-08,1271.99
INV50316,C0060,2024-03-02,2024-04-16,2024-06-26,2185.21
INV50317,C0098,2024-03-02,2024-04-01,2024-03-31,2117.25
INV50318,C0102,2024-03-02,2024-04-01,2024-03-18,1021.19
INV50319,C0164,2024-03-02,2024-04-01,2024-04-09,1216.25
INV50320,C0041,2024-03-03,2024-04-17,2024-04-09,4034.32
INV50321,C0050,2024-03-03,2024-04-02,2024-03-14,4023.20
INV50322,C0059,2024-03-03,2024-04-17,2024-03-18,3251.11
INV50323,C0081,2024-03-03,2024-04-02,2024-07-06,1036.03
INV50324,C0095,2024-03-03,2024-04-17,2024-04-17,7072.06
INV50325,C0163,2024-03-03,2024-04-17,2024-04-01,6050.04
INV50326,C0019,2024-03-04,2024-04-18,2024-03-27,8903.26
INV50327,C0105,2024-03-04,2024-04-03,2024-03-28,1049.95
INV50328,C0125,2024-03-04,2024-04-03,2024-03-20,1524.40
INV50329,C0162,2024-03-04,2024-04-03,2024-03-27,1100.15
INV50330,C0177,2024-03-04,2024-04-03,2024-05-29,1416.64
INV50331,C0019,2024-03-05,2024-04-19,2024-03-12,5126.17
INV50332,C0053,2024-03-05,2024-04-04,2024-04-03,2093.39
INV50333,C0057,2024-03-05,2024-04-19,2024-04-04,6261.31
INV50334,C0083,2024-03-05,2024-04-04,2024-04-26,1587.84
INV50335,C0151,2024-03-05,2024-04-04,2024-03-10,712.15
INV50336,C0001,2024-03-06,2024-04-20,2024-07-06,4325.57
INV50337,C0008,2024-03-06,2024-04-05,2024-03-27,1840.23
INV50338,C0043,2024-03-06,2024-04-05,2024-04-04,6258.51
INV50339,C0053,2024-03-06,2024-04-05,2024-04-05,1828.63
INV50340,C0100,2024-03-06,2024-04-05,2024-06-18,4745.74
INV50341,C0119,2024-03-06,2024-04-20,2024-03-18,18833.54
INV50342,C0166,2024-03-06,2024-04-20,2024-03-16,5728.63
INV50343,C0175,2024-03-06,2024-04-05,2024-05-31,2201.93
INV50344,C0045,2024-03-07,2024-04-06,2024-03-14,2005.31
INV50345,C0072,2024-03-07,2024-04-21,2024-04-04,5722.60
INV50346,C0132,2024-03-07,2024-04-06,2024-04-01,1837.30
INV50347,C0135,2024-03-07,2024-04-06,2024-03-12,958.21
INV50348,C0150,2024-03-07,2024-04-06,2024-03-22,8263.03
INV50349,C0167,2024-03-07,2024-04-21,2024-06-20,14028.93
INV50350,C0003,2024-03-08,2024-04-22,2024-04-02,8050.26
INV50351,C0038,2024-03-08,2024-04-07,2024-04-01,2304.78
INV50352,C0048,2024-03-08,2024-04-07,2024-06-18,1105.45
INV50353,C0173,2024-03-08,2024-04-22,2024-03-25,3992.87
INV50354,C0042,2024-03-09,2024-04-08,2024-04-01,2293.48
INV50355,C0042,2024-03-09,2024-04-08,2024-04-05,1138.87
INV50356,C0054,2024-03-09,2024-05-08,2024-04-15,8399.23
INV50357,C0100,2024-03-09,2024-04-08,2024-03-23,5399.24
INV50358,C0102,2024-03-09,2024-04-08,2024-03-19,2052.68
INV50359,C0139,2024-03-09,2024-04-08,2024-03-28,868.37
INV50360,C0041,2024-03-10,2024-04-24,2024-08-25,5762.65
INV50361,C0069,2024-03-10,2024-04-09,2024-03-16,1257.94
INV50362,C0128,2024-03-10,2024-04-09,2024-04-05,870.28
INV50363,C0134,2024-03-10,2024-04-09,2024-07-13,1904.65
INV50364,C0161,2024-03-10,2024-04-09,2024-04-08,1101.13
INV50365,C0077,2024-03-11,2024-04-25,2024-04-23,1574.58
INV50366,C0078,2024-03-11,2024-04-10,2024-04-03,2095.65
INV50367,C0140,2024-03-11,2024-04-10,2024-03-26,1004.30
INV50368,C0156,2024-03-11,2024-04-25,2024-04-24,8901.44
INV50369,C0016,2024-03-12,2024-04-11,2024-04-10,389.90
INV50370,C0029,2024-03-12,2024-04-11,2024-04-21,1566.13
INV50371,C0058,2024-03-12,2024-04-11,2024-03-30,856.78
INV50372,C0067,2024-03-12,2024-04-11,2024-05-12,1733.50
INV50373,C0076,2024-03-12,2024-04-11,2024-03-23,4542.45
INV50374,C0078,2024-03-12,2024-04-11,2024-05-05,1654.17
INV50375,C0081,2024-03-12,2024-04-11,2024-04-08,815.66
INV50376,C0092,2024-03-12,2024-04-11,2024-05-05,914.03
INV50377,C0127,2024-03-12,2024-04-26,2024-04-22,2317.56
INV50378,C0153,2024-03-12,2024-04-11,2024-04-10,2056.73
INV50379,C0179,2024-03-12,2024-04-26,2024-03-23,16160.83
INV50380,C0040,2024-03-13,2024-04-12,2024-04-07,2401.41
INV50381,C0073,2024-03-13,2024-04-12,2024-08-10,2190.42
INV50382,C0110,2024-03-13,2024-04-12,2024-04-12,2173.61
INV50383,C0154,2024-03-13,2024-04-12,2024-03-20,1742.04
INV50384,C0032,2024-03-14,2024-04-13,2024-03-25,7881.19
INV50385,C0054,2024-03-14,2024-05-13,2024-05-07,28895.00
INV50386,C0071,2024-03-14,2024-04-13,2024-04-25,1385.28
INV50387,C0100,2024-03-14,2024-04-13,2024-03-26,5024.19
INV50388,C0113,2024-03-14,2024-04-13,2024-06-24,1796.52
INV50389,C0039,2024-03-15,2024-04-14,2024-03-20,5819.23
INV50390,C0067,2024-03-15,2024-04-14,2024-03-26,1663.39
INV50391,C0102,2024-03-15,2024-04-14,2024-03-26,2492.25
INV50392,C0104,2024-03-15,2024-04-14,2024-04-06,1636.22
INV50393,C0110,2024-03-15,2024-04-14,2024-04-11,823.64
INV50394,C0115,2024-03-15,2024-04-14,2024-03-25,1098.07
INV50395,C0007,2024-03-16,2024-04-15,2024-03-22,972.39
INV50396,C0016,2024-03-16,2024-04-15,2024-03-30,1669.08
INV50397,C0107,2024-03-16,2024-04-15,2024-04-07,440.23
INV50398,C0121,2024-03-16,2024-04-15,2024-05-08,1125.10
INV50399,C0152,2024-03-16,2024-04-15,2024-08-15,8655.25
INV50400,C0162,2024-03-16,2024-04-15,2024-04-13,1362.38
INV50401,C0172,2024-03-16,2024-04-15,2024-04-04,837.04
INV50402,C0011,2024-03-17,2024-04-16,2024-04-02,738.80
INV50403,C0023,2024-03-17,2024-04-16,2024-04-05,5380.09
INV50404,C0047,2024-03-18,2024-05-02,2024-04-12,21478.20
INV50405,C0071,2024-03-18,2024-04-17,2024-04-03,425.87
INV50406,C0076,2024-03-18,2024-04-17,2024-04-10,8930.76
INV50407,C0120,2024-03-19,2024-04-18,2024-04-09,515.19
INV50408,C0005,2024-03-20,2024-04-19,2024-04-10,1585.89
INV50409,C0033,2024-03-20,2024-04-19,2024-04-17,1449.85
INV50410,C0053,2024-03-20,2024-04-19,2024-04-16,678.19
INV50411,C0079,2024-03-20,2024-04-19,2024-03-31,792.99
INV50412,C0086,2024-03-20,2024-04-19,2024-04-17,1684.61
INV50413,C0122,2024-03-20,2024-05-04,2024-04-26,7416.48
INV50414,C0067,2024-03-21,2024-04-20,2024-04-02,640.38
INV50415,C0142,2024-03-21,2024-04-20,2024-04-07,1738.38
INV50416,C0146,2024-03-21,2024-04-20,2024-04-02,1471.04
INV50417,C0156,2024-03-21,2024-05-05,2024-03-27,2800.83
INV50418,C0170,2024-03-21,2024-04-20,2024-04-12,838.57
INV50419,C0062,2024-03-22,2024-04-21,2024-04-11,1560.90
INV50420,C0062,2024-03-22,2024-04-21,2024-04-09,1674.65
INV50421,C0089,2024-03-22,2024-04-21,2024-07-02,7716.43
INV50422,C0092,2024-03-22,2024-04-21,2024-07-24,693.27
INV50423,C0095,2024-03-22,2024-05-06,2024-05-04,8199.62
INV50424,C0147,2024-03-22,2024-05-06,2024-04-27,13022.10
INV50425,C0147,2024-03-22,2024-05-06,2024-03-27,25730.98
INV50426,C0055,2024-03-23,2024-04-22,2024-04-02,5487.87
INV50427,C0064,2024-03-23,2024-05-07,2024-03-30,10431.71
INV50428,C0069,2024-03-23,2024-04-22,2024-08-23,1201.29
INV50429,C0097,2024-03-23,2024-04-22,2024-04-21,4878.87
INV50430,C0041,2024-03-24,2024-05-08,2024-08-26,7917.58
INV50431,C0074,2024-03-24,2024-04-23,2024-04-03,1983.87
INV50432,C0080,2024-03-24,2024-05-08,2024-04-11,6487.53
INV50433,C0128,2024-03-24,2024-04-23,2024-04-01,953.25
INV50434,C0159,2024-03-24,2024-04-23,2024-05-03,5618.14
INV50435,C0054,2024-03-25,2024-05-24,2024-04-01,28441.46
INV50436,C0127,2024-03-25,2024-05-09,2024-04-10,8113.58
INV50437,C0179,2024-03-25,2024-05-09,2024-05-09,10000.15
INV50438,C0036,2024-03-26,2024-04-25,2024-04-13,2097.35
INV50439,C0051,2024-03-26,2024-04-25,2024-04-01,1464.80
INV50440,C0056,2024-03-26,2024-04-25,2024-06-28,1174.93
INV50441,C0078,2024-03-26,2024-04-25,2024-04-21,538.13
INV50442,C0171,2024-03-26,2024-05-10,2024-05-05,3367.29
INV50443,C0179,2024-03-26,2024-05-10,2024-04-02,11124.59
INV50444,C0063,2024-03-27,2024-05-11,2024-04-13,8698.57
INV50445,C0112,2024-03-27,2024-04-26,2024-06-19,1761.64
INV50446,C0116,2024-03-27,2024-04-26,2024-06-06,416.01
INV50447,C0134,2024-03-27,2024-04-26,2024-04-14,389.63
INV50448,C0008,2024-03-28,2024-04-27,2024-04-27,1267.22
INV50449,C0075,2024-03-28,2024-04-27,2024-04-26,677.50
INV50450,C0084,2024-03-28,2024-04-27,2024-06-12,380.70
INV50451,C0101,2024-03-28,2024-05-12,2024-04-18,7838.50
INV50452,C0122,2024-03-28,2024-05-12,2024-06-03,1749.36
INV50453,C0149,2024-03-28,2024-04-27,2024-04-25,3719.64
INV50454,C0179,2024-03-28,2024-05-12,2024-04-19,13677.11
INV50455,C0030,2024-03-29,2024-04-28,2024-04-03,982.55
INV50456,C0037,2024-03-29,2024-04-28,2024-05-26,908.22
INV50457,C0038,2024-03-29,2024-04-28,2024-08-14,1288.44
INV50458,C0041,2024-03-29,2024-05-13,2024-04-06,3492.90
INV50459,C0160,2024-03-29,2024-04-28,2024-08-22,538.24
INV50460,C0002,2024-03-30,2024-05-29,2024-05-28,21493.83
INV50461,C0060,2024-03-30,2024-05-14,2024-05-30,2296.22
INV50462,C0119,2024-03-30,2024-05-14,2024-04-15,20619.52
INV50463,C0122,2024-03-30,2024-05-14,2024-04-17,6941.45
INV50464,C0139,2024-03-30,2024-04-29,2024-07-06,1024.84
INV50465,C0143,2024-03-30,2024-04-29,2024-04-29,2121.83
INV50466,C0166,2024-03-30,2024-05-14,2024-04-05,7109.51
INV50467,C0084,2024-03-31,2024-04-30,2024-05-19,1793.51
INV50468,C0150,2024-03-31,2024-04-30,2024-04-21,4259.08
INV50469,C0015,2024-04-01,2024-05-01,2024-06-10,769.30
INV50470,C0022,2024-04-01,2024-05-01,2024-05-04,4696.87
INV50471,C0047,2024-04-01,2024-05-16,2024-04-10,8207.50
INV50472,C0075,2024-04-01,2024-05-01,2024-04-10,1751.69
INV50473,C0132,2024-04-01,2024-05-01,2024-07-21,632.15
INV50474,C0011,2024-04-02,2024-05-02,2024-04-12,1671.32
INV50475,C0017,2024-04-02,2024-05-02,2024-06-14,2383.28
INV50476,C0066,2024-04-02,2024-05-02,2024-04-13,491.28
INV50477,C0067,2024-04-02,2024-05-02,2024-04-13,2027.54
INV50478,C0068,2024-04-02,2024-05-17,2024-09-10,13384.56
INV50479,C0089,2024-04-02,2024-05-02,2024-04-30,5917.54
INV50480,C0114,2024-04-02,2024-05-02,2024-04-09,2008.37
INV50481,C0014,2024-04-03,2024-05-03,2024-08-05,2109.00
INV50482,C0075,2024-04-03,2024-05-03,2024-05-02,1537.32
INV50483,C0108,2024-04-03,2024-05-18,2024-05-03,6074.00
INV50484,C0027,2024-04-04,2024-06-03,2024-04-12,6494.32
INV50485,C0067,2024-04-04,2024-05-04,2024-04-17,1041.04
INV50486,C0068,2024-04-04,2024-05-19,2024-05-15,28386.59
INV50487,C0071,2024-04-04,2024-05-04,2024-04-11,1860.07
INV50488,C0137,2024-04-04,2024-05-04,2024-05-02,324.52
INV50489,C0025,2024-04-05,2024-05-05,2024-05-10,1825.22
INV50490,C0035,2024-04-05,2024-06-04,2024-04-30,12913.50
INV50491,C0046,2024-04-05,2024-05-05,2024-05-16,610.20
INV50492,C0136,2024-04-05,2024-05-05,2024-05-13,675.23
INV50493,C0163,2024-04-05,2024-05-20,2024-08-18,7087.57
INV50494,C0001,2024-04-06,2024-05-21,2024-08-08,7967.87
INV50495,C0091,2024-04-06,2024-05-06,2024-04-13,2367.35
INV50496,C0099,2024-04-06,2024-05-06,2024-05-31,1834.88
INV50497,C0136,2024-04-06,2024-05-06,2024-05-21,2218.93
INV50498,C0014,2024-04-07,2024-05-07,2024-04-26,1153.23
INV50499,C0026,2024-04-07,2024-05-22,2024-08-10,6099.45
INV50500,C0037,2024-04-07,2024-05-07,2024-04-12,737.92
INV50501,C0060,2024-04-07,2024-05-22,2024-05-08,5426.72
INV50502,C0093,2024-04-07,2024-05-07,2024-04-30,1669.76
INV50503,C0156,2024-04-07,2024-05-22,2024-06-12,2450.53
INV50504,C0167,2024-04-07,2024-05-22,2024-05-15,17616.17
INV50505,C0168,2024-04-07,2024-05-07,2024-06-03,2084.58
INV50506,C0012,2024-04-08,2024-05-08,2024-04-30,1567.80
INV50507,C0024,2024-04-08,2024-05-08,2024-07-20,902.02
INV50508,C0030,2024-04-08,2024-05-08,2024-07-09,1487.34
INV50509,C0077,2024-04-08,2024-05-23,2024-05-15,4719.48
INV50510,C0153,2024-04-08,2024-05-08,2024-04-30,713.35
INV50511,C0167,2024-04-08,2024-05-23,2024-05-19,24768.12
INV50512,C0042,2024-04-09,2024-05-09,2024-05-04,2163.11
INV50513,C0076,2024-04-09,2024-05-09,2024-05-07,2184.47
INV50514,C0098,2024-04-09,2024-05-09,2024-05-07,1239.95
INV50515,C0177,2024-04-09,2024-05-09,2024-04-25,2485.35
INV50516,C0178,2024-04-09,2024-05-24,2024-05-20,2155.54
INV50517,C0055,2024-04-10,2024-05-10,2024-04-19,6686.35
INV50518,C0104,2024-04-10,2024-05-10,2024-04-20,871.41
INV50519,C0025,2024-04-11,2024-05-11,2024-04-17,1855.97
INV50520,C0046,2024-04-11,2024-05-11,2024-05-07,1352.03
INV50521,C0089,2024-04-11,2024-05-11,2024-06-15,6777.83
INV50522,C0104,2024-04-11,2024-05-11,2024-06-05,1892.46
INV50523,C0136,2024-04-11,2024-05-11,2024-04-27,321.49
INV50524,C0139,2024-04-11,2024-05-11,2024-04-30,2088.69
INV50525,C0148,2024-04-11,2024-05-11,2024-05-09,1803.93
INV50526,C0157,2024-04-11,2024-05-11,2024-04-30,427.43
INV50527,C0170,2024-04-11,2024-05-11,2024-05-01,807.27
INV50528,C0147,2024-04-12,2024-05-27,2024-06-02,21128.27
INV50529,C0159,2024-04-12,2024-05-12,2024-06-23,7387.46
INV50530,C0176,2024-04-12,2024-05-12,2024-06-17,692.05
INV50531,C0178,2024-04-12,2024-05-27,2024-05-04,8136.64
INV50532,C0020,2024-04-13,2024-05-13,2024-08-26,8020.72
INV50533,C0024,2024-04-13,2024-05-13,2024-04-29,2497.74
INV50534,C0036,2024-04-13,2024-05-13,2024-05-04,920.13
INV50535,C0049,2024-04-13,2024-05-13,2024-07-02,772.88
INV50536,C0059,2024-04-13,2024-05-28,2024-05-18,7819.83
INV50537,C0061,2024-04-13,2024-05-13,2024-07-23,5595.57
INV50538,C0063,2024-04-13,2024-05-28,2024-06-11,3971.82
INV50539,C0079,2024-04-13,2024-05-13,2024-04-20,1315.22
INV50540,C0136,2024-04-13,2024-05-13,2024-04-24,2127.00
INV50541,C0148,2024-04-13,2024-05-13,2024-04-19,6471.81
INV50542,C0114,2024-04-14,2024-05-14,2024-04-19,2033.65
INV50543,C0119,2024-04-14,2024-05-29,2024-09-16,19775.97
INV50544,C0125,2024-04-14,2024-05-14,2024-05-08,1963.05
INV50545,C0173,2024-04-14,2024-05-29,2024-05-20,2720.22
INV50546,C0002,2024-04-15,2024-06-14,2024-05-21,23917.28
INV50547,C0051,2024-04-15,2024-05-15,2024-05-04,1576.60
INV50548,C0070,2024-04-15,2024-05-30,2024-05-22,7201.06
INV50549,C0130,2024-04-15,2024-05-15,2024-05-13,2211.76
INV50550,C0149,2024-04-15,2024-05-15,2024-04-28,6139.91
INV50551,C0012,2024-04-16,2024-05-16,2024-05-06,1590.93
INV50552,C0069,2024-04-16,2024-05-16,2024-04-26,1278.12
INV50553,C0070,2024-04-16,2024-05-31,2024-04-30,9753.90
INV50554,C0072,2024-04-16,2024-05-31,2024-05-27,4250.34
INV50555,C0014,2024-04-17,2024-05-17,2024-09-04,1835.37
INV50556,C0022,2024-04-17,2024-05-17,2024-06-08,8321.62
INV50557,C0044,2024-04-17,2024-05-17,2024-09-18,6154.24
INV50558,C0089,2024-04-17,2024-05-17,2024-05-05,7456.68
INV50559,C0124,2024-04-17,2024-05-17,2024-05-31,326.89
INV50560,C0156,2024-04-17,2024-06-01,2024-10-17,1585.01
INV50561,C0157,2024-04-17,2024-05-17,2024-05-12,2090.56
INV50562,C0170,2024-04-17,2024-05-17,2024-05-31,420.67
INV50563,C0004,2024-04-18,2024-06-02,2024-04-29,1950.06
INV50564,C0144,2024-04-18,2024-05-18,2024-07-18,1236.82
INV50565,C0148,2024-04-18,2024-05-18,2024-04-26,8214.32
INV50566,C0040,2024-04-19,2024-05-19,2024-04-26,1184.41
INV50567,C0044,2024-04-19,2024-05-19,2024-05-14,2719.60
INV50568,C0060,2024-04-19,2024-06-03,2024-05-13,8460.43
INV50569,C0064,2024-04-19,2024-06-03,2024-09-18,11516.77
INV50570,C0074,2024-04-19,2024-05-19,2024-05-18,1559.69
INV50571,C0090,2024-04-19,2024-05-19,2024-05-09,1091.72
INV50572,C0134,2024-04-19,2024-05-19,2024-05-09,672.54
INV50573,C0140,2024-04-19,2024-05-19,2024-07-15,2327.43
INV50574,C0151,2024-04-19,2024-05-19,2024-04-28,507.38
INV50575,C0052,2024-04-20,2024-05-20,2024-05-09,2467.46
INV50576,C0055,2024-04-20,2024-05-20,2024-04-27,5829.82
INV50577,C0090,2024-04-20,2024-05-20,2024-09-16,338.14
INV50578,C0152,2024-04-20,2024-05-20,2024-07-14,2116.56
INV50579,C0025,2024-04-21,2024-05-21,2024-09-15,712.50
INV50580,C0084,2024-04-21,2024-05-21,2024-07-28,1548.04
INV50581,C0100,2024-04-21,2024-05-21,2024-09-05,3061.88
INV50582,C0178,2024-04-21,2024-06-05,2024-05-14,2806.13
INV50583,C0098,2024-04-22,2024-05-22,2024-08-02,1541.00
INV50584,C0107,2024-04-22,2024-05-22,2024-05-20,391.00
INV50585,C0108,2024-04-22,2024-06-06,2024-06-03,4273.42
INV50586,C0169,2024-04-22,2024-05-22,2024-05-03,4815.84
INV50587,C0180,2024-04-22,2024-05-22,2024-05-01,456.71
INV50588,C0064,2024-04-23,2024-06-07,2024-05-24,7633.82
INV50589,C0094,2024-04-23,2024-06-07,2024-05-04,2428.64
INV50590,C0150,2024-04-23,2024-05-23,2024-06-01,6742.36
INV50591,C0011,2024-04-24,2024-05-24,2024-06-11,1457.83
INV50592,C0028,2024-04-24,2024-05-24,2024-05-16,1836.54
INV50593,C0057,2024-04-24,2024-06-08,2024-05-13,5261.69
INV50594,C0057,2024-04-24,2024-06-08,2024-05-14,2877.05
INV50595,C0065,2024-04-24,2024-05-24,2024-04-30,991.85
INV50596,C0095,2024-04-24,2024-06-08,2024-05-04,6693.46
INV50597,C0110,2024-04-24,2024-05-24,2024-07-16,1896.64
INV50598,C0175,2024-04-25,2024-05-25,2024-05-08,1809.42
INV50599,C0178,2024-04-25,2024-06-09,2024-05-29,4515.09
INV50600,C0023,2024-04-26,2024-05-26,2024-05-14,8197.18
INV50601,C0039,2024-04-26,2024-05-26,2024-05-12,8320.29
INV50602,C0114,2024-04-26,2024-05-26,2024-05-11,422.97
INV50603,C0126,2024-04-26,2024-05-26,2024-05-06,5148.24
INV50604,C0138,2024-04-26,2024-05-26,2024-05-07,775.25
INV50605,C0141,2024-04-26,2024-05-26,2024-06-01,4507.37
INV50606,C0146,2024-04-26,2024-05-26,2024-05-16,1870.73
INV50607,C0158,2024-04-26,2024-05-26,2024-05-15,1471.55
INV50608,C0176,2024-04-26,2024-05-26,2024-06-27,2045.23
INV50609,C0023,2024-04-27,2024-05-27,2024-05-14,3977.59
INV50610,C0100,2024-04-27,2024-05-27,2024-05-23,8297.90
INV50611,C0150,2024-04-27,2024-05-27,2024-05-07,4418.25
INV50612,C0162,2024-04-27,2024-05-27,2024-05-08,2046.27
INV50613,C0163,2024-04-27,2024-06-11,2024-06-04,4976.03
INV50614,C0164,2024-04-27,2024-05-27,2024-09-05,2438.34
INV50615,C0006,2024-04-28,2024-06-12,2024-05-31,17850.69
INV50616,C0054,2024-04-28,2024-06-27,2024-05-31,24442.67
INV50617,C0093,2024-04-28,2024-05-28,2024-07-26,6988.06
INV50618,C0155,2024-04-28,2024-05-28,2024-05-19,5180.46
INV50619,C0007,2024-04-29,2024-05-29,2024-05-25,1977.18
INV50620,C0027,2024-04-29,2024-06-28,2024-06-01,19832.26
INV50621,C0071,2024-04-29,2024-05-29,2024-05-22,898.80
INV50622,C0083,2024-04-29,2024-05-29,2024-05-05,1814.17
INV50623,C0105,2024-04-29,2024-05-29,2024-09-07,1262.13
INV50624,C0016,2024-04-30,2024-05-30,2024-05-09,2084.20
INV50625,C0017,2024-04-30,2024-05-30,2024-09-16,1770.80
INV50626,C0070,2024-04-30,2024-06-14,2024-08-13,7377.77
INV50627,C0160,2024-04-30,2024-05-30,2024-05-20,844.90
INV50628,C0023,2024-05-01,2024-05-31,2024-05-20,1771.57
INV50629,C0023,2024-05-01,2024-05-31,2024-06-24,5245.96
INV50630,C0064,2024-05-01,2024-06-15,2024-05-28,7668.71
INV50631,C0113,2024-05-01,2024-05-31,2024-06-04,2486.79
INV50632,C0125,2024-05-01,2024-05-31,2024-05-26,2257.57
INV50633,C0131,2024-05-01,2024-05-31,2024-05-11,1718.10
INV50634,C0158,2024-05-01,2024-05-31,2024-05-16,2389.62
INV50635,C0172,2024-05-01,2024-05-31,2024-07-26,1861.05
INV50636,C0032,2024-05-02,2024-06-01,2024-05-28,8986.70
INV50637,C0033,2024-05-02,2024-06-01,2024-05-21,1721.74
INV50638,C0014,2024-05-03,2024-06-02,2024-05-15,1862.46
INV50639,C0090,2024-05-03,2024-06-02,2024-07-24,818.95
INV50640,C0095,2024-05-03,2024-06-17,2024-05-22,3677.04
INV50641,C0130,2024-05-03,2024-06-02,2024-08-09,831.93
INV50642,C0150,2024-05-03,2024-06-02,2024-05-08,4354.75
INV50643,C0151,2024-05-03,2024-06-02,2024-05-30,735.40
INV50644,C0154,2024-05-03,2024-06-02,2024-05-31,394.85
INV50645,C0162,2024-05-03,2024-06-02,2024-05-15,2042.82
INV50646,C0028,2024-05-04,2024-06-03,2024-10-03,2330.86
INV50647,C0052,2024-05-04,2024-06-03,2024-05-21,2049.75
INV50648,C0130,2024-05-04,2024-06-03,2024-06-18,761.26
INV50649,C0178,2024-05-04,2024-06-18,2024-05-17,8470.53
INV50650,C0010,2024-05-06,2024-06-05,2024-07-04,795.02
INV50651,C0022,2024-05-06,2024-06-05,2024-10-20,3241.95
INV50652,C0028,2024-05-06,2024-06-05,2024-07-17,429.93
INV50653,C0068,2024-05-06,2024-06-20,2024-05-28,9945.50
INV50654,C0109,2024-05-06,2024-06-05,2024-05-20,1322.99
INV50655,C0135,2024-05-06,2024-06-05,2024-09-04,425.67
INV50656,C0013,2024-05-07,2024-06-06,2024-05-20,833.10
INV50657,C0059,2024-05-07,2024-06-21,2024-07-06,3633.51
INV50658,C0153,2024-05-07,2024-06-06,2024-10-19,809.16
INV50659,C0172,2024-05-07,2024-06-06,2024-05-17,1286.07
INV50660,C0172,2024-05-07,2024-06-06,2024-07-06,980.67
INV50661,C0043,2024-05-08,2024-06-07,2024-08-20,8893.78
INV50662,C0063,2024-05-08,2024-06-22,2024-06-09,5332.95
INV50663,C0063,2024-05-08,2024-06-22,2024-06-01,6802.87
INV50664,C0147,2024-05-08,2024-06-22,2024-09-14,27643.26
INV50665,C0150,2024-05-08,2024-06-07,2024-05-28,1754.38
INV50666,C0008,2024-05-09,2024-06-08,2024-05-29,2181.60
INV50667,C0124,2024-05-09,2024-06-08,2024-06-21,614.76
INV50668,C0124,2024-05-09,2024-06-08,2024-05-21,1584.55
INV50669,C0141,2024-05-09,2024-06-08,2024-06-03,7630.99
INV50670,C0169,2024-05-09,2024-06-08,2024-06-16,6263.33
INV50671,C0180,2024-05-09,2024-06-08,2024-05-27,1961.77
INV50672,C0007,2024-05-10,2024-06-09,2024-08-02,357.63
INV50673,C0116,2024-05-10,2024-06-09,2024-05-30,2168.54
INV50674,C0012,2024-05-11,2024-06-10,2024-05-17,309.91
INV50675,C0016,2024-05-11,2024-06-10,2024-06-08,927.13
INV50676,C0018,2024-05-11,2024-06-10,2024-09-29,857.00
INV50677,C0029,2024-05-11,2024-06-10,2024-06-01,2014.68
INV50678,C0041,2024-05-11,2024-06-25,2024-06-03,4046.05
INV50679,C0094,2024-05-11,2024-06-25,2024-06-11,1588.31
INV50680,C0106,2024-05-11,2024-06-10,2024-09-12,5657.21
INV50681,C0108,2024-05-11,2024-06-25,2024-05-25,4254.30
INV50682,C0136,2024-05-11,2024-06-10,2024-05-26,570.69
INV50683,C0001,2024-05-12,2024-06-26,2024-05-22,7527.59
INV50684,C0027,2024-05-12,2024-07-11,2024-06-10,29301.19
INV50685,C0039,2024-05-12,2024-06-11,2024-06-14,1991.26
INV50686,C0076,2024-05-12,2024-06-11,2024-06-15,2035.11
INV50687,C0045,2024-05-13,2024-06-12,2024-05-31,1550.44
INV50688,C0096,2024-05-13,2024-06-12,2024-05-27,1312.83
INV50689,C0115,2024-05-13,2024-06-12,2024-06-22,1070.58
INV50690,C0136,2024-05-13,2024-06-12,2024-08-09,1989.27
INV50691,C0180,2024-05-13,2024-06-12,2024-06-14,2123.60
INV50692,C0062,2024-05-14,2024-06-13,2024-06-02,1259.89
INV50693,C0080,2024-05-14,2024-06-28,2024-06-15,2584.11
INV50694,C0125,2024-05-14,2024-06-13,2024-06-07,1067.90
INV50695,C0043,2024-05-15,2024-06-14,2024-05-23,5179.02
INV50696,C0066,2024-05-15,2024-06-14,2024-07-31,1017.24
INV50697,C0123,2024-05-15,2024-06-14,2024-06-13,2052.88
INV50698,C0172,2024-05-15,2024-06-14,2024-06-16,1246.31
INV50699,C0067,2024-05-16,2024-06-15,2024-05-31,2343.42
INV50700,C0070,2024-05-16,2024-06-30,2024-06-11,19286.75
INV50701,C0122,2024-05-16,2024-06-30,2024-11-06,8090.86
INV50702,C0131,2024-05-16,2024-06-15,2024-06-14,848.70
INV50703,C0173,2024-05-16,2024-06-30,2024-06-22,2159.89
INV50704,C0004,2024-05-17,2024-07-01,2024-06-19,7825.07
INV50705,C0021,2024-05-17,2024-06-16,2024-07-05,1400.28
INV50706,C0047,2024-05-17,2024-07-01,2024-06-07,7707.95
INV50707,C0065,2024-05-17,2024-06-16,2024-05-22,309.69
INV50708,C0154,2024-05-17,2024-06-16,2024-06-05,917.89
INV50709,C0024,2024-05-18,2024-06-17,2024-10-03,2180.31
INV50710,C0032,2024-05-18,2024-06-17,2024-08-08,7417.17
INV50711,C0039,2024-05-18,2024-06-17,2024-08-04,2639.84
INV50712,C0042,2024-05-18,2024-06-17,2024-06-12,2371.60
INV50713,C0056,2024-05-18,2024-06-17,2024-06-07,1311.00
INV50714,C0089,2024-05-18,2024-06-17,2024-06-16,1556.48
INV50715,C0082,2024-05-19,2024-06-18,2024-07-09,7731.46
INV50716,C0140,2024-05-19,2024-06-18,2024-07-30,2392.77
INV50717,C0143,2024-05-19,2024-06-18,2024-11-02,1092.21
INV50718,C0147,2024-05-19,2024-07-03,2024-06-18,13247.25
INV50719,C0001,2024-05-20,2024-07-04,2024-07-22,7416.70
INV50720,C0026,2024-05-20,2024-07-04,2024-06-07,3514.02
INV50721,C0033,2024-05-20,2024-06-19,2024-06-17,1758.51
INV50722,C0037,2024-05-20,2024-06-19,2024-06-15,549.51
INV50723,C0133,2024-05-20,2024-07-04,2024-06-28,2658.08
INV50724,C0141,2024-05-20,2024-06-19,2024-06-02,5498.14
INV50725,C0142,2024-05-20,2024-06-19,2024-06-07,1873.94
INV50726,C0166,2024-05-20,2024-07-04,2024-06-05,1598.20
INV50727,C0173,2024-05-20,2024-07-04,2024-06-14,1924.50
INV50728,C0002,2024-05-21,2024-07-20,2024-06-06,20129.72
INV50729,C0041,2024-05-21,2024-07-05,2024-09-11,8344.22
INV50730,C0054,2024-05-21,2024-07-20,2024-06-24,17639.07
INV50731,C0095,2024-05-21,2024-07-05,2024-06-04,2388.87
INV50732,C0145,2024-05-21,2024-07-05,2024-06-25,5668.24
INV50733,C0178,2024-05-21,2024-07-05,2024-11-07,8411.49
INV50734,C0093,2024-05-22,2024-06-21,2024-08-07,6847.07
INV50735,C0143,2024-05-22,2024-06-21,2024-06-14,1351.55
INV50736,C0015,2024-05-23,2024-06-22,2024-06-18,1145.26
INV50737,C0022,2024-05-23,2024-06-22,2024-05-31,2826.61
INV50738,C0058,2024-05-23,2024-06-22,2024-06-15,1412.66
INV50739,C0066,2024-05-23,2024-06-22,2024-06-22,495.99
INV50740,C0067,2024-05-23,2024-06-22,2024-08-12,1976.16
INV50741,C0122,2024-05-23,2024-07-07,2024-07-08,4355.26
INV50742,C0139,2024-05-23,2024-06-22,2024-06-18,2283.92
INV50743,C0016,2024-05-24,2024-06-23,2024-06-13,1660.13
INV50744,C0054,2024-05-24,2024-07-23,2024-07-08,16660.44
INV50745,C0123,2024-05-24,2024-06-23,2024-06-04,1726.08
INV50746,C0041,2024-05-25,2024-07-09,2024-06-30,8825.24
INV50747,C0056,2024-05-25,2024-06-24,2024-08-28,2084.15
INV50748,C0074,2024-05-25,2024-06-24,2024-06-19,655.46
INV50749,C0094,2024-05-25,2024-07-09,2024-06-15,4278.16
INV50750,C0123,2024-05-25,2024-06-24,2024-06-01,2266.26
INV50751,C0155,2024-05-25,2024-06-24,2024-06-28,7887.43
INV50752,C0171,2024-05-25,2024-07-09,2024-06-19,6258.17
INV50753,C0179,2024-05-25,2024-07-09,2024-06-04,20565.34
INV50754,C0034,2024-05-26,2024-06-25,2024-06-10,1726.45
INV50755,C0038,2024-05-26,2024-06-25,2024-06-16,1989.14
INV50756,C0089,2024-05-26,2024-06-25,2024-06-01,8324.21
INV50757,C0062,2024-05-27,2024-06-26,2024-06-02,513.50
INV50758,C0116,2024-05-27,2024-06-26,2024-06-18,2360.32
INV50759,C0118,2024-05-27,2024-06-26,2024-06-19,1757.51
INV50760,C0177,2024-05-27,2024-06-26,2024-07-10,1049.21
INV50761,C0049,2024-05-28,2024-06-27,2024-06-23,1994.47
INV50762,C0164,2024-05-28,2024-06-27,2024-06-17,441.48
INV50763,C0180,2024-05-28,2024-06-27,2024-06-28,1951.61
INV50764,C0054,2024-05-29,2024-07-28,2024-06-07,24086.79
INV50765,C0057,2024-05-29,2024-07-13,2024-06-27,4053.69
INV50766,C0059,2024-05-29,2024-07-13,2024-11-01,7248.01
INV50767,C0096,2024-05-29,2024-06-28,2024-06-20,2132.27
INV50768,C0127,2024-05-29,2024-07-13,2024-06-20,8149.72
INV50769,C0138,2024-05-29,2024-06-28,2024-06-09,544.02
INV50770,C0010,2024-05-30,2024-06-29,2024-06-17,368.53
INV50771,C0034,2024-05-30,2024-06-29,2024-06-08,1783.29
INV50772,C0043,2024-05-30,2024-06-29,2024-06-28,6003.34
INV50773,C0065,2024-05-30,2024-06-29,2024-06-15,759.11
INV50774,C0097,2024-05-30,2024-06-29,2024-06-20,5671.05
INV50775,C0099,2024-05-30,2024-06-29,2024-10-08,420.84
INV50776,C0104,2024-05-30,2024-06-29,2024-06-09,2245.99
INV50777,C0112,2024-05-30,2024-06-29,2024-08-11,1893.48
INV50778,C0146,2024-05-30,2024-06-29,2024-06-22,646.26
INV50779,C0153,2024-05-30,2024-06-29,2024-07-24,1817.72
INV50780,C0159,2024-05-30,2024-06-29,2024-06-21,8023.95
INV50781,C0170,2024-05-30,2024-06-29,2024-10-14,624.41
INV50782,C0029,2024-05-31,2024-06-30,2024-06-24,2133.66
INV50783,C0039,2024-05-31,2024-06-30,2024-06-06,1970.97
INV50784,C0043,2024-05-31,2024-06-30,2024-06-12,4879.06
INV50785,C0068,2024-05-31,2024-07-15,2024-06-24,19513.86
INV50786,C0103,2024-05-31,2024-06-30,2024-10-28,813.50
INV50787,C0130,2024-05-31,2024-06-30,2024-06-26,2181.95
INV50788,C0149,2024-05-31,2024-06-30,2024-06-22,2913.12
INV50789,C0088,2024-06-01,2024-07-01,2024-06-09,5918.53
INV50790,C0138,2024-06-01,2024-07-01,2024-06-18,2193.06
INV50791,C0148,2024-06-01,2024-07-01,2024-07-14,8920.79
INV50792,C0158,2024-06-01,2024-07-01,2024-06-29,1538.32
INV50793,C0027,2024-06-02,2024-08-01,2024-06-11,26900.09
INV50794,C0070,2024-06-02,2024-07-17,2024-06-21,15403.41
INV50795,C0145,2024-06-02,2024-07-17,2024-07-16,2221.57
INV50796,C0003,2024-06-03,2024-07-18,2024-06-21,3084.33
INV50797,C0044,2024-06-03,2024-07-03,2024-10-27,2178.09
INV50798,C0123,2024-06-03,2024-07-03,2024-06-14,1949.16
INV50799,C0128,2024-06-03,2024-07-03,2024-06-30,1940.54
INV50800,C0146,2024-06-03,2024-07-03,2024-07-20,1801.98
INV50801,C0032,2024-06-04,2024-07-04,2024-06-25,1892.19
INV50802,C0068,2024-06-04,2024-07-19,2024-06-21,12709.53
INV50803,C0095,2024-06-04,2024-07-19,2024-06-18,2008.90
INV50804,C0139,2024-06-04,2024-07-04,2024-07-04,952.79
INV50805,C0177,2024-06-04,2024-07-04,2024-07-28,2291.77
INV50806,C0004,2024-06-05,2024-07-20,2024-06-12,4002.64
INV50807,C0006,2024-06-05,2024-07-20,2024-07-09,24088.29
INV50808,C0093,2024-06-05,2024-07-05,2024-07-17,7236.15
INV50809,C0117,2024-06-05,2024-07-20,2024-07-14,8323.18
INV50810,C0138,2024-06-05,2024-07-05,2024-06-10,311.49
INV50811,C0138,2024-06-05,2024-07-05,2024-06-30,1412.81
INV50812,C0167,2024-06-05,2024-07-20,2024-06-12,29983.03
INV50813,C0171,2024-06-05,2024-07-20,2024-06-12,1633.69
INV50814,C0069,2024-06-06,2024-07-06,2024-06-16,2168.00
INV50815,C0102,2024-06-06,2024-07-06,2024-06-11,494.66
INV50816,C0138,2024-06-06,2024-07-06,2024-09-05,1724.85
INV50817,C0167,2024-06-06,2024-07-21,2024-06-20,10469.78
INV50818,C0091,2024-06-07,2024-07-07,2024-07-25,1088.62
INV50819,C0149,2024-06-07,2024-07-07,2024-06-23,8005.47
INV50820,C0019,2024-06-08,2024-07-23,2024-07-21,2807.18
INV50821,C0029,2024-06-08,2024-07-08,2024-08-02,1353.62
INV50822,C0030,2024-06-08,2024-07-08,2024-06-22,1531.34
INV50823,C0052,2024-06-08,2024-07-08,2024-09-20,1226.18
INV50824,C0072,2024-06-08,2024-07-23,2024-11-17,1810.84
INV50825,C0085,2024-06-08,2024-07-08,2024-07-21,767.49
INV50826,C0102,2024-06-08,2024-07-08,2024-06-26,658.81
INV50827,C0147,2024-06-08,2024-07-23,2024-06-21,22795.60
INV50828,C0150,2024-06-08,2024-07-08,2024-07-01,1761.40
INV50829,C0160,2024-06-08,2024-07-08,2024-06-18,1196.75
INV50830,C0002,2024-06-09,2024-08-08,2024-08-04,23256.41
INV50831,C0029,2024-06-09,2024-07-09,2024-07-09,538.35
INV50832,C0066,2024-06-09,2024-07-09,2024-09-25,753.93
INV50833,C0105,2024-06-09,2024-07-09,2024-11-09,2129.85
INV50834,C0129,2024-06-09,2024-07-09,2024-07-04,2104.74
INV50835,C0134,2024-06-09,2024-07-09,2024-07-29,1524.46
INV50836,C0020,2024-06-10,2024-07-10,2024-09-15,3205.29
INV50837,C0032,2024-06-10,2024-07-10,2024-07-08,5747.59
INV50838,C0041,2024-06-10,2024-07-25,2024-06-21,2357.96
INV50839,C0081,2024-06-10,2024-07-10,2024-07-09,2260.52
INV50840,C0122,2024-06-10,2024-07-25,2024-07-25,4635.37
INV50841,C0136,2024-06-10,2024-07-10,2024-07-08,1803.22
INV50842,C0030,2024-06-11,2024-07-11,2024-06-17,1381.41
INV50843,C0046,2024-06-11,2024-07-11,2024-06-27,1140.08
INV50844,C0052,2024-06-11,2024-07-11,2024-07-11,1495.32
INV50845,C0053,2024-06-11,2024-07-11,2024-07-02,2231.61
INV50846,C0112,2024-06-11,2024-07-11,2024-07-29,430.31
INV50847,C0028,2024-06-12,2024-07-12,2024-07-24,1001.71
INV50848,C0051,2024-06-12,2024-07-12,2024-06-23,1798.70
INV50849,C0124,2024-06-12,2024-07-12,2024-07-20,1663.87
INV50850,C0151,2024-06-12,2024-07-12,2024-10-11,2377.33
INV50851,C0028,2024-06-13,2024-07-13,2024-06-24,372.86
INV50852,C0050,2024-06-13,2024-07-13,2024-07-01,4176.27
INV50853,C0060,2024-06-13,2024-07-28,2024-11-19,7680.18
INV50854,C0100,2024-06-13,2024-07-13,2024-06-25,7455.56
INV50855,C0147,2024-06-13,2024-07-28,2024-06-23,24574.25
INV50856,C0033,2024-06-14,2024-07-14,2024-07-03,1231.05
INV50857,C0047,2024-06-14,2024-07-29,2024-07-06,8009.51
INV50858,C0054,2024-06-14,2024-08-13,2024-08-01,13184.78
INV50859,C0100,2024-06-14,2024-07-14,2024-06-22,2943.75
INV50860,C0162,2024-06-14,2024-07-14,2024-06-29,801.20
INV50861,C0033,2024-06-15,2024-07-15,2024-08-27,1782.69
INV50862,C0037,2024-06-15,2024-07-15,2024-09-23,358.98
INV50863,C0010,2024-06-16,2024-07-16,2024-08-12,1666.12
INV50864,C0038,2024-06-16,2024-07-16,2024-07-12,1076.34
INV50865,C0135,2024-06-16,2024-07-16,2024-08-06,1037.05
INV50866,C0009,2024-06-17,2024-07-17,2024-07-13,2085.47
INV50867,C0094,2024-06-17,2024-08-01,2024-07-09,6799.46
INV50868,C0180,2024-06-17,2024-07-17,2024-09-15,2241.29
INV50869,C0006,2024-06-18,2024-08-02,2024-06-24,28317.42
INV50870,C0038,2024-06-18,2024-07-18,2024-07-13,2343.20
INV50871,C0068,2024-06-18,2024-08-02,2024-07-01,13590.72
INV50872,C0084,2024-06-18,2024-07-18,2024-06-28,2477.46
INV50873,C0088,2024-06-18,2024-07-18,2024-07-18,5712.80
INV50874,C0101,2024-06-18,2024-08-02,2024-06-27,20849.34
INV50875,C0132,2024-06-18,2024-07-18,2024-07-04,1570.75
INV50876,C0142,2024-06-18,2024-07-18,2024-07-02,1749.37
INV50877,C0041,2024-06-19,2024-08-03,2024-07-20,7428.43
INV50878,C0044,2024-06-19,2024-07-19,2024-07-14,5777.37
INV50879,C0049,2024-06-19,2024-07-19,2024-07-03,1947.20
INV50880,C0104,2024-06-19,2024-07-19,2024-08-28,327.81
INV50881,C0152,2024-06-19,2024-07-19,2024-06-27,1533.29
INV50882,C0019,2024-06-20,2024-08-04,2024-07-02,5802.37
INV50883,C0030,2024-06-20,2024-07-20,2024-06-29,2268.80
INV50884,C0050,2024-06-20,2024-07-20,2024-06-28,4883.88
INV50885,C0087,2024-06-20,2024-07-20,2024-07-15,1001.45
INV50886,C0115,2024-06-20,2024-07-20,2024-07-15,2103.94
INV50887,C0137,2024-06-20,2024-07-20,2024-06-29,740.79
INV50888,C0138,2024-06-20,2024-07-20,2024-08-09,2348.19
INV50889,C0021,2024-06-21,2024-07-21,2024-11-03,1925.75
INV50890,C0042,2024-06-21,2024-07-21,2024-07-20,2345.09
INV50891,C0069,2024-06-21,2024-07-21,2024-11-25,1815.56
INV50892,C0076,2024-06-21,2024-07-21,2024-06-30,3759.84
INV50893,C0076,2024-06-21,2024-07-21,2024-06-26,7688.08
INV50894,C0093,2024-06-21,2024-07-21,2024-06-29,5436.75
INV50895,C0004,2024-06-22,2024-08-06,2024-07-21,6992.05
INV50896,C0056,2024-06-22,2024-07-22,2024-07-26,2422.14
INV50897,C0059,2024-06-22,2024-08-06,2024-07-12,6962.37
INV50898,C0072,2024-06-22,2024-08-06,2024-07-02,8109.82
INV50899,C0074,2024-06-22,2024-07-22,2024-07-18,2374.62
INV50900,C0133,2024-06-22,2024-08-06,2024-07-10,3927.46
INV50901,C0150,2024-06-22,2024-07-22,2024-09-13,3928.46
INV50902,C0010,2024-06-23,2024-07-23,2024-07-18,1550.21
INV50903,C0020,2024-06-23,2024-07-23,2024-07-07,7672.97
INV50904,C0061,2024-06-23,2024-07-23,2024-07-16,7772.21
INV50905,C0100,2024-06-23,2024-07-23,2024-07-11,2765.41
INV50906,C0039,2024-06-24,2024-07-24,2024-07-24,3814.86
INV50907,C0071,2024-06-24,2024-07-24,2024-06-30,324.32
INV50908,C0077,2024-06-24,2024-08-08,2024-08-10,7667.06
INV50909,C0146,2024-06-24,2024-07-24,2024-07-01,586.03
INV50910,C0019,2024-06-25,2024-08-09,2024-11-22,3250.76
INV50911,C0108,2024-06-25,2024-08-09,2024-10-07,7336.78
INV50912,C0117,2024-06-25,2024-08-09,2024-08-07,28977.55
INV50913,C0168,2024-06-25,2024-07-25,2024-07-17,1554.60
INV50914,C0012,2024-06-26,2024-07-26,2024-08-09,1677.83
INV50915,C0043,2024-06-26,2024-07-26,2024-07-19,2613.00
INV50916,C0059,2024-06-26,2024-08-10,2024-07-29,6806.26
INV50917,C0068,2024-06-26,2024-08-10,2024-07-19,8937.66
INV50918,C0075,2024-06-26,2024-07-26,2024-10-31,2277.23
INV50919,C0076,2024-06-26,2024-07-26,2024-07-22,2672.67
INV50920,C0080,2024-06-26,2024-08-10,2024-07-11,6027.83
INV50921,C0103,2024-06-26,2024-07-26,2024-10-07,822.83
INV50922,C0109,2024-06-26,2024-07-26,2024-07-25,2133.83
INV50923,C0130,2024-06-26,2024-07-26,2024-07-15,2168.51
INV50924,C0131,2024-06-26,2024-07-26,2024-07-15,2069.82
INV50925,C0158,2024-06-26,2024-07-26,2024-07-10,609.94
INV50926,C0004,2024-06-27,2024-08-11,2024-08-04,2079.64
INV50927,C0103,2024-06-27,2024-07-27,2024-07-10,2106.13
INV50928,C0129,2024-06-27,2024-07-27,2024-07-08,2448.39
INV50929,C0132,2024-06-27,2024-07-27,2024-07-30,773.94
INV50930,C0058,2024-06-28,2024-07-28,2024-07-10,1497.47
INV50931,C0144,2024-06-28,2024-07-28,2024-08-21,1034.09
INV50932,C0167,2024-06-28,2024-08-12,2024-07-22,23558.59
INV50933,C0010,2024-06-29,2024-07-29,2024-07-09,1570.65
INV50934,C0051,2024-06-29,2024-07-29,2024-07-11,1605.79
INV50935,C0091,2024-06-29,2024-07-29,2024-12-13,2482.55
INV50936,C0150,2024-06-29,2024-07-29,2024-07-22,6437.30
INV50937,C0179,2024-06-29,2024-08-13,2024-07-14,21488.04
INV50938,C0092,2024-06-30,2024-07-30,2024-07-14,507.67
INV50939,C0001,2024-07-01,2024-08-15,2024-11-20,5164.64
INV50940,C0002,2024-07-01,2024-08-30,2024-10-11,27171.79
INV50941,C0018,2024-07-01,2024-07-31,2024-07-11,2223.09
INV50942,C0019,2024-07-01,2024-08-15,2024-08-25,2037.73
INV50943,C0141,2024-07-01,2024-07-31,2024-07-15,6686.45
INV50944,C0154,2024-07-01,2024-07-31,2024-07-17,1342.15
INV50945,C0017,2024-07-02,2024-08-01,2024-07-30,2384.89
INV50946,C0030,2024-07-02,2024-08-01,2024-10-30,1181.34
INV50947,C0076,2024-07-02,2024-08-01,2024-08-01,6353.44
INV50948,C0085,2024-07-02,2024-08-01,2024-07-10,616.06
INV50949,C0113,2024-07-02,2024-08-01,2024-10-21,398.61
INV50950,C0142,2024-07-02,2024-08-01,2024-07-28,1023.29
INV50951,C0150,2024-07-02,2024-08-01,2024-07-10,2960.01
INV50952,C0153,2024-07-02,2024-08-01,2024-07-15,530.15
INV50953,C0036,2024-07-03,2024-08-02,2024-12-05,1961.25
INV50954,C0090,2024-07-03,2024-08-02,2024-07-19,1944.49
INV50955,C0131,2024-07-03,2024-08-02,2024-12-05,532.73
INV50956,C0133,2024-07-03,2024-08-17,2024-08-14,6741.39
INV50957,C0159,2024-07-03,2024-08-02,2024-07-30,6641.49
INV50958,C0175,2024-07-03,2024-08-02,2024-07-28,1703.77
INV50959,C0127,2024-07-04,2024-08-18,2024-07-29,7522.76
INV50960,C0136,2024-07-04,2024-08-03,2024-07-14,2212.72
INV50961,C0024,2024-07-05,2024-08-04,2024-10-04,1220.33
INV50962,C0106,2024-07-05,2024-08-04,2024-07-26,5317.26
INV50963,C0171,2024-07-05,2024-08-19,2024-08-01,8062.77
INV50964,C0045,2024-07-06,2024-08-05,2024-08-02,1866.61
INV50965,C0159,2024-07-06,2024-08-05,2024-07-22,3744.41
INV50966,C0001,2024-07-07,2024-08-21,2024-11-13,7088.79
INV50967,C0064,2024-07-07,2024-08-21,2024-08-11,15144.88
INV50968,C0111,2024-07-07,2024-08-06,2024-07-23,595.78
INV50969,C0118,2024-07-07,2024-08-06,2024-07-24,2115.17
INV50970,C0145,2024-07-07,2024-08-21,2024-12-16,4942.02
INV50971,C0163,2024-07-07,2024-08-21,2024-07-28,4764.55
INV50972,C0057,2024-07-08,2024-08-22,2024-07-16,7905.91
INV50973,C0063,2024-07-08,2024-08-22,2024-08-16,7747.99
INV50974,C0078,2024-07-08,2024-08-07,2024-07-31,1825.49
INV50975,C0093,2024-07-08,2024-08-07,2024-07-27,4150.74
INV50976,C0166,2024-07-08,2024-08-22,2024-08-11,2283.18
INV50977,C0018,2024-07-09,2024-08-08,2024-07-17,1457.17
INV50978,C0064,2024-07-09,2024-08-23,2024-08-03,9449.94
INV50979,C0104,2024-07-09,2024-08-08,2024-07-20,2105.35
INV50980,C0068,2024-07-10,2024-08-24,2024-08-02,14211.02
INV50981,C0128,2024-07-10,2024-08-09,2024-08-05,1873.75
INV50982,C0133,2024-07-10,2024-08-24,2024-08-08,5421.83
INV50983,C0147,2024-07-10,2024-08-24,2025-01-08,23717.11
INV50984,C0010,2024-07-11,2024-08-10,2024-07-26,2380.43
INV50985,C0063,2024-07-11,2024-08-25,2024-09-05,6119.48
INV50986,C0068,2024-07-11,2024-08-25,2024-07-24,13438.29
INV50987,C0090,2024-07-11,2024-08-10,2024-07-18,1525.52
INV50988,C0101,2024-07-11,2024-08-25,2024-08-18,15864.83
INV50989,C0153,2024-07-11,2024-08-10,2024-10-24,857.71
INV50990,C0018,2024-07-12,2024-08-11,2024-10-11,1846.56
INV50991,C0027,2024-07-12,2024-09-10,2024-07-30,13870.53
INV50992,C0028,2024-07-12,2024-08-11,2024-09-17,1071.27
INV50993,C0033,2024-07-12,2024-08-11,2024-08-04,1621.20
INV50994,C0042,2024-07-12,2024-08-11,2024-11-21,410.13
INV50995,C0051,2024-07-12,2024-08-11,2024-09-27,2167.30
INV50996,C0067,2024-07-12,2024-08-11,2024-07-22,2301.85
INV50997,C0081,2024-07-12,2024-08-11,2024-07-21,909.16
INV50998,C0084,2024-07-12,2024-08-11,2024-08-05,952.05
INV50999,C0088,2024-07-12,2024-08-11,2024-07-26,5080.75
INV51000,C0117,2024-07-12,2024-08-26,2024-08-25,27929.00
INV51001,C0120,2024-07-12,2024-08-11,2024-12-16,650.31
INV51002,C0154,2024-07-12,2024-08-11,2024-07-28,835.98
INV51003,C0159,2024-07-12,2024-08-11,2024-07-20,8781.60
INV51004,C0165,2024-07-12,2024-08-11,2024-08-02,1512.51
INV51005,C0001,2024-07-13,2024-08-27,2024-08-09,7836.34
INV51006,C0048,2024-07-13,2024-08-12,2024-07-20,1227.07
INV51007,C0060,2024-07-13,2024-08-27,2024-08-01,7246.87
INV51008,C0064,2024-07-13,2024-08-27,2024-08-05,26917.25
INV51009,C0066,2024-07-13,2024-08-12,2024-08-16,1845.65
INV51010,C0158,2024-07-13,2024-08-12,2024-07-24,2196.58
INV51011,C0038,2024-07-14,2024-08-13,2024-08-04,762.48
INV51012,C0043,2024-07-14,2024-08-13,2024-08-03,4478.87
INV51013,C0123,2024-07-14,2024-08-13,2024-08-05,2429.88
INV51014,C0020,2024-07-15,2024-08-14,2024-07-21,5617.51
INV51015,C0034,2024-07-15,2024-08-14,2024-08-13,1961.04
INV51016,C0072,2024-07-15,2024-08-29,2024-08-05,5248.42
INV51017,C0079,2024-07-15,2024-08-14,2024-08-11,795.43
INV51018,C0114,2024-07-15,2024-08-14,2024-07-27,359.18
INV51019,C0055,2024-07-16,2024-08-15,2024-08-14,7036.70
INV51020,C0068,2024-07-16,2024-08-30,2024-07-22,23448.52
INV51021,C0083,2024-07-16,2024-08-15,2024-10-09,653.68
INV51022,C0124,2024-07-16,2024-08-15,2024-09-22,1203.85
INV51023,C0174,2024-07-16,2024-08-15,2024-08-02,938.69
INV51024,C0033,2024-07-17,2024-08-16,2024-08-01,315.58
INV51025,C0044,2024-07-17,2024-08-16,2024-08-08,5922.86
INV51026,C0132,2024-07-17,2024-08-16,2024-10-20,1290.64
INV51027,C0169,2024-07-17,2024-08-16,2024-09-06,7631.28
INV51028,C0175,2024-07-17,2024-08-16,2024-07-23,568.06
INV51029,C0176,2024-07-17,2024-08-16,2024-09-17,477.69
INV51030,C0049,2024-07-18,2024-08-17,2024-08-06,781.18
INV51031,C0067,2024-07-18,2024-08-17,2024-08-08,2275.13
INV51032,C0109,2024-07-18,2024-08-17,2024-08-06,1567.56
INV51033,C0123,2024-07-18,2024-08-17,2024-08-10,452.01
INV51034,C0135,2024-07-18,2024-08-17,2024-08-16,2261.71
INV51035,C0175,2024-07-18,2024-08-17,2024-12-26,2040.62
INV51036,C0026,2024-07-19,2024-09-02,2024-08-18,8951.97
INV51037,C0050,2024-07-19,2024-08-18,2024-10-15,1926.09
INV51038,C0080,2024-07-19,2024-09-02,2024-08-06,7869.38
INV51039,C0139,2024-07-19,2024-08-18,2024-09-10,968.33
INV51040,C0158,2024-07-19,2024-08-18,2024-07-29,658.31
INV51041,C0161,2024-07-19,2024-08-18,2024-08-01,526.42
INV51042,C0032,2024-07-20,2024-08-19,2024-08-04,5853.35
INV51043,C0039,2024-07-20,2024-08-19,2024-08-10,4907.27
INV51044,C0114,2024-07-20,2024-08-19,2024-10-03,1563.35
INV51045,C0117,2024-07-20,2024-09-03,2024-08-18,29486.02
INV51046,C0119,2024-07-20,2024-09-03,2024-09-26,23431.38
INV51047,C0152,2024-07-20,2024-08-19,2024-08-11,7548.55
INV51048,C0164,2024-07-20,2024-08-19,2024-07-25,1403.52
INV51049,C0007,2024-07-21,2024-08-20,2024-09-26,1871.29
INV51050,C0019,2024-07-21,2024-09-04,2024-08-30,3574.23
INV51051,C0026,2024-07-21,2024-09-04,2024-08-17,3545.01
INV51052,C0039,2024-07-21,2024-08-20,2024-08-06,2888.24
INV51053,C0050,2024-07-21,2024-08-20,2024-09-09,4577.39
INV51054,C0101,2024-07-21,2024-09-04,2024-08-27,13141.00
INV51055,C0122,2024-07-21,2024-09-04,2024-08-08,7686.47
INV51056,C0026,2024-07-22,2024-09-05,2024-09-04,1607.31
INV51057,C0043,2024-07-22,2024-08-21,2024-10-24,7465.82
INV51058,C0122,2024-07-22,2024-09-05,2024-08-04,2969.34
INV51059,C0127,2024-07-22,2024-09-05,2024-08-29,4288.14
INV51060,C0046,2024-07-23,2024-08-22,2024-07-29,339.65
INV51061,C0058,2024-07-23,2024-08-22,2024-08-06,901.43
INV51062,C0070,2024-07-23,2024-09-06,2024-08-14,6244.18
INV51063,C0070,2024-07-23,2024-09-06,2024-10-07,24010.97
INV51064,C0134,2024-07-23,2024-08-22,2024-08-02,1224.94
INV51065,C0152,2024-07-23,2024-08-22,2024-07-29,3518.97
INV51066,C0007,2024-07-24,2024-08-23,2024-08-16,527.06
INV51067,C0041,2024-07-24,2024-09-07,2024-08-20,4481.50
INV51068,C0050,2024-07-24,2024-08-23,2024-11-10,4188.28
INV51069,C0081,2024-07-24,2024-08-23,2024-12-10,1088.38
INV51070,C0089,2024-07-24,2024-08-23,2024-08-04,4744.17
INV51071,C0159,2024-07-24,2024-08-23,2024-08-04,8611.81
INV51072,C0052,2024-07-25,2024-08-24,2024-08-11,1853.38
INV51073,C0084,2024-07-25,2024-08-24,2024-09-30,1243.00
INV51074,C0091,2024-07-25,2024-08-24,2024-08-24,2093.00
INV51075,C0092,2024-07-25,2024-08-24,2024-10-25,1749.27
INV51076,C0138,2024-07-25,2024-08-24,2024-08-09,2268.35
INV51077,C0020,2024-07-26,2024-08-25,2024-08-21,4497.24
INV51078,C0037,2024-07-26,2024-08-25,2024-08-15,2006.80
INV51079,C0117,2024-07-26,2024-09-09,2024-09-08,26305.51
INV51080,C0169,2024-07-26,2024-08-25,2024-08-21,3832.62
INV51081,C0039,2024-07-27,2024-08-26,2024-11-11,8400.29
INV51082,C0064,2024-07-27,2024-09-10,2024-08-27,10153.88
INV51083,C0071,2024-07-27,2024-08-26,2024-08-09,2465.65
INV51084,C0119,2024-07-27,2024-09-10,2024-12-21,7979.39
INV51085,C0146,2024-07-27,2024-08-26,2024-08-10,2069.16
INV51086,C0180,2024-07-27,2024-08-26,2024-08-08,749.64
INV51087,C0022,2024-07-28,2024-08-27,2024-08-12,8631.70
INV51088,C0072,2024-07-28,2024-09-11,2024-10-03,5989.89
INV51089,C0113,2024-07-28,2024-08-27,2024-08-12,1461.55
INV51090,C0006,2024-07-29,2024-09-12,2024-11-03,11850.77
INV51091,C0070,2024-07-29,2024-09-12,2024-08-05,18881.13
INV51092,C0104,2024-07-29,2024-08-28,2024-08-20,1608.64
INV51093,C0106,2024-07-29,2024-08-28,2024-08-17,2712.70
INV51094,C0167,2024-07-29,2024-09-12,2024-08-07,11847.06
INV51095,C0170,2024-07-29,2024-08-28,2024-08-26,1286.56
INV51096,C0006,2024-07-30,2024-09-13,2024-08-20,6519.00
INV51097,C0075,2024-07-30,2024-08-29,2024-09-21,2272.82
INV51098,C0106,2024-07-30,2024-08-29,2024-08-22,4180.63
INV51099,C0139,2024-07-30,2024-08-29,2024-08-11,737.76
INV51100,C0095,2024-07-31,2024-09-14,2024-08-23,7519.34
INV51101,C0121,2024-07-31,2024-08-30,2024-08-30,1741.37
INV51102,C0004,2024-08-01,2024-09-15,2024-08-20,8017.82
INV51103,C0076,2024-08-01,2024-08-31,2024-08-17,9576.61
INV51104,C0085,2024-08-01,2024-08-31,2024-08-25,504.47
INV51105,C0105,2024-08-01,2024-08-31,2024-08-24,652.28
INV51106,C0171,2024-08-01,2024-09-15,2024-08-10,8383.16
INV51107,C0017,2024-08-02,2024-09-01,2024-08-21,2654.88
INV51108,C0024,2024-08-02,2024-09-01,2024-09-16,2401.61
INV51109,C0065,2024-08-02,2024-09-01,2024-08-17,517.28
INV51110,C0082,2024-08-02,2024-09-01,2024-08-11,2047.31
INV51111,C0117,2024-08-02,2024-09-16,2024-08-27,22573.42
INV51112,C0152,2024-08-02,2024-09-01,2024-08-13,3709.21
INV51113,C0169,2024-08-02,2024-09-01,2024-08-30,4221.85
INV51114,C0018,2024-08-03,2024-09-02,2024-08-17,2701.14
INV51115,C0045,2024-08-03,2024-09-02,2024-11-13,761.01
INV51116,C0081,2024-08-03,2024-09-02,2024-08-22,379.50
INV51117,C0170,2024-08-03,2024-09-02,2024-08-14,1945.66
INV51118,C0026,2024-08-04,2024-09-18,2024-08-12,7034.44
INV51119,C0064,2024-08-04,2024-09-18,2024-09-08,11749.72
INV51120,C0107,2024-08-04,2024-09-03,2024-08-11,2341.57
INV51121,C0168,2024-08-04,2024-09-03,2024-08-31,2619.16
INV51122,C0180,2024-08-04,2024-09-03,2024-09-17,1295.13
INV51123,C0003,2024-08-05,2024-09-19,2024-08-29,4147.22
INV51124,C0031,2024-08-05,2024-09-04,2024-08-19,1405.06
INV51125,C0168,2024-08-05,2024-09-04,2024-11-11,1320.90
INV51126,C0020,2024-08-06,2024-09-05,2024-10-12,9281.08
INV51127,C0050,2024-08-06,2024-09-05,2024-08-17,7239.89
INV51128,C0053,2024-08-06,2024-09-05,2024-08-17,2733.80
INV51129,C0083,2024-08-06,2024-09-05,2024-08-19,800.36
INV51130,C0106,2024-08-06,2024-09-05,2024-08-19,9610.19
INV51131,C0003,2024-08-07,2024-09-21,2024-09-26,3755.96
INV51132,C0022,2024-08-07,2024-09-06,2024-08-27,6609.18
INV51133,C0031,2024-08-07,2024-09-06,2024-08-23,1449.95
INV51134,C0061,2024-08-07,2024-09-06,2024-08-19,3932.71
INV51135,C0109,2024-08-07,2024-09-06,2024-11-13,1280.99
INV51136,C0126,2024-08-07,2024-09-06,2024-08-30,7782.85
INV51137,C0070,2024-08-08,2024-09-22,2024-09-02,8531.09
INV51138,C0100,2024-08-08,2024-09-07,2024-08-15,5643.09
INV51139,C0173,2024-08-08,2024-09-22,2024-10-09,9083.44
INV51140,C0005,2024-08-09,2024-09-08,2024-09-05,2525.52
INV51141,C0094,2024-08-09,2024-09-23,2024-09-03,7798.16
INV51142,C0098,2024-08-09,2024-09-08,2024-12-17,1423.92
INV51143,C0118,2024-08-09,2024-09-08,2024-08-20,1227.18
INV51144,C0082,2024-08-10,2024-09-09,2025-01-16,5470.41
INV51145,C0083,2024-08-10,2024-09-09,2024-09-07,683.26
INV51146,C0127,2024-08-10,2024-09-24,2024-09-06,9047.80
INV51147,C0052,2024-08-11,2024-09-10,2025-01-11,1436.82
INV51148,C0094,2024-08-11,2024-09-25,2024-09-04,10065.66
INV51149,C0105,2024-08-11,2024-09-10,2024-12-08,2632.34
INV51150,C0179,2024-08-11,2024-09-25,2024-08-16,8505.54
INV51151,C0014,2024-08-12,2024-09-11,2024-09-11,1508.31
INV51152,C0049,2024-08-12,2024-09-11,2024-09-12,2868.59
INV51153,C0100,2024-08-12,2024-09-11,2024-09-09,4733.04
INV51154,C0113,2024-08-12,2024-09-11,2024-09-03,1182.29
INV51155,C0031,2024-08-13,2024-09-12,2024-08-30,530.63
INV51156,C0069,2024-08-13,2024-09-12,2024-09-07,2694.43
INV51157,C0103,2024-08-13,2024-09-12,2024-11-12,2224.65
INV51158,C0115,2024-08-13,2024-09-12,2024-08-22,2053.28
INV51159,C0043,2024-08-14,2024-09-13,2024-08-24,6480.14
INV51160,C0045,2024-08-14,2024-09-13,2024-12-01,1992.54
INV51161,C0060,2024-08-14,2024-09-28,2024-08-26,1770.50
INV51162,C0093,2024-08-14,2024-09-13,2024-08-23,6886.43
INV51163,C0095,2024-08-14,2024-09-28,2024-09-14,8834.63
INV51164,C0007,2024-08-15,2024-09-14,2024-09-03,439.06
INV51165,C0047,2024-08-15,2024-09-29,2024-09-02,17081.90
INV51166,C0090,2024-08-15,2024-09-14,2024-09-05,396.52
INV51167,C0152,2024-08-15,2024-09-14,2024-08-22,9653.04
INV51168,C0171,2024-08-15,2024-09-29,2024-09-16,3476.63
INV51169,C0023,2024-08-16,2024-09-15,2024-09-11,5029.10
INV51170,C0068,2024-08-16,2024-09-30,2024-09-04,25363.08
INV51171,C0111,2024-08-16,2024-09-15,2024-09-08,1634.44
INV51172,C0179,2024-08-16,2024-09-30,2024-09-28,17951.69
INV51173,C0021,2024-08-17,2024-09-16,2024-09-08,1977.24
INV51174,C0091,2024-08-17,2024-09-16,2024-08-27,1207.91
INV51175,C0095,2024-08-17,2024-10-01,2024-12-23,3688.21
INV51176,C0142,2024-08-17,2024-09-16,2024-08-24,717.64
INV51177,C0148,2024-08-17,2024-09-16,2024-09-03,8719.19
INV51178,C0001,2024-08-18,2024-10-02,2024-09-05,10246.46
INV51179,C0002,2024-08-18,2024-10-17,2024-09-06,34309.15
INV51180,C0004,2024-08-18,2024-10-02,2025-01-26,5287.72
INV51181,C0106,2024-08-18,2024-09-17,2024-10-01,3870.25
INV51182,C0116,2024-08-18,2024-09-17,2024-12-02,2018.68
INV51183,C0122,2024-08-18,2024-10-02,2025-01-01,8665.08
INV51184,C0012,2024-08-19,2024-09-18,2025-01-20,2780.12
INV51185,C0066,2024-08-19,2024-09-18,2024-11-11,2738.19
INV51186,C0109,2024-08-19,2024-09-18,2024-12-28,2719.44
INV51187,C0114,2024-08-19,2024-09-18,2024-11-15,1883.93
INV51188,C0119,2024-08-19,2024-10-03,2024-09-04,13774.53
INV51189,C0014,2024-08-20,2024-09-19,2024-09-20,976.06
INV51190,C0075,2024-08-20,2024-09-19,2024-09-05,2052.51
INV51191,C0077,2024-08-20,2024-10-04,2024-09-20,7019.77
INV51192,C0117,2024-08-20,2024-10-04,2024-09-25,26054.16
INV51193,C0123,2024-08-20,2024-09-19,2024-09-06,2802.64
INV51194,C0137,2024-08-20,2024-09-19,2024-10-18,2824.47
INV51195,C0151,2024-08-20,2024-09-19,2024-12-02,2564.18
INV51196,C0164,2024-08-20,2024-09-19,2024-08-28,2377.22
INV51197,C0105,2024-08-21,2024-09-20,2024-08-29,1540.52
INV51198,C0173,2024-08-21,2024-10-05,2025-01-05,6282.39
INV51199,C0009,2024-08-22,2024-09-21,2024-09-16,1834.84
INV51200,C0030,2024-08-22,2024-09-21,2024-09-16,1269.93
INV51201,C0037,2024-08-22,2024-09-21,2024-11-17,1226.80
INV51202,C0097,2024-08-22,2024-09-21,2025-01-25,7146.65
INV51203,C0133,2024-08-22,2024-10-06,2025-02-06,9099.09
INV51204,C0163,2024-08-22,2024-10-06,2024-09-12,10122.77
INV51205,C0166,2024-08-22,2024-10-06,2024-10-01,9064.24
INV51206,C0005,2024-08-23,2024-09-22,2024-09-04,2458.30
INV51207,C0042,2024-08-23,2024-09-22,2024-09-16,1660.50
INV51208,C0045,2024-08-23,2024-09-22,2025-01-21,784.18
INV51209,C0054,2024-08-23,2024-10-22,2024-09-27,32023.48
INV51210,C0072,2024-08-23,2024-10-07,2024-09-19,3686.30
INV51211,C0094,2024-08-23,2024-10-07,2024-08-31,4260.29
INV51212,C0163,2024-08-23,2024-10-07,2024-10-04,8660.35
INV51213,C0020,2024-08-24,2024-09-23,2024-08-31,6173.73
INV51214,C0030,2024-08-24,2024-09-23,2024-09-16,2602.93
INV51215,C0094,2024-08-24,2024-10-08,2024-09-10,3137.16
INV51216,C0108,2024-08-24,2024-10-08,2024-10-15,7977.68
INV51217,C0114,2024-08-24,2024-09-23,2024-09-12,889.00
INV51218,C0141,2024-08-24,2024-09-23,2024-09-01,2749.20
INV51219,C0144,2024-08-24,2024-09-23,2024-10-20,1277.23
INV51220,C0002,2024-08-25,2024-10-24,2024-10-01,22479.68
INV51221,C0048,2024-08-25,2024-09-24,2024-09-16,1994.46
INV51222,C0050,2024-08-25,2024-09-24,2024-11-02,6657.33
INV51223,C0061,2024-08-25,2024-09-24,2024-09-15,10346.50
INV51224,C0075,2024-08-25,2024-09-24,2024-08-31,1560.79
INV51225,C0083,2024-08-25,2024-09-24,2024-08-30,1215.80
INV51226,C0134,2024-08-25,2024-09-24,2024-11-05,1883.11
INV51227,C0135,2024-08-25,2024-09-24,2024-09-04,962.41
INV51228,C0039,2024-08-26,2024-09-25,2024-09-16,5518.67
INV51229,C0054,2024-08-26,2024-10-25,2024-10-02,20912.95
INV51230,C0094,2024-08-26,2024-10-10,2024-09-02,3177.98
INV51231,C0132,2024-08-26,2024-09-25,2024-10-26,779.02
INV51232,C0009,2024-08-27,2024-09-26,2024-09-06,1626.83
INV51233,C0039,2024-08-27,2024-09-26,2024-09-14,9518.62
INV51234,C0143,2024-08-27,2024-09-26,2024-09-10,2776.33
INV51235,C0053,2024-08-28,2024-09-27,2024-09-20,1866.90
INV51236,C0072,2024-08-28,2024-10-12,2024-09-06,3056.77
INV51237,C0173,2024-08-28,2024-10-12,2024-09-16,5703.66
INV51238,C0006,2024-08-29,2024-10-13,2024-10-12,20736.37
INV51239,C0032,2024-08-29,2024-09-28,2024-11-04,8374.50
INV51240,C0089,2024-08-29,2024-09-28,2024-09-16,7252.70
INV51241,C0158,2024-08-29,2024-09-28,2024-11-21,1869.26
INV51242,C0172,2024-08-29,2024-09-28,2024-09-21,2631.93
INV51243,C0003,2024-08-30,2024-10-14,2024-11-01,3752.06
INV51244,C0087,2024-08-30,2024-09-29,2024-12-13,936.88
INV51245,C0104,2024-08-30,2024-09-29,2024-09-16,1757.58
INV51246,C0147,2024-08-30,2024-10-14,2024-09-16,22009.08
INV51247,C0175,2024-08-30,2024-09-29,2024-12-06,1395.75
INV51248,C0179,2024-08-30,2024-10-14,2024-10-03,8505.87
INV51249,C0002,2024-08-31,2024-10-30,2024-10-04,16849.16
INV51250,C0078,2024-08-31,2024-09-30,2024-09-08,2721.25
INV51251,C0089,2024-08-31,2024-09-30,2024-09-12,7008.52
INV51252,C0039,2024-09-01,2024-10-01,2025-02-17,3479.32
INV51253,C0073,2024-09-01,2024-10-01,2024-09-06,2191.52
INV51254,C0100,2024-09-01,2024-10-01,2024-10-08,8281.24
INV51255,C0125,2024-09-01,2024-10-01,2024-09-13,437.53
INV51256,C0144,2024-09-01,2024-10-01,2024-09-12,1355.38
INV51257,C0146,2024-09-01,2024-10-01,2024-10-19,1580.65
INV51258,C0043,2024-09-02,2024-10-02,2024-09-27,1972.01
INV51259,C0054,2024-09-02,2024-11-01,2024-09-07,22610.03
INV51260,C0064,2024-09-02,2024-10-17,2024-09-08,22655.50
INV51261,C0098,2024-09-02,2024-10-02,2025-02-07,1890.63
INV51262,C0120,2024-09-02,2024-10-02,2024-09-18,2379.72
INV51263,C0122,2024-09-02,2024-10-17,2024-09-14,8677.15
INV51264,C0009,2024-09-03,2024-10-03,2024-09-22,1241.33
INV51265,C0029,2024-09-03,2024-10-03,2024-11-24,2748.10
INV51266,C0046,2024-09-03,2024-10-03,2024-09-23,1694.03
INV51267,C0072,2024-09-03,2024-10-18,2024-09-29,3748.35
INV51268,C0106,2024-09-03,2024-10-03,2024-09-20,9377.60
INV51269,C0109,2024-09-03,2024-10-03,2024-09-10,431.05
INV51270,C0140,2024-09-03,2024-10-03,2024-11-28,2821.09
INV51271,C0068,2024-09-04,2024-10-19,2024-10-08,11818.17
INV51272,C0134,2024-09-04,2024-10-04,2024-09-23,1585.60
INV51273,C0152,2024-09-04,2024-10-04,2024-09-23,7632.70
INV51274,C0156,2024-09-04,2024-10-19,2025-01-04,9947.18
INV51275,C0167,2024-09-04,2024-10-19,2024-10-07,12758.68
INV51276,C0172,2024-09-04,2024-10-04,2024-09-19,2582.95
INV51277,C0061,2024-09-05,2024-10-05,2024-10-21,5656.14
INV51278,C0070,2024-09-05,2024-10-20,2024-10-05,14962.44
INV51279,C0096,2024-09-05,2024-10-05,2024-09-10,2772.05
INV51280,C0145,2024-09-05,2024-10-20,2024-10-03,2040.48
INV51281,C0006,2024-09-06,2024-10-21,2025-02-05,10282.32
INV51282,C0026,2024-09-06,2024-10-21,2024-09-26,6912.21
INV51283,C0039,2024-09-06,2024-10-06,2024-09-16,9223.69
INV51284,C0059,2024-09-06,2024-10-21,2024-10-07,3640.63
INV51285,C0086,2024-09-06,2024-10-06,2024-11-07,382.22
INV51286,C0041,2024-09-07,2024-10-22,2024-10-19,4888.95
INV51287,C0044,2024-09-07,2024-10-07,2024-09-27,10220.88
INV51288,C0095,2024-09-07,2024-10-22,2024-10-09,8841.79
INV51289,C0145,2024-09-07,2024-10-22,2024-10-12,4872.85
INV51290,C0138,2024-09-08,2024-10-08,2024-09-24,859.96
INV51291,C0141,2024-09-08,2024-10-08,2024-09-17,2924.17
INV51292,C0172,2024-09-08,2024-10-08,2024-10-11,748.43
INV51293,C0077,2024-09-09,2024-10-24,2024-09-19,4000.27
INV51294,C0165,2024-09-09,2024-10-09,2025-02-09,2298.04
INV51295,C0172,2024-09-09,2024-10-09,2024-10-08,1264.15
INV51296,C0178,2024-09-09,2024-10-24,2024-10-08,8531.39
INV51297,C0001,2024-09-10,2024-10-25,2025-03-03,9798.82
INV51298,C0002,2024-09-10,2024-11-09,2024-12-12,29032.46
INV51299,C0070,2024-09-10,2024-10-25,2025-02-03,9076.92
INV51300,C0085,2024-09-10,2024-10-10,2024-09-20,2612.63
INV51301,C0099,2024-09-10,2024-10-10,2024-11-12,2819.41
INV51302,C0109,2024-09-10,2024-10-10,2024-09-21,2702.77
INV51303,C0130,2024-09-10,2024-10-10,2024-09-30,2431.02
INV51304,C0098,2024-09-11,2024-10-11,2024-11-18,1209.50
INV51305,C0129,2024-09-11,2024-10-11,2024-10-11,1975.48
INV51306,C0180,2024-09-11,2024-10-11,2025-02-13,2024.00
INV51307,C0006,2024-09-12,2024-10-27,2024-09-22,15745.48
INV51308,C0039,2024-09-12,2024-10-12,2024-10-05,9567.96
INV51309,C0070,2024-09-12,2024-10-27,2024-10-19,33281.66
INV51310,C0115,2024-09-12,2024-10-12,2024-09-21,2159.06
INV51311,C0162,2024-09-12,2024-10-12,2024-10-27,1143.67
INV51312,C0004,2024-09-13,2024-10-28,2024-09-27,1877.50
INV51313,C0009,2024-09-13,2024-10-13,2024-09-26,1389.40
INV51314,C0013,2024-09-13,2024-10-13,2024-10-04,2739.90
INV51315,C0080,2024-09-13,2024-10-28,2024-10-21,9604.68
INV51316,C0089,2024-09-13,2024-10-13,2024-09-20,4284.49
INV51317,C0117,2024-09-13,2024-10-28,2024-10-16,8321.50
INV51318,C0148,2024-09-13,2024-10-13,2024-09-22,5053.67
INV51319,C0015,2024-09-14,2024-10-14,2025-02-25,408.15
INV51320,C0034,2024-09-14,2024-10-14,2024-09-30,2446.88
INV51321,C0038,2024-09-14,2024-10-14,2024-10-09,1158.18
INV51322,C0066,2024-09-14,2024-10-14,2024-10-24,2694.98
INV51323,C0047,2024-09-15,2024-10-30,2024-09-24,27716.71
INV51324,C0080,2024-09-15,2024-10-30,2025-01-31,4047.68
INV51325,C0081,2024-09-15,2024-10-15,2025-02-06,2866.30
INV51326,C0100,2024-09-15,2024-10-15,2024-10-13,6886.27
INV51327,C0127,2024-09-15,2024-10-30,2024-10-13,10168.11
INV51328,C0142,2024-09-15,2024-10-15,2024-10-11,2415.12
INV51329,C0147,2024-09-15,2024-10-30,2024-12-01,10889.02
INV51330,C0165,2024-09-15,2024-10-15,2025-03-01,837.45
INV51331,C0174,2024-09-15,2024-10-15,2024-12-27,2729.74
INV51332,C0005,2024-09-16,2024-10-16,2024-11-21,2320.97
INV51333,C0070,2024-09-16,2024-10-31,2024-10-20,28572.71
INV51334,C0144,2024-09-16,2024-10-16,2024-10-13,1988.14
INV51335,C0150,2024-09-16,2024-10-16,2024-11-29,7622.97
INV51336,C0044,2024-09-17,2024-10-17,2024-10-12,4821.05
INV51337,C0107,2024-09-17,2024-10-17,2024-10-12,2010.94
INV51338,C0126,2024-09-17,2024-10-17,2024-10-07,3793.46
INV51339,C0126,2024-09-17,2024-10-17,2024-09-27,3328.64
INV51340,C0152,2024-09-17,2024-10-17,2024-10-13,2909.13
INV51341,C0158,2024-09-17,2024-10-17,2024-10-01,719.72
INV51342,C0162,2024-09-17,2024-10-17,2025-03-06,2504.89
INV51343,C0166,2024-09-17,2024-11-01,2025-03-02,8847.14
INV51344,C0040,2024-09-18,2024-10-18,2024-10-03,1534.66
INV51345,C0043,2024-09-18,2024-10-18,2024-10-05,8043.86
INV51346,C0059,2024-09-18,2024-11-02,2025-01-09,10002.43
INV51347,C0079,2024-09-18,2024-10-18,2024-11-09,418.91
INV51348,C0080,2024-09-18,2024-11-02,2024-09-25,2906.87
INV51349,C0083,2024-09-18,2024-10-18,2024-10-09,1328.86
INV51350,C0086,2024-09-18,2024-10-18,2024-10-05,1472.13
INV51351,C0097,2024-09-18,2024-10-18,2024-10-13,4378.58
INV51352,C0006,2024-09-19,2024-11-03,2024-10-05,12417.16
INV51353,C0049,2024-09-19,2024-10-19,2024-12-02,1238.17
INV51354,C0158,2024-09-19,2024-10-19,2024-11-24,2218.86
INV51355,C0023,2024-09-20,2024-10-20,2024-09-30,2148.82
INV51356,C0035,2024-09-20,2024-11-19,2024-10-04,15519.22
INV51357,C0059,2024-09-20,2024-11-04,2024-10-08,5461.80
INV51358,C0063,2024-09-20,2024-11-04,2024-10-15,8052.85
INV51359,C0082,2024-09-20,2024-10-20,2024-12-07,8776.50
INV51360,C0156,2024-09-20,2024-11-04,2024-10-25,4185.57
INV51361,C0160,2024-09-20,2024-10-20,2024-10-03,2205.45
INV51362,C0019,2024-09-21,2024-11-05,2024-10-12,3065.31
INV51363,C0038,2024-09-21,2024-10-21,2025-01-09,2769.81
INV51364,C0055,2024-09-21,2024-10-21,2024-10-13,3817.83
INV51365,C0073,2024-09-21,2024-10-21,2024-10-15,1077.49
INV51366,C0091,2024-09-21,2024-10-21,2024-10-19,2289.15
INV51367,C0111,2024-09-21,2024-10-21,2025-02-04,1062.34
INV51368,C0006,2024-09-22,2024-11-06,2024-09-30,9760.97
INV51369,C0063,2024-09-22,2024-11-06,2024-09-30,4931.90
INV51370,C0089,2024-09-22,2024-10-22,2025-01-01,6728.54
INV51371,C0124,2024-09-22,2024-10-22,2024-10-07,1540.81
INV51372,C0173,2024-09-22,2024-11-06,2024-10-30,6543.41
INV51373,C0002,2024-09-23,2024-11-22,2024-12-19,11437.99
INV51374,C0022,2024-09-23,2024-10-23,2024-10-07,9424.11
INV51375,C0058,2024-09-23,2024-10-23,2024-09-30,1925.58
INV51376,C0061,2024-09-23,2024-10-23,2024-10-15,8571.27
INV51377,C0123,2024-09-23,2024-10-23,2024-10-03,1312.18
INV51378,C0156,2024-09-23,2024-11-07,2024-10-12,4436.18
INV51379,C0159,2024-09-23,2024-10-23,2024-10-16,2572.43
INV51380,C0035,2024-09-24,2024-11-23,2025-01-23,7700.03
INV51381,C0040,2024-09-24,2024-10-24,2024-12-30,979.85
INV51382,C0060,2024-09-24,2024-11-08,2024-10-10,2410.98
INV51383,C0115,2024-09-24,2024-10-24,2024-12-23,1914.45
INV51384,C0117,2024-09-24,2024-11-08,2024-10-15,9995.61
INV51385,C0141,2024-09-24,2024-10-24,2024-10-05,3336.13
INV51386,C0012,2024-09-25,2024-10-25,2024-11-23,2725.75
INV51387,C0046,2024-09-25,2024-10-25,2024-10-15,1313.28
INV51388,C0053,2024-09-25,2024-10-25,2024-11-13,2763.57
INV51389,C0094,2024-09-25,2024-11-09,2025-02-19,5541.05
INV51390,C0109,2024-09-25,2024-10-25,2024-12-28,1979.93
INV51391,C0131,2024-09-25,2024-10-25,2024-09-30,1123.59
INV51392,C0133,2024-09-25,2024-11-09,2024-12-05,6194.48
INV51393,C0153,2024-09-25,2024-10-25,2024-10-13,1226.32
INV51394,C0001,2024-09-26,2024-11-10,2024-10-14,2560.52
INV51395,C0017,2024-09-26,2024-10-26,2024-10-19,2570.08
INV51396,C0108,2024-09-26,2024-11-10,2024-11-11,5901.40
INV51397,C0176,2024-09-26,2024-10-26,2024-10-06,2526.52
INV51398,C0035,2024-09-27,2024-11-26,2024-11-16,22253.41
INV51399,C0082,2024-09-27,2024-10-27,2025-01-20,4943.41
INV51400,C0173,2024-09-27,2024-11-11,2024-10-29,4906.37
INV51401,C0044,2024-09-28,2024-10-28,2024-10-23,7950.38
INV51402,C0056,2024-09-28,2024-10-28,2024-10-18,1662.35
INV51403,C0126,2024-09-28,2024-10-28,2024-10-17,9845.20
INV51404,C0135,2024-09-28,2024-10-28,2024-10-14,1308.07
INV51405,C0161,2024-09-28,2024-10-28,2024-10-14,2070.75
INV51406,C0073,2024-09-29,2024-10-29,2024-10-09,2688.66
INV51407,C0098,2024-09-29,2024-10-29,2025-01-22,1956.45
INV51408,C0102,2024-09-29,2024-10-29,2024-11-17,2045.29
INV51409,C0139,2024-09-29,2024-10-29,2025-02-15,606.22
INV51410,C0150,2024-09-29,2024-10-29,2024-10-24,10320.88
INV51411,C0164,2024-09-29,2024-10-29,2024-10-12,764.65
INV51412,C0180,2024-09-29,2024-10-29,2024-11-13,2484.52
INV51413,C0055,2024-09-30,2024-10-30,2024-10-11,6056.77
INV51414,C0082,2024-09-30,2024-10-30,2024-10-15,3006.74
INV51415,C0088,2024-09-30,2024-10-30,2025-01-16,5373.01
INV51416,C0111,2024-09-30,2024-10-30,2024-10-28,487.45
INV51417,C0113,2024-09-30,2024-10-30,2024-10-27,1124.12
INV51418,C0152,2024-09-30,2024-10-30,2024-10-27,1944.83
INV51419,C0163,2024-09-30,2024-11-14,2024-10-19,8420.72
INV51420,C0008,2024-10-01,2024-10-31,2024-10-09,390.51
INV51421,C0015,2024-10-01,2024-10-31,2025-02-02,942.62
INV51422,C0039,2024-10-01,2024-10-31,2024-10-25,4580.90
INV51423,C0082,2024-10-01,2024-10-31,2024-10-21,2118.35
INV51424,C0032,2024-10-02,2024-11-01,2024-10-28,4345.10
INV51425,C0034,2024-10-02,2024-11-01,2024-10-25,467.99
INV51426,C0038,2024-10-02,2024-11-01,2024-10-24,397.82
INV51427,C0059,2024-10-02,2024-11-16,2025-01-28,2757.23
INV51428,C0133,2024-10-02,2024-11-16,2024-10-16,2284.47
INV51429,C0157,2024-10-02,2024-11-01,2025-02-27,1158.58
INV51430,C0173,2024-10-02,2024-11-16,2024-11-02,5841.58
INV51431,C0102,2024-10-03,2024-11-02,2024-11-21,399.94
INV51432,C0108,2024-10-03,2024-11-17,2024-10-27,5239.61
INV51433,C0131,2024-10-03,2024-11-02,2024-12-18,808.98
INV51434,C0018,2024-10-04,2024-11-03,2024-10-28,379.50
INV51435,C0043,2024-10-04,2024-11-03,2024-10-12,7156.94
INV51436,C0167,2024-10-04,2024-11-18,2025-03-09,13504.75
INV51437,C0169,2024-10-04,2024-11-03,2024-10-30,8010.82
INV51438,C0174,2024-10-04,2024-11-03,2024-10-10,2252.85
INV51439,C0029,2024-10-05,2024-11-04,2024-11-03,476.14
INV51440,C0042,2024-10-05,2024-11-04,2024-11-08,1905.42
INV51441,C0078,2024-10-05,2024-11-04,2024-11-10,553.60
INV51442,C0085,2024-10-05,2024-11-04,2024-12-31,1235.79
INV51443,C0086,2024-10-05,2024-11-04,2024-10-27,946.64
INV51444,C0097,2024-10-05,2024-11-04,2024-10-30,3376.50
INV51445,C0104,2024-10-05,2024-11-04,2024-10-31,2211.55
INV51446,C0120,2024-10-05,2024-11-04,2024-10-18,764.86
INV51447,C0149,2024-10-05,2024-11-04,2024-10-27,4087.36
INV51448,C0010,2024-10-06,2024-11-05,2024-10-18,583.67
INV51449,C0077,2024-10-06,2024-11-20,2024-11-13,3928.93
INV51450,C0125,2024-10-06,2024-11-05,2024-10-25,1513.90
INV51451,C0050,2024-10-07,2024-11-06,2024-11-06,7927.55
INV51452,C0059,2024-10-07,2024-11-21,2025-01-25,1602.58
INV51453,C0083,2024-10-07,2024-11-06,2024-10-30,1833.98
INV51454,C0101,2024-10-07,2024-11-21,2024-11-16,11811.72
INV51455,C0018,2024-10-08,2024-11-07,2024-10-30,396.07
INV51456,C0025,2024-10-08,2024-11-07,2024-11-18,2328.63
INV51457,C0047,2024-10-08,2024-11-22,2024-12-19,12840.81
INV51458,C0085,2024-10-08,2024-11-07,2024-10-18,2295.21
INV51459,C0019,2024-10-09,2024-11-23,2024-10-14,4871.23
INV51460,C0060,2024-10-09,2024-11-23,2024-11-17,2271.96
INV51461,C0065,2024-10-09,2024-11-08,2024-10-23,2489.74
INV51462,C0091,2024-10-09,2024-11-08,2024-12-02,1698.72
INV51463,C0013,2024-10-10,2024-11-09,2024-10-27,2140.23
INV51464,C0031,2024-10-10,2024-11-09,2024-11-04,1446.07
INV51465,C0101,2024-10-10,2024-11-24,2024-11-15,7591.01
INV51466,C0163,2024-10-10,2024-11-24,2025-01-31,6191.46
INV51467,C0075,2024-10-11,2024-11-10,2024-12-09,1230.35
INV51468,C0163,2024-10-11,2024-11-25,2024-10-21,3882.16
INV51469,C0166,2024-10-11,2024-11-25,2024-10-23,2471.01
INV51470,C0167,2024-10-11,2024-11-25,2024-10-25,7809.51
INV51471,C0168,2024-10-11,2024-11-10,2024-10-20,1187.07
INV51472,C0004,2024-10-12,2024-11-26,2024-11-15,2705.69
INV51473,C0009,2024-10-12,2024-11-11,2024-11-04,1475.85
INV51474,C0015,2024-10-12,2024-11-11,2024-10-31,1028.77
INV51475,C0022,2024-10-12,2024-11-11,2024-10-28,4875.74
INV51476,C0057,2024-10-12,2024-11-26,2024-11-05,4684.25
INV51477,C0105,2024-10-12,2024-11-11,2025-01-18,1518.92
INV51478,C0156,2024-10-12,2024-11-26,2024-11-13,5132.29
INV51479,C0001,2024-10-13,2024-11-27,2024-11-17,2712.50
INV51480,C0004,2024-10-13,2024-11-27,2024-11-23,6214.56
INV51481,C0009,2024-10-13,2024-11-12,2024-11-12,2342.66
INV51482,C0012,2024-10-13,2024-11-12,2024-10-25,1552.46
INV51483,C0028,2024-10-13,2024-11-12,2024-10-22,821.14
INV51484,C0045,2024-10-13,2024-11-12,2024-10-29,539.80
INV51485,C0160,2024-10-13,2024-11-12,2024-10-22,1693.85
INV51486,C0165,2024-10-13,2024-11-12,2024-11-05,2226.88
INV51487,C0039,2024-10-14,2024-11-13,2024-12-16,2526.73
INV51488,C0069,2024-10-14,2024-11-13,2024-10-25,2296.13
INV51489,C0091,2024-10-14,2024-11-13,2024-12-26,1612.87
INV51490,C0151,2024-10-14,2024-11-13,2025-01-03,1128.06
INV51491,C0040,2024-10-15,2024-11-14,2024-11-07,451.05
INV51492,C0082,2024-10-15,2024-11-14,2024-11-11,7347.01
INV51493,C0147,2024-10-15,2024-11-29,2025-01-18,8256.23
INV51494,C0156,2024-10-15,2024-11-29,2024-12-02,2008.67
INV51495,C0161,2024-10-15,2024-11-14,2024-10-23,1901.06
INV51496,C0006,2024-10-16,2024-11-30,2024-11-09,29944.86
INV51497,C0083,2024-10-16,2024-11-15,2024-11-05,1242.02
INV51498,C0101,2024-10-16,2024-11-30,2024-11-07,7959.45
INV51499,C0125,2024-10-16,2024-11-15,2025-01-06,2010.53
INV51500,C0161,2024-10-16,2024-11-15,2024-10-31,972.01
INV51501,C0002,2024-10-17,2024-12-16,2024-12-16,6698.66
INV51502,C0010,2024-10-17,2024-11-16,2024-11-08,637.35
INV51503,C0019,2024-10-17,2024-12-01,2024-12-21,4049.53
INV51504,C0026,2024-10-17,2024-12-01,2025-01-30,6360.92
INV51505,C0049,2024-10-17,2024-11-16,2024-11-07,352.17
INV51506,C0074,2024-10-17,2024-11-16,2025-03-09,660.23
INV51507,C0094,2024-10-17,2024-12-01,2024-10-31,4479.53
INV51508,C0094,2024-10-17,2024-12-01,2024-11-15,4797.08
INV51509,C0130,2024-10-17,2024-11-16,2024-10-28,1146.14
INV51510,C0162,2024-10-17,2024-11-16,2024-11-01,1440.14
INV51511,C0169,2024-10-17,2024-11-16,2024-11-01,2519.07
INV51512,C0032,2024-10-18,2024-11-17,2024-11-18,4638.32
INV51513,C0074,2024-10-18,2024-11-17,2024-11-02,532.91
INV51514,C0082,2024-10-18,2024-11-17,2024-10-23,7113.49
INV51515,C0132,2024-10-18,2024-11-17,2024-11-04,2363.63
INV51516,C0133,2024-10-18,2024-12-02,2024-11-01,5024.61
INV51517,C0135,2024-10-18,2024-11-17,2024-10-29,2488.32
INV51518,C0148,2024-10-18,2024-11-17,2024-11-05,7558.01
INV51519,C0151,2024-10-18,2024-11-17,2024-11-02,2107.44
INV51520,C0171,2024-10-18,2024-12-02,2024-11-06,3704.85
INV51521,C0179,2024-10-18,2024-12-02,2024-11-20,9119.36
INV51522,C0079,2024-10-19,2024-11-18,2025-02-23,1084.96
INV51523,C0166,2024-10-19,2024-12-03,2024-11-07,7906.52
INV51524,C0016,2024-10-20,2024-11-19,2024-10-28,1260.44
INV51525,C0031,2024-10-20,2024-11-19,2024-11-18,1669.50
INV51526,C0042,2024-10-20,2024-11-19,2024-11-11,1310.92
INV51527,C0050,2024-10-20,2024-11-19,2025-01-04,7976.82
INV51528,C0128,2024-10-20,2024-11-19,2024-11-12,410.34
INV51529,C0131,2024-10-20,2024-11-19,2024-11-14,1095.74
INV51530,C0137,2024-10-20,2024-11-19,2025-03-22,525.05
INV51531,C0166,2024-10-20,2024-12-04,2024-11-25,2172.52
INV51532,C0025,2024-10-21,2024-11-20,2024-11-07,1387.71
INV51533,C0080,2024-10-21,2024-12-05,2025-03-02,2530.36
INV51534,C0080,2024-10-21,2024-12-05,2025-02-04,7850.35
INV51535,C0116,2024-10-21,2024-11-20,2024-11-15,2002.66
INV51536,C0035,2024-10-22,2024-12-21,2024-11-30,21314.31
INV51537,C0051,2024-10-22,2024-11-21,2024-11-05,2002.24
INV51538,C0061,2024-10-22,2024-11-21,2024-11-02,8782.02
INV51539,C0102,2024-10-22,2024-11-21,2024-11-12,381.72
INV51540,C0117,2024-10-22,2024-12-06,2024-11-15,21394.59
INV51541,C0153,2024-10-22,2024-11-21,2024-11-09,1876.69
INV51542,C0159,2024-10-22,2024-11-21,2024-11-19,8593.80
INV51543,C0037,2024-10-23,2024-11-22,2024-11-07,1413.74
INV51544,C0071,2024-10-23,2024-11-22,2025-02-08,1577.63
INV51545,C0082,2024-10-23,2024-11-22,2024-11-06,7222.03
INV51546,C0120,2024-10-23,2024-11-22,2025-01-20,756.65
INV51547,C0132,2024-10-23,2024-11-22,2025-01-20,351.22
INV51548,C0004,2024-10-24,2024-12-08,2024-12-23,3445.77
INV51549,C0005,2024-10-24,2024-11-23,2024-11-16,1800.23
INV51550,C0120,2024-10-24,2024-11-23,2024-11-21,868.13
INV51551,C0120,2024-10-24,2024-11-23,2024-11-13,2464.70
INV51552,C0154,2024-10-24,2024-11-23,2024-11-23,1790.33
INV51553,C0171,2024-10-24,2024-12-08,2024-11-22,3318.66
INV51554,C0175,2024-10-24,2024-11-23,2025-02-02,307.68
INV51555,C0005,2024-10-25,2024-11-24,2024-11-05,892.50
INV51556,C0011,2024-10-25,2024-11-24,2025-04-05,956.85
INV51557,C0013,2024-10-25,2024-11-24,2025-01-17,1696.33
INV51558,C0027,2024-10-25,2024-12-24,2024-11-23,22519.70
INV51559,C0076,2024-10-25,2024-11-24,2024-11-13,5181.41
INV51560,C0093,2024-10-25,2024-11-24,2024-11-18,4766.70
INV51561,C0097,2024-10-25,2024-11-24,2024-11-01,8330.25
INV51562,C0126,2024-10-25,2024-11-24,2024-11-22,7012.28
INV51563,C0131,2024-10-25,2024-11-24,2024-11-15,1561.55
INV51564,C0162,2024-10-25,2024-11-24,2025-01-18,1399.40
INV51565,C0068,2024-10-26,2024-12-10,2024-11-17,22119.02
INV51566,C0114,2024-10-26,2024-11-25,2025-01-18,1854.23
INV51567,C0035,2024-10-27,2024-12-26,2024-11-02,27291.87
INV51568,C0043,2024-10-27,2024-11-26,2024-11-04,2967.47
INV51569,C0112,2024-10-27,2024-11-26,2024-11-07,2202.07
INV51570,C0155,2024-10-27,2024-11-26,2024-12-01,1537.05
INV51571,C0156,2024-10-27,2024-12-11,2024-12-11,1701.05
INV51572,C0175,2024-10-27,2024-11-26,2025-01-13,1166.65
INV51573,C0070,2024-10-28,2024-12-12,2024-11-17,21120.64
INV51574,C0139,2024-10-28,2024-11-27,2024-12-27,963.00
INV51575,C0053,2024-10-29,2024-11-28,2024-11-21,2243.94
INV51576,C0061,2024-10-29,2024-11-28,2024-11-05,4700.32
INV51577,C0072,2024-10-29,2024-12-13,2024-12-05,7244.07
INV51578,C0077,2024-10-29,2024-12-13,2024-12-12,5855.61
INV51579,C0126,2024-10-29,2024-11-28,2025-03-08,6719.46
INV51580,C0115,2024-10-30,2024-11-29,2024-12-05,1334.07
INV51581,C0137,2024-10-30,2024-11-29,2024-11-22,1459.85
INV51582,C0021,2024-10-31,2024-11-30,2024-11-07,2171.29
INV51583,C0026,2024-10-31,2024-12-15,2024-11-08,2095.21
INV51584,C0026,2024-10-31,2024-12-15,2024-11-15,2148.65
INV51585,C0032,2024-10-31,2024-11-30,2024-11-23,4720.16
INV51586,C0055,2024-10-31,2024-11-30,2024-11-11,6050.45
INV51587,C0120,2024-10-31,2024-11-30,2024-11-05,518.54
INV51588,C0006,2024-11-01,2024-12-16,2024-12-19,14323.64
INV51589,C0074,2024-11-01,2024-12-01,2024-11-13,2356.49
INV51590,C0095,2024-11-01,2024-12-16,2025-04-17,6912.04
INV51591,C0140,2024-11-01,2024-12-01,2024-11-07,1286.88
INV51592,C0028,2024-11-02,2024-12-02,2024-11-12,841.77
INV51593,C0058,2024-11-02,2024-12-02,2024-11-13,1824.18
INV51594,C0145,2024-11-02,2024-12-17,2024-12-10,2109.00
INV51595,C0165,2024-11-02,2024-12-02,2024-11-29,1426.80
INV51596,C0023,2024-11-03,2024-12-03,2024-11-30,7928.50
INV51597,C0063,2024-11-03,2024-12-18,2024-11-30,7055.14
INV51598,C0089,2024-11-03,2024-12-03,2024-11-12,7952.83
INV51599,C0117,2024-11-03,2024-12-18,2024-11-24,29734.70
INV51600,C0119,2024-11-03,2024-12-18,2024-11-25,29901.60
INV51601,C0120,2024-11-03,2024-12-03,2024-12-04,1845.51
INV51602,C0052,2024-11-04,2024-12-04,2024-12-03,1212.72
INV51603,C0084,2024-11-04,2024-12-04,2024-11-22,1323.63
INV51604,C0090,2024-11-04,2024-12-04,2025-03-03,2494.13
INV51605,C0095,2024-11-04,2024-12-19,2024-12-05,8324.65
INV51606,C0180,2024-11-04,2024-12-04,2024-11-24,920.89
INV51607,C0020,2024-11-05,2024-12-05,2024-11-29,8525.15
INV51608,C0048,2024-11-05,2024-12-05,2024-11-21,1363.54
INV51609,C0074,2024-11-05,2024-12-05,2024-11-25,1257.41
INV51610,C0105,2024-11-05,2024-12-05,2025-02-14,1259.25
INV51611,C0116,2024-11-05,2024-12-05,2024-12-03,1255.39
INV51612,C0179,2024-11-05,2024-12-20,2024-12-20,19401.64
INV51613,C0044,2024-11-06,2024-12-06,2024-12-06,8863.03
INV51614,C0100,2024-11-06,2024-12-06,2024-11-28,3240.36
INV51615,C0101,2024-11-06,2024-12-21,2024-12-19,27119.95
INV51616,C0179,2024-11-06,2024-12-21,2025-02-13,14331.16
INV51617,C0034,2024-11-07,2024-12-07,2024-11-18,416.18
INV51618,C0064,2024-11-07,2024-12-22,2024-11-18,8670.66
INV51619,C0090,2024-11-07,2024-12-07,2024-12-02,2152.77
INV51620,C0108,2024-11-07,2024-12-22,2024-11-16,3829.28
INV51621,C0139,2024-11-07,2024-12-07,2024-12-01,966.86
INV51622,C0003,2024-11-08,2024-12-23,2025-04-04,7390.77
INV51623,C0129,2024-11-08,2024-12-08,2024-11-27,1258.17
INV51624,C0017,2024-11-09,2024-12-09,2024-11-26,945.74
INV51625,C0035,2024-11-09,2025-01-08,2024-12-01,8019.50
INV51626,C0036,2024-11-09,2024-12-09,2025-02-03,821.31
INV51627,C0109,2024-11-09,2024-12-09,2024-12-02,503.89
INV51628,C0146,2024-11-09,2024-12-09,2024-11-26,2214.19
INV51629,C0006,2024-11-10,2024-12-25,2024-12-03,6366.41
INV51630,C0099,2024-11-10,2024-12-10,2024-11-30,1836.02
INV51631,C0107,2024-11-10,2024-12-10,2024-12-05,2034.29
INV51632,C0142,2024-11-10,2024-12-10,2025-01-21,1654.74
INV51633,C0155,2024-11-10,2024-12-10,2025-02-12,5983.42
INV51634,C0044,2024-11-11,2024-12-11,2024-11-16,7603.83
INV51635,C0054,2024-11-11,2025-01-10,2024-12-09,7960.91
INV51636,C0093,2024-11-11,2024-12-11,2024-11-28,6101.42
INV51637,C0095,2024-11-11,2024-12-26,2024-12-01,6128.53
INV51638,C0126,2024-11-11,2024-12-11,2025-02-13,4189.81
INV51639,C0159,2024-11-11,2024-12-11,2025-01-01,8356.30
INV51640,C0025,2024-11-12,2024-12-12,2024-12-06,2136.39
INV51641,C0056,2024-11-12,2024-12-12,2024-11-28,1643.94
INV51642,C0018,2024-11-13,2024-12-13,2024-12-13,1928.46
INV51643,C0147,2024-11-13,2024-12-28,2024-12-11,14331.62
INV51644,C0157,2024-11-13,2024-12-13,2024-12-05,452.50
INV51645,C0022,2024-11-14,2024-12-14,2024-11-27,4182.15
INV51646,C0121,2024-11-14,2024-12-14,2024-12-16,2410.17
INV51647,C0168,2024-11-14,2024-12-14,2024-11-27,887.66
INV51648,C0015,2024-11-15,2024-12-15,2024-11-28,1321.81
INV51649,C0057,2024-11-15,2024-12-30,2024-12-01,2156.06
INV51650,C0084,2024-11-15,2024-12-15,2024-12-12,569.91
INV51651,C0108,2024-11-15,2024-12-30,2024-12-03,4893.94
INV51652,C0133,2024-11-15,2024-12-30,2024-12-23,7814.88
INV51653,C0157,2024-11-15,2024-12-15,2024-12-01,1178.53
INV51654,C0171,2024-11-15,2024-12-30,2024-12-01,6468.11
INV51655,C0002,2024-11-16,2025-01-15,2024-12-18,13102.79
INV51656,C0060,2024-11-16,2024-12-31,2024-12-26,4747.02
INV51657,C0092,2024-11-16,2024-12-16,2024-12-05,2012.98
INV51658,C0157,2024-11-16,2024-12-16,2025-03-13,1191.06
INV51659,C0010,2024-11-17,2024-12-17,2025-03-17,1335.15
INV51660,C0019,2024-11-17,2025-01-01,2024-11-30,4715.80
INV51661,C0038,2024-11-17,2024-12-17,2024-12-14,2003.09
INV51662,C0043,2024-11-17,2024-12-17,2025-02-25,7040.05
INV51663,C0060,2024-11-17,2025-01-01,2024-12-19,7536.46
INV51664,C0112,2024-11-17,2024-12-17,2025-02-07,2071.56
INV51665,C0160,2024-11-17,2024-12-17,2024-12-15,2205.13
INV51666,C0173,2024-11-17,2025-01-01,2024-12-30,2747.81
INV51667,C0179,2024-11-17,2025-01-01,2024-12-08,22242.49
INV51668,C0072,2024-11-18,2025-01-02,2024-11-24,7041.77
INV51669,C0089,2024-11-18,2024-12-18,2024-12-15,2129.66
INV51670,C0155,2024-11-18,2024-12-18,2025-04-01,6118.40
INV51671,C0086,2024-11-19,2024-12-19,2024-11-28,1096.41
INV51672,C0093,2024-11-19,2024-12-19,2024-12-01,7024.85
INV51673,C0177,2024-11-19,2024-12-19,2025-01-14,1036.30
INV51674,C0002,2024-11-20,2025-01-19,2024-12-25,25213.08
INV51675,C0103,2024-11-20,2024-12-20,2024-12-13,1655.80
INV51676,C0108,2024-11-20,2025-01-04,2024-12-25,3742.88
INV51677,C0017,2024-11-21,2024-12-21,2024-12-10,1079.48
INV51678,C0039,2024-11-21,2024-12-21,2024-12-01,6928.26
INV51679,C0073,2024-11-21,2024-12-21,2024-12-20,2260.28
INV51680,C0096,2024-11-21,2024-12-21,2024-12-05,2429.02
INV51681,C0107,2024-11-21,2024-12-21,2024-12-02,597.74
INV51682,C0032,2024-11-22,2024-12-22,2025-04-02,7613.22
INV51683,C0080,2024-11-22,2025-01-06,2024-12-23,5415.90
INV51684,C0101,2024-11-22,2025-01-06,2025-04-20,21391.38
INV51685,C0118,2024-11-22,2024-12-22,2024-12-15,1118.90
INV51686,C0126,2024-11-22,2024-12-22,2025-03-14,8055.89
INV51687,C0179,2024-11-22,2025-01-06,2024-12-19,12873.62
INV51688,C0032,2024-11-23,2024-12-23,2025-04-27,2420.33
INV51689,C0051,2024-11-23,2024-12-23,2024-12-09,1795.73
INV51690,C0072,2024-11-24,2025-01-08,2025-01-02,2369.82
INV51691,C0098,2024-11-24,2024-12-24,2025-05-01,2054.55
INV51692,C0164,2024-11-24,2024-12-24,2024-12-05,434.89
INV51693,C0002,2024-11-25,2025-01-24,2024-12-26,26069.03
INV51694,C0058,2024-11-25,2024-12-25,2025-03-08,1970.30
INV51695,C0087,2024-11-25,2024-12-25,2024-12-14,358.36
INV51696,C0090,2024-11-25,2024-12-25,2024-12-06,465.15
INV51697,C0135,2024-11-25,2024-12-25,2024-12-16,1313.56
INV51698,C0148,2024-11-25,2024-12-25,2024-12-10,4921.16
INV51699,C0012,2024-11-26,2024-12-26,2024-12-25,425.27
INV51700,C0031,2024-11-26,2024-12-26,2024-12-15,2254.09
INV51701,C0054,2024-11-26,2025-01-25,2025-01-18,22357.11
INV51702,C0086,2024-11-26,2024-12-26,2024-12-19,516.26
INV51703,C0088,2024-11-26,2024-12-26,2024-12-23,8852.23
INV51704,C0117,2024-11-26,2025-01-10,2025-01-02,28309.49
INV51705,C0177,2024-11-26,2024-12-26,2024-12-08,956.37
INV51706,C0010,2024-11-27,2024-12-27,2024-12-17,2486.39
INV51707,C0048,2024-11-27,2024-12-27,2024-12-12,576.91
INV51708,C0111,2024-11-27,2024-12-27,2024-12-14,1058.37
INV51709,C0133,2024-11-27,2025-01-11,2025-01-24,2898.40
INV51710,C0015,2024-11-28,2024-12-28,2024-12-10,1007.51
INV51711,C0078,2024-11-28,2024-12-28,2024-12-22,1329.33
INV51712,C0102,2024-11-28,2024-12-28,2024-12-08,781.44
INV51713,C0104,2024-11-28,2024-12-28,2025-01-14,1253.36
INV51714,C0012,2024-11-29,2024-12-29,2024-12-12,334.64
INV51715,C0013,2024-11-29,2024-12-29,2024-12-17,1738.85
INV51716,C0013,2024-11-29,2024-12-29,2024-12-19,1182.53
INV51717,C0060,2024-11-29,2025-01-13,2025-01-13,6336.42
INV51718,C0065,2024-11-29,2024-12-29,2024-12-28,554.42
INV51719,C0073,2024-11-29,2024-12-29,2024-12-22,1182.63
INV51720,C0089,2024-11-29,2024-12-29,2025-01-20,4640.62
INV51721,C0156,2024-11-29,2025-01-13,2024-12-09,7938.39
INV51722,C0003,2024-11-30,2025-01-14,2025-06-01,8572.12
INV51723,C0111,2024-11-30,2024-12-30,2024-12-29,2192.10
INV51724,C0044,2024-12-01,2024-12-31,2024-12-28,2465.92
INV51725,C0105,2024-12-01,2024-12-31,2024-12-23,524.14
INV51726,C0063,2024-12-02,2025-01-16,2025-01-16,4217.26
INV51727,C0076,2024-12-02,2025-01-01,2024-12-18,8700.78
INV51728,C0145,2024-12-02,2025-01-16,2024-12-24,2086.92
INV51729,C0171,2024-12-02,2025-01-16,2025-01-11,2917.92
INV51730,C0057,2024-12-03,2025-01-17,2025-02-04,5049.61
INV51731,C0072,2024-12-03,2025-01-17,2025-01-16,7755.01
INV51732,C0156,2024-12-03,2025-01-17,2025-01-07,1841.16
INV51733,C0166,2024-12-03,2025-01-17,2025-01-17,5764.18
INV51734,C0015,2024-12-04,2025-01-03,2025-03-29,1543.44
INV51735,C0030,2024-12-04,2025-01-03,2024-12-27,2406.52
INV51736,C0044,2024-12-04,2025-01-03,2024-12-16,2427.52
INV51737,C0047,2024-12-04,2025-01-18,2025-01-14,6886.53
INV51738,C0055,2024-12-04,2025-01-03,2024-12-13,5639.19
INV51739,C0075,2024-12-04,2025-01-03,2024-12-26,714.86
INV51740,C0098,2024-12-04,2025-01-03,2024-12-20,2437.15
INV51741,C0018,2024-12-05,2025-01-04,2024-12-25,1602.35
INV51742,C0055,2024-12-05,2025-01-04,2024-12-28,6114.39
INV51743,C0095,2024-12-05,2025-01-19,2025-01-13,4560.65
INV51744,C0119,2024-12-05,2025-01-19,2024-12-31,27515.90
INV51745,C0152,2024-12-05,2025-01-04,2024-12-13,3221.75
INV51746,C0177,2024-12-05,2025-01-04,2025-05-20,2145.94
INV51747,C0005,2024-12-06,2025-01-05,2024-12-27,659.96
INV51748,C0025,2024-12-06,2025-01-05,2024-12-26,1179.65
INV51749,C0026,2024-12-06,2025-01-20,2025-01-18,4536.53
INV51750,C0015,2024-12-07,2025-01-06,2024-12-31,2186.62
INV51751,C0041,2024-12-07,2025-01-21,2024-12-29,2192.86
INV51752,C0046,2024-12-07,2025-01-06,2024-12-29,2223.05
INV51753,C0050,2024-12-07,2025-01-06,2024-12-19,7102.69
INV51754,C0088,2024-12-07,2025-01-06,2025-01-05,6673.83
INV51755,C0056,2024-12-08,2025-01-07,2025-01-20,2374.17
INV51756,C0063,2024-12-08,2025-01-22,2025-01-03,8116.39
INV51757,C0120,2024-12-08,2025-01-07,2025-05-06,488.95
INV51758,C0156,2024-12-08,2025-01-22,2024-12-29,5315.50
INV51759,C0038,2024-12-09,2025-01-08,2024-12-14,870.88
INV51760,C0045,2024-12-09,2025-01-08,2024-12-27,1371.78
INV51761,C0108,2024-12-09,2025-01-23,2024-12-23,7488.73
INV51762,C0178,2024-12-09,2025-01-23,2025-01-09,1797.51
INV51763,C0179,2024-12-09,2025-01-23,2024-12-22,7036.30
INV51764,C0001,2024-12-10,2025-01-24,2025-01-22,8794.94
INV51765,C0110,2024-12-10,2025-01-09,2025-03-11,1808.44
INV51766,C0119,2024-12-10,2025-01-24,2025-01-29,15485.14
INV51767,C0155,2024-12-10,2025-01-09,2024-12-16,7909.63
INV51768,C0052,2024-12-11,2025-01-10,2025-03-26,2082.24
INV51769,C0054,2024-12-11,2025-02-09,2025-01-07,11155.43
INV51770,C0078,2024-12-11,2025-01-10,2025-02-11,2280.87
INV51771,C0078,2024-12-11,2025-01-10,2024-12-25,1359.46
INV51772,C0080,2024-12-11,2025-01-25,2025-05-03,4332.27
INV51773,C0111,2024-12-11,2025-01-10,2024-12-18,2441.86
INV51774,C0119,2024-12-11,2025-01-25,2025-01-11,23678.72
INV51775,C0137,2024-12-11,2025-01-10,2024-12-16,1687.11
INV51776,C0005,2024-12-12,2025-01-11,2025-02-25,2373.72
INV51777,C0046,2024-12-12,2025-01-11,2025-03-03,1975.04
INV51778,C0068,2024-12-12,2025-01-26,2024-12-25,21844.45
INV51779,C0137,2024-12-12,2025-01-11,2025-01-09,524.95
INV51780,C0097,2024-12-13,2025-01-12,2024-12-19,7598.31
INV51781,C0017,2024-12-14,2025-01-13,2024-12-29,1935.56
INV51782,C0026,2024-12-14,2025-01-28,2025-01-10,2308.78
INV51783,C0027,2024-12-14,2025-02-12,2025-06-19,29888.44
INV51784,C0060,2024-12-14,2025-01-28,2025-01-21,2259.44
INV51785,C0070,2024-12-14,2025-01-28,2025-01-26,26541.62
INV51786,C0102,2024-12-14,2025-01-13,2024-12-31,489.96
INV51787,C0164,2024-12-14,2025-01-13,2025-01-10,2077.25
INV51788,C0086,2024-12-15,2025-01-14,2025-01-08,2264.70
INV51789,C0093,2024-12-15,2025-01-14,2025-04-24,1966.28
INV51790,C0122,2024-12-15,2025-01-29,2024-12-21,6548.36
INV51791,C0133,2024-12-15,2025-01-29,2025-03-16,5224.59
INV51792,C0147,2024-12-15,2025-01-29,2025-01-03,7928.08
INV51793,C0161,2024-12-15,2025-01-14,2024-12-29,1741.03
INV51794,C0008,2024-12-16,2025-01-15,2025-01-02,1931.47
INV51795,C0022,2024-12-16,2025-01-15,2025-01-06,2792.42
INV51796,C0060,2024-12-16,2025-01-30,2025-01-21,2041.48
INV51797,C0076,2024-12-16,2025-01-15,2025-04-10,6805.54
INV51798,C0079,2024-12-16,2025-01-15,2024-12-29,795.37
INV51799,C0107,2024-12-16,2025-01-15,2025-02-25,2191.86
INV51800,C0119,2024-12-16,2025-01-30,2025-05-22,6232.88
INV51801,C0162,2024-12-16,2025-01-15,2025-01-31,2404.48
INV51802,C0008,2024-12-17,2025-01-16,2025-02-12,2425.82
INV51803,C0059,2024-12-17,2025-01-31,2025-01-18,8715.54
INV51804,C0075,2024-12-17,2025-01-16,2024-12-29,1023.88
INV51805,C0078,2024-12-18,2025-01-17,2024-12-24,1446.06
INV51806,C0127,2024-12-18,2025-02-01,2025-01-20,7880.31
INV51807,C0148,2024-12-18,2025-01-17,2024-12-26,4248.60
INV51808,C0153,2024-12-18,2025-01-17,2025-01-02,458.36
INV51809,C0158,2024-12-18,2025-01-17,2025-01-17,1619.11
INV51810,C0002,2024-12-19,2025-02-17,2025-01-20,27903.15
INV51811,C0041,2024-12-19,2025-02-02,2025-01-27,6420.25
INV51812,C0053,2024-12-19,2025-01-18,2025-03-07,1170.89
INV51813,C0055,2024-12-19,2025-01-18,2024-12-27,6995.98
INV51814,C0074,2024-12-19,2025-01-18,2025-02-13,1942.84
INV51815,C0091,2024-12-19,2025-01-18,2025-01-13,1061.62
INV51816,C0092,2024-12-19,2025-01-18,2025-01-15,1496.79
INV51817,C0143,2024-12-19,2025-01-18,2025-05-21,927.35
INV51818,C0145,2024-12-19,2025-02-02,2024-12-27,2467.27
INV51819,C0155,2024-12-19,2025-01-18,2025-03-13,3602.18
INV51820,C0176,2024-12-19,2025-01-18,2024-12-29,1855.86
INV51821,C0119,2024-12-20,2025-02-03,2025-01-09,7901.59
INV51822,C0140,2024-12-20,2025-01-19,2025-01-13,2300.56
INV51823,C0177,2024-12-20,2025-01-19,2024-12-29,359.89
INV51824,C0034,2024-12-21,2025-01-20,2024-12-29,1285.04
INV51825,C0163,2024-12-21,2025-02-04,2024-12-30,3879.30
INV51826,C0176,2024-12-21,2025-01-20,2025-05-14,891.30
INV51827,C0070,2024-12-22,2025-02-05,2025-01-27,6517.55
INV51828,C0096,2024-12-22,2025-01-21,2025-01-14,1823.19
INV51829,C0106,2024-12-22,2025-01-21,2025-01-03,2551.34
INV51830,C0154,2024-12-22,2025-01-21,2025-03-22,506.89
INV51831,C0175,2024-12-22,2025-01-21,2025-04-19,585.09
INV51832,C0011,2024-12-23,2025-01-22,2025-01-17,1573.15
INV51833,C0025,2024-12-23,2025-01-22,2025-01-14,456.09
INV51834,C0035,2024-12-23,2025-02-21,2025-02-20,14529.58
INV51835,C0070,2024-12-23,2025-02-06,2025-01-13,11659.36
INV51836,C0148,2024-12-23,2025-01-22,2025-01-20,8308.17
INV51837,C0158,2024-12-23,2025-01-22,2025-01-18,402.38
INV51838,C0040,2024-12-24,2025-01-23,2025-02-27,822.75
INV51839,C0064,2024-12-24,2025-02-07,2025-01-31,27052.68
INV51840,C0078,2024-12-24,2025-01-23,2025-01-19,838.21
INV51841,C0119,2024-12-24,2025-02-07,2025-01-04,19188.89
INV51842,C0003,2024-12-25,2025-02-08,2025-04-18,4850.08
INV51843,C0012,2024-12-25,2025-01-24,2025-01-11,1928.31
INV51844,C0043,2024-12-25,2025-01-24,2025-01-24,5625.44
INV51845,C0063,2024-12-25,2025-02-08,2025-01-20,4943.43
INV51846,C0068,2024-12-25,2025-02-08,2025-01-02,24061.35
INV51847,C0072,2024-12-25,2025-02-08,2025-01-26,3108.60
INV51848,C0083,2024-12-25,2025-01-24,2025-01-08,2041.68
INV51849,C0123,2024-12-25,2025-01-24,2024-12-31,1655.43
INV51850,C0170,2024-12-25,2025-01-24,2025-01-06,2137.68
INV51851,C0035,2024-12-26,2025-02-24,2025-01-19,8625.11
INV51852,C0054,2024-12-26,2025-02-24,2025-01-07,21503.39
INV51853,C0143,2024-12-26,2025-01-25,2025-01-12,321.32
INV51854,C0002,2024-12-27,2025-02-25,2025-02-16,21242.39
INV51855,C0014,2024-12-27,2025-01-26,2025-01-21,2453.55
INV51856,C0040,2024-12-27,2025-01-26,2025-03-20,498.99
INV51857,C0075,2024-12-27,2025-01-26,2025-02-20,1600.10
INV51858,C0099,2024-12-27,2025-01-26,2025-01-26,1962.34
INV51859,C0061,2024-12-28,2025-01-27,2025-01-13,1978.33
INV51860,C0164,2024-12-28,2025-01-27,2025-03-08,1929.48
INV51861,C0099,2024-12-29,2025-01-28,2025-02-06,1577.79
INV51862,C0138,2024-12-29,2025-01-28,2025-01-19,601.55
INV51863,C0159,2024-12-29,2025-01-28,2025-01-23,3616.45
INV51864,C0163,2024-12-29,2025-02-12,2025-01-15,2264.34
INV51865,C0169,2024-12-29,2025-01-28,2025-01-20,7684.96
INV51866,C0020,2024-12-30,2025-01-29,2025-01-29,3309.80
INV51867,C0021,2024-12-30,2025-01-29,2025-02-09,1551.59
INV51868,C0032,2024-12-30,2025-01-29,2025-01-12,6894.06
INV51869,C0043,2024-12-30,2025-01-29,2025-05-19,3116.29
INV51870,C0063,2024-12-30,2025-02-13,2025-01-09,4426.07
INV51871,C0110,2024-12-30,2025-01-29,2025-01-07,2296.91
INV51872,C0171,2024-12-30,2025-02-13,2025-01-17,5745.62
INV51873,C0016,2025-01-01,2025-01-31,2025-04-10,1590.93
INV51874,C0054,2025-01-01,2025-03-02,2025-01-16,26074.21
INV51875,C0063,2025-01-01,2025-02-15,2025-01-19,2092.71
INV51876,C0163,2025-01-01,2025-02-15,2025-02-05,5524.86
INV51877,C0169,2025-01-01,2025-01-31,2025-01-30,6864.78
INV51878,C0003,2025-01-02,2025-02-16,2025-02-16,6345.92
INV51879,C0012,2025-01-02,2025-02-01,2025-01-11,1668.71
INV51880,C0020,2025-01-02,2025-02-01,2025-02-26,8299.69
INV51881,C0119,2025-01-02,2025-02-16,2025-01-19,30231.02
INV51882,C0121,2025-01-02,2025-02-01,2025-05-16,2663.81
INV51883,C0167,2025-01-02,2025-02-16,2025-02-08,14507.15
INV51884,C0179,2025-01-02,2025-02-16,2025-01-28,16386.19
INV51885,C0173,2025-01-03,2025-02-17,2025-01-24,5380.49
INV51886,C0116,2025-01-04,2025-02-03,2025-01-12,642.45
INV51887,C0131,2025-01-04,2025-02-03,2025-01-25,1703.99
INV51888,C0171,2025-01-04,2025-02-18,2025-05-02,7689.22
INV51889,C0171,2025-01-04,2025-02-18,2025-01-10,5433.19
INV51890,C0014,2025-01-05,2025-02-04,2025-04-02,634.49
INV51891,C0038,2025-01-05,2025-02-04,2025-01-24,1734.56
INV51892,C0057,2025-01-05,2025-02-19,2025-01-17,8739.16
INV51893,C0111,2025-01-05,2025-02-04,2025-01-10,2635.24
INV51894,C0143,2025-01-05,2025-02-04,2025-06-22,1096.95
INV51895,C0178,2025-01-05,2025-02-19,2025-02-10,6429.83
INV51896,C0123,2025-01-06,2025-02-05,2025-01-25,1388.34
INV51897,C0124,2025-01-06,2025-02-05,2025-01-28,847.56
INV51898,C0139,2025-01-06,2025-02-05,2025-03-30,2049.42
INV51899,C0146,2025-01-06,2025-02-05,2025-01-12,1673.23
INV51900,C0159,2025-01-06,2025-02-05,2025-01-16,9527.75
INV51901,C0178,2025-01-06,2025-02-20,2025-02-09,6266.33
INV51902,C0015,2025-01-07,2025-02-06,2025-01-15,1654.32
INV51903,C0031,2025-01-07,2025-02-06,2025-02-16,2648.08
INV51904,C0052,2025-01-07,2025-02-06,2025-01-12,1786.05
INV51905,C0087,2025-01-07,2025-02-06,2025-05-07,2203.11
INV51906,C0097,2025-01-07,2025-02-06,2025-02-05,7059.19
INV51907,C0107,2025-01-07,2025-02-06,2025-02-03,2211.61
INV51908,C0115,2025-01-07,2025-02-06,2025-02-13,1278.88
INV51909,C0172,2025-01-07,2025-02-06,2025-02-08,1429.65
INV51910,C0175,2025-01-07,2025-02-06,2025-01-21,1273.50
INV51911,C0117,2025-01-08,2025-02-22,2025-01-13,23308.55
INV51912,C0129,2025-01-08,2025-02-07,2025-04-23,2635.93
INV51913,C0132,2025-01-08,2025-02-07,2025-01-19,1524.72
INV51914,C0169,2025-01-08,2025-02-07,2025-01-31,9415.01
INV51915,C0007,2025-01-09,2025-02-08,2025-03-03,747.46
INV51916,C0092,2025-01-09,2025-02-08,2025-01-18,2420.01
INV51917,C0096,2025-01-09,2025-02-08,2025-01-29,2030.27
INV51918,C0102,2025-01-09,2025-02-08,2025-02-07,1120.53
INV51919,C0118,2025-01-09,2025-02-08,2025-04-12,1638.43
INV51920,C0145,2025-01-09,2025-02-23,2025-02-22,4592.37
INV51921,C9006,2025-01-09,2025-02-08,,595.53
INV51922,C0010,2025-01-10,2025-02-09,2025-01-30,1231.69
INV51923,C0014,2025-01-10,2025-02-09,2025-02-03,2599.47
INV51924,C0085,2025-01-10,2025-02-09,2025-01-31,843.27
INV51925,C0122,2025-01-10,2025-02-24,2025-02-15,3065.35
INV51926,C0134,2025-01-10,2025-02-09,2025-01-19,1017.78
INV51927,C0047,2025-01-11,2025-02-25,2025-02-11,23751.86
INV51928,C0047,2025-01-11,2025-02-25,2025-01-16,20427.73
INV51929,C0152,2025-01-11,2025-02-10,2025-02-19,9408.17
INV51930,C0037,2025-01-12,2025-02-11,2025-02-11,873.41
INV51931,C0060,2025-01-12,2025-02-26,2025-01-25,6095.95
INV51932,C0072,2025-01-12,2025-02-26,2025-01-22,2508.56
INV51933,C0082,2025-01-12,2025-02-11,2025-03-02,9487.75
INV51934,C0109,2025-01-12,2025-02-11,2025-05-17,2269.01
INV51935,C0120,2025-01-12,2025-02-11,2025-02-03,527.26
INV51936,C0177,2025-01-12,2025-02-11,2025-04-13,930.03
INV51937,C0035,2025-01-13,2025-03-14,2025-07-17,25193.71
INV51938,C0088,2025-01-13,2025-02-12,2025-01-19,7749.32
INV51939,C0108,2025-01-13,2025-02-27,2025-02-06,4983.11
INV51940,C0108,2025-01-13,2025-02-27,2025-03-11,5445.10
INV51941,C0136,2025-01-13,2025-02-12,2025-02-11,1657.29
INV51942,C0136,2025-01-14,2025-02-13,2025-02-08,1633.75
INV51943,C0168,2025-01-14,2025-02-13,2025-04-08,1332.52
INV51944,C0022,2025-01-15,2025-02-14,2025-02-13,9267.12
INV51945,C0084,2025-01-15,2025-02-14,2025-02-14,858.10
INV51946,C0091,2025-01-15,2025-02-14,2025-02-12,694.86
INV51947,C0113,2025-01-15,2025-02-14,2025-03-07,2178.20
INV51948,C0168,2025-01-15,2025-02-14,2025-02-01,2334.16
INV51949,C0170,2025-01-15,2025-02-14,2025-02-10,1278.14
INV51950,C0007,2025-01-16,2025-02-15,2025-04-10,2406.65
INV51951,C0013,2025-01-16,2025-02-15,2025-03-17,840.58
INV51952,C0050,2025-01-16,2025-02-15,2025-01-30,6444.54
INV51953,C0064,2025-01-16,2025-03-02,2025-02-09,14632.49
INV51954,C0067,2025-01-16,2025-02-15,2025-04-05,352.30
INV51955,C0093,2025-01-16,2025-02-15,2025-01-25,4568.74
INV51956,C0119,2025-01-16,2025-03-02,2025-07-15,31414.85
INV51957,C0133,2025-01-16,2025-03-02,2025-01-24,5152.20
INV51958,C0010,2025-01-17,2025-02-16,2025-02-14,508.37
INV51959,C0036,2025-01-17,2025-02-16,2025-01-28,2098.76
INV51960,C0048,2025-01-17,2025-02-16,2025-02-09,1937.95
INV51961,C0053,2025-01-17,2025-02-16,2025-01-26,2518.83
INV51962,C0060,2025-01-17,2025-03-03,2025-01-23,8456.55
INV51963,C0095,2025-01-17,2025-03-03,2025-02-27,9417.28
INV51964,C0140,2025-01-17,2025-02-16,2025-02-22,1022.89
INV51965,C0016,2025-01-18,2025-02-17,2025-02-17,391.49
INV51966,C0058,2025-01-18,2025-02-17,2025-02-16,1268.04
INV51967,C0067,2025-01-18,2025-02-17,2025-03-01,1024.37
INV51968,C0109,2025-01-18,2025-02-17,2025-01-24,1576.06
INV51969,C0133,2025-01-18,2025-03-04,2025-03-31,3310.38
INV51970,C0169,2025-01-18,2025-02-17,2025-01-29,7516.75
INV51971,C0021,2025-01-19,2025-02-18,2025-02-12,1595.81
INV51972,C0032,2025-01-19,2025-02-18,2025-05-08,4524.56
INV51973,C0043,2025-01-19,2025-02-18,2025-02-20,2417.78
INV51974,C0064,2025-01-19,2025-03-05,2025-02-18,17059.72
INV51975,C0094,2025-01-19,2025-03-05,2025-02-01,2748.60
INV51976,C0118,2025-01-19,2025-02-18,2025-01-31,767.39
INV51977,C0126,2025-01-19,2025-02-18,2025-02-18,4067.53
INV51978,C0152,2025-01-19,2025-02-18,2025-02-16,1914.01
INV51979,C0050,2025-01-20,2025-02-19,2025-02-08,5639.99
INV51980,C0067,2025-01-20,2025-02-19,2025-02-11,407.43
INV51981,C0083,2025-01-20,2025-02-19,2025-05-08,1511.73
INV51982,C0110,2025-01-20,2025-02-19,2025-02-15,2443.94
INV51983,C0133,2025-01-20,2025-03-06,2025-03-12,3002.72
INV51984,C0147,2025-01-20,2025-03-06,2025-02-20,32388.62
INV51985,C0152,2025-01-20,2025-02-19,2025-02-22,7197.05
INV51986,C0050,2025-01-21,2025-02-20,2025-02-12,6895.59
INV51987,C0061,2025-01-21,2025-02-20,2025-06-12,4994.07
INV51988,C0102,2025-01-21,2025-02-20,2025-04-06,1234.68
INV51989,C0105,2025-01-21,2025-02-20,2025-01-28,2017.81
INV51990,C0161,2025-01-21,2025-02-20,2025-02-11,529.15
INV51991,C0010,2025-01-22,2025-02-21,2025-05-01,1459.20
INV51992,C0021,2025-01-22,2025-02-21,2025-05-06,1002.72
INV51993,C0037,2025-01-22,2025-02-21,2025-02-06,824.23
INV51994,C0060,2025-01-22,2025-03-08,2025-03-03,6582.03
INV51995,C0074,2025-01-22,2025-02-21,2025-02-13,2733.47
INV51996,C0081,2025-01-22,2025-02-21,2025-02-18,952.24
INV51997,C0095,2025-01-22,2025-03-08,2025-02-28,8527.28
INV51998,C0008,2025-01-23,2025-02-22,2025-04-17,805.29
INV51999,C0098,2025-01-23,2025-02-22,2025-05-06,2253.87
INV52000,C0112,2025-01-23,2025-02-22,2025-02-16,1585.40
INV52001,C0162,2025-01-23,2025-02-22,2025-03-02,2760.41
INV52002,C0163,2025-01-23,2025-03-09,2025-03-05,4748.00
INV52003,C0009,2025-01-24,2025-02-23,2025-02-08,1423.33
INV52004,C0026,2025-01-24,2025-03-10,2025-02-17,2787.81
INV52005,C0077,2025-01-24,2025-03-10,2025-07-22,9791.96
INV52006,C0102,2025-01-24,2025-02-23,2025-04-13,2269.16
INV52007,C0135,2025-01-24,2025-02-23,2025-02-21,1381.36
INV52008,C9002,2025-01-24,2025-02-23,,3737.53
INV52009,C0026,2025-01-25,2025-03-11,2025-02-21,9295.57
INV52010,C0091,2025-01-25,2025-02-24,2025-04-05,1779.27
INV52011,C0145,2025-01-25,2025-03-11,2025-02-23,8111.66
INV52012,C0010,2025-01-26,2025-02-25,2025-03-05,1848.20
INV52013,C0040,2025-01-26,2025-02-25,2025-02-22,2170.63
INV52014,C0072,2025-01-26,2025-03-12,2025-03-01,9744.73
INV52015,C0099,2025-01-26,2025-02-25,2025-02-23,2695.09
INV52016,C0171,2025-01-26,2025-03-12,2025-02-04,2641.83
INV52017,C0022,2025-01-27,2025-02-26,2025-04-15,5129.34
INV52018,C0028,2025-01-27,2025-02-26,2025-02-02,1710.73
INV52019,C0108,2025-01-27,2025-03-13,2025-02-02,8093.39
INV52020,C0147,2025-01-27,2025-03-13,2025-03-10,26323.73
INV52021,C0160,2025-01-27,2025-02-26,2025-02-02,2771.98
INV52022,C0169,2025-01-27,2025-02-26,2025-06-26,4613.09
INV52023,C0019,2025-01-28,2025-03-14,2025-03-10,6154.77
INV52024,C0029,2025-01-28,2025-02-27,2025-02-15,1597.70
INV52025,C0063,2025-01-28,2025-03-14,2025-03-11,9954.59
INV52026,C0008,2025-01-29,2025-02-28,2025-03-26,1242.48
INV52027,C0060,2025-01-29,2025-03-15,2025-02-10,3950.20
INV52028,C0066,2025-01-29,2025-02-28,2025-06-18,791.18
INV52029,C0068,2025-01-29,2025-03-15,2025-03-04,15648.77
INV52030,C0106,2025-01-29,2025-02-28,2025-02-22,9125.77
INV52031,C0166,2025-01-29,2025-03-15,2025-03-01,9932.39
INV52032,C0166,2025-01-29,2025-03-15,2025-02-27,7871.31
INV52033,C0042,2025-01-30,2025-03-01,2025-06-30,957.99
INV52034,C0045,2025-01-30,2025-03-01,2025-02-23,1556.21
INV52035,C0055,2025-01-30,2025-03-01,2025-02-06,3582.21
INV52036,C0099,2025-01-30,2025-03-01,2025-02-21,999.41
INV52037,C0104,2025-01-30,2025-03-01,2025-02-19,1140.38
INV52038,C0129,2025-01-30,2025-03-01,2025-02-18,455.10
INV52039,C0135,2025-01-30,2025-03-01,2025-02-06,1530.38
INV52040,C0145,2025-01-30,2025-03-16,2025-02-04,9595.97
INV52041,C0162,2025-01-30,2025-03-01,2025-02-27,1811.51
INV52042,C0031,2025-01-31,2025-03-02,2025-02-27,1360.36
INV52043,C0057,2025-01-31,2025-03-17,2025-04-07,7054.06
INV52044,C0058,2025-01-31,2025-03-02,2025-02-28,1007.52
INV52045,C0108,2025-01-31,2025-03-17,2025-03-06,8453.25
INV52046,C0072,2025-02-01,2025-03-18,2025-03-09,8490.54
INV52047,C0178,2025-02-01,2025-03-18,2025-02-14,9424.51
INV52048,C0008,2025-02-02,2025-03-04,2025-05-09,1337.43
INV52049,C0166,2025-02-02,2025-03-19,2025-03-12,8715.33
INV52050,C0009,2025-02-03,2025-03-05,2025-02-15,445.72
INV52051,C0055,2025-02-03,2025-03-05,2025-02-24,7442.32
INV52052,C0082,2025-02-03,2025-03-05,2025-04-27,6585.77
INV52053,C0156,2025-02-03,2025-03-20,2025-03-15,9015.11
INV52054,C9004,2025-02-03,2025-03-05,,3849.45
INV52055,C0010,2025-02-04,2025-03-06,2025-02-27,1718.12
INV52056,C0015,2025-02-04,2025-03-06,2025-05-09,1663.62
INV52057,C0020,2025-02-04,2025-03-06,2025-03-05,8468.79
INV52058,C0052,2025-02-04,2025-03-06,2025-02-10,1891.71
INV52059,C0057,2025-02-04,2025-03-21,2025-04-14,4880.56
INV52060,C0068,2025-02-04,2025-03-21,2025-02-10,33383.43
INV52061,C0069,2025-02-04,2025-03-06,2025-04-25,2272.41
INV52062,C0070,2025-02-04,2025-03-21,2025-04-23,17491.97
INV52063,C0157,2025-02-04,2025-03-06,2025-03-05,426.44
INV52064,C0176,2025-02-04,2025-03-06,2025-02-22,1140.30
INV52065,C0096,2025-02-05,2025-03-07,2025-02-26,2517.14
INV52066,C0142,2025-02-05,2025-03-07,2025-02-22,1641.74
INV52067,C0019,2025-02-06,2025-03-23,2025-05-13,2889.13
INV52068,C0107,2025-02-06,2025-03-08,2025-03-29,868.19
INV52069,C0137,2025-02-06,2025-03-08,2025-02-22,1878.87
INV52070,C0146,2025-02-06,2025-03-08,2025-02-21,1409.50
INV52071,C0150,2025-02-06,2025-03-08,2025-03-06,2336.74
INV52072,C0076,2025-02-07,2025-03-09,2025-02-17,2866.99
INV52073,C0077,2025-02-07,2025-03-24,2025-03-21,2395.81
INV52074,C0143,2025-02-07,2025-03-09,2025-03-05,2682.94
INV52075,C0050,2025-02-08,2025-03-10,2025-03-05,3440.02
INV52076,C0072,2025-02-08,2025-03-25,2025-02-18,7272.89
INV52077,C0137,2025-02-08,2025-03-10,2025-02-16,827.93
INV52078,C0172,2025-02-08,2025-03-10,2025-02-22,998.69
INV52079,C0006,2025-02-09,2025-03-26,2025-03-23,21197.29
INV52080,C0008,2025-02-09,2025-03-11,2025-02-23,2035.37
INV52081,C0031,2025-02-09,2025-03-11,2025-05-18,2429.81
INV52082,C0054,2025-02-09,2025-04-10,2025-03-30,13681.57
INV52083,C0133,2025-02-09,2025-03-26,2025-02-18,5009.14
INV52084,C0162,2025-02-09,2025-03-11,2025-05-07,1188.64
INV52085,C0172,2025-02-09,2025-03-11,2025-05-21,2189.60
INV52086,C0175,2025-02-09,2025-03-11,2025-03-30,843.93
INV52087,C0179,2025-02-09,2025-03-26,2025-02-14,28170.34
INV52088,C0007,2025-02-10,2025-03-12,2025-02-18,2442.80
INV52089,C0018,2025-02-10,2025-03-12,2025-03-01,420.37
INV52090,C0024,2025-02-10,2025-03-12,2025-02-19,1288.01
INV52091,C0040,2025-02-10,2025-03-12,2025-02-18,2393.37
INV52092,C0078,2025-02-10,2025-03-12,2025-03-04,899.08
INV52093,C0094,2025-02-10,2025-03-27,2025-04-05,8901.31
INV52094,C0016,2025-02-11,2025-03-13,2025-02-19,1448.83
INV52095,C0044,2025-02-11,2025-03-13,2025-02-21,5267.51
INV52096,C0050,2025-02-11,2025-03-13,2025-03-20,4600.40
INV52097,C0055,2025-02-11,2025-03-13,2025-02-18,2040.68
INV52098,C0066,2025-02-11,2025-03-13,2025-06-16,647.56
INV52099,C0104,2025-02-11,2025-03-13,2025-05-10,1051.51
INV52100,C0135,2025-02-11,2025-03-13,2025-02-21,582.99
INV52101,C0158,2025-02-11,2025-03-13,2025-05-22,795.76
INV52102,C0013,2025-02-12,2025-03-14,2025-06-07,2686.08
INV52103,C0062,2025-02-12,2025-03-14,2025-03-02,2745.08
INV52104,C0093,2025-02-12,2025-03-14,2025-04-04,2000.28
INV52105,C0106,2025-02-12,2025-03-14,2025-03-07,2011.81
INV52106,C0150,2025-02-12,2025-03-14,2025-05-31,6691.86
INV52107,C0018,2025-02-13,2025-03-15,2025-05-02,1628.42
INV52108,C0075,2025-02-13,2025-03-15,2025-03-08,2303.07
INV52109,C0108,2025-02-13,2025-03-30,2025-03-01,4633.58
INV52110,C0127,2025-02-13,2025-03-30,2025-03-14,10078.12
INV52111,C0133,2025-02-13,2025-03-30,2025-03-05,5360.90
INV52112,C0002,2025-02-14,2025-04-15,2025-02-27,25943.92
INV52113,C0073,2025-02-14,2025-03-16,2025-03-06,621.70
INV52114,C0096,2025-02-14,2025-03-16,2025-03-04,1960.95
INV52115,C0121,2025-02-14,2025-03-16,2025-03-05,381.63
INV52116,C0125,2025-02-14,2025-03-16,2025-03-01,809.49
INV52117,C0134,2025-02-14,2025-03-16,2025-03-01,1761.99
INV52118,C0138,2025-02-14,2025-03-16,2025-02-27,2170.39
INV52119,C0168,2025-02-14,2025-03-16,2025-06-24,2684.48
INV52120,C0055,2025-02-15,2025-03-17,2025-02-23,6764.79
INV52121,C0056,2025-02-15,2025-03-17,2025-02-21,2456.69
INV52122,C0097,2025-02-15,2025-03-17,2025-02-27,2090.03
INV52123,C0126,2025-02-15,2025-03-17,2025-03-19,7308.69
INV52124,C0063,2025-02-16,2025-04-02,2025-03-26,3126.49
INV52125,C0064,2025-02-16,2025-04-02,2025-03-27,17747.90
INV52126,C0098,2025-02-16,2025-03-18,2025-02-27,990.02
INV52127,C0144,2025-02-16,2025-03-18,2025-03-04,1669.34
INV52128,C0039,2025-02-17,2025-03-19,2025-03-04,8093.33
INV52129,C0052,2025-02-17,2025-03-19,2025-04-18,1302.35
INV52130,C0077,2025-02-17,2025-04-03,2025-03-29,3714.18
INV52131,C0106,2025-02-17,2025-03-19,2025-03-07,2826.96
INV52132,C0129,2025-02-17,2025-03-19,2025-03-16,1359.06
INV52133,C0015,2025-02-18,2025-03-20,2025-07-29,2407.05
INV52134,C0056,2025-02-18,2025-03-20,2025-03-21,359.60
INV52135,C0068,2025-02-18,2025-04-04,2025-02-26,26080.80
INV52136,C0086,2025-02-18,2025-03-20,2025-05-14,1571.94
INV52137,C0114,2025-02-18,2025-03-20,2025-04-06,1130.20
INV52138,C0004,2025-02-19,2025-04-05,2025-03-22,5666.47
INV52139,C0007,2025-02-19,2025-03-21,2025-03-07,1422.41
INV52140,C0026,2025-02-19,2025-04-05,2025-03-22,7314.80
INV52141,C0070,2025-02-19,2025-04-05,2025-02-25,23395.25
INV52142,C0071,2025-02-19,2025-03-21,2025-03-03,2223.78
INV52143,C0099,2025-02-19,2025-03-21,2025-08-02,1798.47
INV52144,C0159,2025-02-19,2025-03-21,2025-03-07,3310.66
INV52145,C0039,2025-02-20,2025-03-22,2025-02-26,2707.52
INV52146,C0063,2025-02-20,2025-04-06,2025-05-09,8790.37
INV52147,C0023,2025-02-21,2025-03-23,2025-03-13,4194.73
INV52148,C0047,2025-02-21,2025-04-07,2025-05-28,13385.15
INV52149,C0050,2025-02-21,2025-03-23,2025-03-19,2740.09
INV52150,C0070,2025-02-21,2025-04-07,2025-03-21,13685.57
INV52151,C0076,2025-02-21,2025-03-23,2025-03-02,3149.35
INV52152,C0101,2025-02-21,2025-04-07,2025-07-30,32559.81
INV52153,C0117,2025-02-21,2025-04-07,2025-03-24,33149.94
INV52154,C0168,2025-02-21,2025-03-23,2025-03-15,2121.24
INV52155,C0030,2025-02-22,2025-03-24,2025-02-28,2234.83
INV52156,C0059,2025-02-22,2025-04-08,2025-04-21,9660.72
INV52157,C0078,2025-02-22,2025-03-24,2025-03-05,1850.91
INV52158,C0107,2025-02-22,2025-03-24,2025-07-28,1852.72
INV52159,C0110,2025-02-22,2025-03-24,2025-03-21,2396.54
INV52160,C0145,2025-02-22,2025-04-08,2025-04-14,3823.00
INV52161,C0163,2025-02-22,2025-04-08,2025-06-21,7041.31
INV52162,C0023,2025-02-23,2025-03-25,2025-03-25,3447.97
INV52163,C0053,2025-02-23,2025-03-25,2025-05-17,1035.28
INV52164,C0073,2025-02-23,2025-03-25,2025-03-22,2222.02
INV52165,C0075,2025-02-23,2025-03-25,2025-03-03,2529.26
INV52166,C0108,2025-02-23,2025-04-09,2025-04-26,2832.83
INV52167,C0122,2025-02-23,2025-04-09,2025-03-15,8866.81
INV52168,C0173,2025-02-23,2025-04-09,2025-03-30,7878.53
INV52169,C0035,2025-02-24,2025-04-25,2025-03-03,29260.17
INV52170,C0047,2025-02-24,2025-04-10,2025-03-15,25730.61
INV52171,C0049,2025-02-24,2025-03-26,2025-03-28,2789.89
INV52172,C0097,2025-02-24,2025-03-26,2025-04-13,4624.80
INV52173,C0100,2025-02-24,2025-03-26,2025-03-17,1994.82
INV52174,C0143,2025-02-24,2025-03-26,2025-03-21,1918.03
INV52175,C0172,2025-02-24,2025-03-26,2025-07-08,1117.72
INV52176,C0023,2025-02-25,2025-03-27,2025-05-25,5706.50
INV52177,C0041,2025-02-25,2025-04-11,2025-05-20,5748.32
INV52178,C0044,2025-02-25,2025-03-27,2025-03-12,4084.85
INV52179,C0046,2025-02-25,2025-03-27,2025-03-16,978.12
INV52180,C0072,2025-02-25,2025-04-11,2025-03-17,2472.82
INV52181,C0126,2025-02-25,2025-03-27,2025-03-18,7380.19
INV52182,C0166,2025-02-25,2025-04-11,2025-04-10,4273.19
INV52183,C0058,2025-02-26,2025-03-28,2025-06-19,2483.98
INV52184,C0072,2025-02-26,2025-04-12,2025-03-10,3314.52
INV52185,C0112,2025-02-26,2025-03-28,2025-03-22,1885.17
INV52186,C0117,2025-02-26,2025-04-12,2025-03-16,21910.11
INV52187,C0140,2025-02-26,2025-03-28,2025-04-25,2343.86
INV52188,C0154,2025-02-26,2025-03-28,2025-03-24,2657.26
INV52189,C0026,2025-02-27,2025-04-13,2025-03-31,9775.37
INV52190,C0055,2025-02-27,2025-03-29,2025-03-17,1709.56
INV52191,C0092,2025-02-27,2025-03-29,2025-03-12,2632.53
INV52192,C0102,2025-02-27,2025-03-29,2025-03-06,1075.74
INV52193,C0114,2025-02-27,2025-03-29,2025-03-29,595.29
INV52194,C0152,2025-02-27,2025-03-29,2025-03-27,3958.33
INV52195,C0177,2025-02-27,2025-03-29,2025-04-02,2311.03
INV52196,C0051,2025-02-28,2025-03-30,2025-03-07,547.06
INV52197,C0113,2025-02-28,2025-03-30,2025-03-05,1128.93
INV52198,C0137,2025-02-28,2025-03-30,2025-03-09,2079.71
INV52199,C0148,2025-02-28,2025-03-30,2025-04-21,4565.66
INV52200,C0149,2025-02-28,2025-03-30,2025-05-13,4983.19
INV52201,C0116,2025-03-01,2025-03-31,2025-03-22,2022.84
INV52202,C0139,2025-03-01,2025-03-31,2025-03-16,1615.40
INV52203,C0146,2025-03-01,2025-03-31,2025-03-26,631.69
INV52204,C0149,2025-03-01,2025-03-31,2025-03-08,2914.81
INV52205,C0150,2025-03-01,2025-03-31,2025-03-19,9357.55
INV52206,C0175,2025-03-01,2025-03-31,2025-08-05,476.14
INV52207,C0038,2025-03-02,2025-04-01,2025-03-30,1513.76
INV52208,C0080,2025-03-02,2025-04-16,2025-03-25,6085.05
INV52209,C0106,2025-03-02,2025-04-01,2025-03-24,3247.99
INV52210,C0118,2025-03-02,2025-04-01,2025-05-22,403.37
INV52211,C0144,2025-03-02,2025-04-01,2025-03-21,1242.10
INV52212,C0156,2025-03-02,2025-04-16,2025-06-16,9749.09
INV52213,C0006,2025-03-03,2025-04-17,2025-03-19,7566.71
INV52214,C0027,2025-03-03,2025-05-02,2025-03-18,8822.32
INV52215,C0097,2025-03-03,2025-04-02,2025-03-23,5765.58
INV52216,C0108,2025-03-03,2025-04-17,2025-04-04,2490.90
INV52217,C0159,2025-03-03,2025-04-02,2025-03-22,7864.34
INV52218,C0165,2025-03-03,2025-04-02,2025-03-18,2037.67
INV52219,C0167,2025-03-03,2025-04-17,2025-03-26,11820.06
INV52220,C0001,2025-03-04,2025-04-18,2025-04-05,10010.24
INV52221,C0055,2025-03-04,2025-04-03,2025-04-09,2508.91
INV52222,C0115,2025-03-04,2025-04-03,2025-03-16,1019.31
INV52223,C0127,2025-03-04,2025-04-18,2025-03-26,7442.09
INV52224,C0145,2025-03-04,2025-04-18,2025-03-10,4425.59
INV52225,C0147,2025-03-04,2025-04-18,2025-04-07,17166.72
INV52226,C0177,2025-03-04,2025-04-03,2025-03-19,2216.88
INV52227,C0054,2025-03-05,2025-05-04,2025-08-14,27069.90
INV52228,C0109,2025-03-05,2025-04-04,2025-03-28,1868.60
INV52229,C0145,2025-03-05,2025-04-19,2025-03-21,4941.92
INV52230,C0103,2025-03-06,2025-04-05,2025-03-26,2394.80
INV52231,C0027,2025-03-07,2025-05-06,2025-04-30,30317.39
INV52232,C0043,2025-03-07,2025-04-06,2025-03-25,9513.89
INV52233,C0064,2025-03-07,2025-04-21,2025-03-16,32270.59
INV52234,C0119,2025-03-07,2025-04-21,2025-07-01,24687.07
INV52235,C0137,2025-03-07,2025-04-06,2025-04-27,2292.14
INV52236,C0141,2025-03-07,2025-04-06,2025-03-16,3884.50
INV52237,C0010,2025-03-08,2025-04-07,2025-03-14,2376.31
INV52238,C0012,2025-03-08,2025-04-07,2025-05-07,2277.86
INV52239,C0034,2025-03-08,2025-04-07,2025-04-09,1775.75
INV52240,C0058,2025-03-08,2025-04-07,2025-05-05,1712.04
INV52241,C0065,2025-03-08,2025-04-07,2025-08-20,630.21
INV52242,C0077,2025-03-08,2025-04-22,2025-04-25,2958.14
INV52243,C0119,2025-03-08,2025-04-22,2025-07-08,31802.17
INV52244,C0124,2025-03-08,2025-04-07,2025-08-01,677.82
INV52245,C0032,2025-03-09,2025-04-08,2025-04-04,5779.37
INV52246,C0063,2025-03-09,2025-04-23,2025-06-26,5284.50
INV52247,C0068,2025-03-09,2025-04-23,2025-04-05,14015.25
INV52248,C0109,2025-03-09,2025-04-08,2025-04-20,1467.52
INV52249,C0034,2025-03-10,2025-04-09,2025-03-31,1052.03
INV52250,C0060,2025-03-10,2025-04-24,2025-03-20,9277.34
INV52251,C0076,2025-03-10,2025-04-09,2025-04-03,8508.97
INV52252,C0085,2025-03-10,2025-04-09,2025-03-24,1829.30
INV52253,C0036,2025-03-11,2025-04-10,2025-04-05,2072.01
INV52254,C0036,2025-03-11,2025-04-10,2025-04-09,1007.25
INV52255,C0066,2025-03-11,2025-04-10,2025-03-21,1123.38
INV52256,C0126,2025-03-11,2025-04-10,2025-03-27,2670.24
INV52257,C0129,2025-03-11,2025-04-10,2025-03-19,1146.08
INV52258,C0025,2025-03-12,2025-04-11,2025-06-12,2513.06
INV52259,C0041,2025-03-12,2025-04-26,2025-03-21,2580.94
INV52260,C0041,2025-03-12,2025-04-26,2025-05-24,4016.29
INV52261,C0112,2025-03-12,2025-04-11,2025-07-24,2776.38
INV52262,C0114,2025-03-12,2025-04-11,2025-03-22,1204.24
INV52263,C0178,2025-03-12,2025-04-26,2025-03-20,5582.71
INV52264,C0039,2025-03-13,2025-04-12,2025-05-24,2165.80
INV52265,C0059,2025-03-13,2025-04-27,2025-04-15,4765.38
INV52266,C0102,2025-03-13,2025-04-12,2025-07-31,2185.95
INV52267,C0103,2025-03-14,2025-04-13,2025-04-06,2195.10
INV52268,C0114,2025-03-14,2025-04-13,2025-04-10,2231.83
INV52269,C0133,2025-03-14,2025-04-28,2025-04-26,6484.49
INV52270,C0171,2025-03-14,2025-04-28,2025-04-08,2227.66
INV52271,C0058,2025-03-15,2025-04-14,2025-03-28,518.17
INV52272,C0059,2025-03-15,2025-04-29,2025-04-15,5961.14
INV52273,C0134,2025-03-15,2025-04-14,2025-04-11,1005.06
INV52274,C0135,2025-03-15,2025-04-14,2025-05-30,2465.30
INV52275,C0067,2025-03-16,2025-04-15,2025-04-07,1865.20
INV52276,C0078,2025-03-16,2025-04-15,2025-04-11,2244.98
INV52277,C0092,2025-03-16,2025-04-15,2025-04-13,393.26
INV52278,C0116,2025-03-16,2025-04-15,2025-04-13,424.24
INV52279,C0180,2025-03-16,2025-04-15,2025-06-02,808.39
INV52280,C0027,2025-03-17,2025-05-16,2025-05-05,13353.08
INV52281,C0024,2025-03-18,2025-04-17,2025-05-23,1265.62
INV52282,C0049,2025-03-18,2025-04-17,2025-06-29,2203.67
INV52283,C0050,2025-03-18,2025-04-17,2025-05-23,6444.19
INV52284,C0077,2025-03-18,2025-05-02,2025-03-25,2591.58
INV52285,C0099,2025-03-18,2025-04-17,2025-08-20,2792.82
INV52286,C0149,2025-03-18,2025-04-17,2025-03-27,6834.62
INV52287,C0006,2025-03-19,2025-05-03,2025-04-27,32782.47
INV52288,C0063,2025-03-19,2025-05-03,2025-06-16,9959.56
INV52289,C0074,2025-03-19,2025-04-18,2025-03-27,633.38
INV52290,C0129,2025-03-19,2025-04-18,2025-07-27,955.11
INV52291,C0155,2025-03-19,2025-04-18,2025-04-10,2661.35
INV52292,C0166,2025-03-19,2025-05-03,2025-04-16,3200.36
INV52293,C0010,2025-03-20,2025-04-19,2025-06-15,2034.32
INV52294,C0088,2025-03-20,2025-04-19,2025-04-19,8831.76
INV52295,C0112,2025-03-20,2025-04-19,2025-05-27,1827.67
INV52296,C0119,2025-03-20,2025-05-04,2025-08-24,31206.33
INV52297,C0138,2025-03-20,2025-04-19,2025-04-16,393.66
INV52298,C0151,2025-03-20,2025-04-19,2025-04-05,2002.94
INV52299,C0054,2025-03-21,2025-05-20,2025-04-23,30807.93
INV52300,C0080,2025-03-21,2025-05-05,2025-07-07,2612.37
INV52301,C0096,2025-03-21,2025-04-20,2025-04-06,2510.64
INV52302,C0111,2025-03-21,2025-04-20,2025-04-03,2212.96
INV52303,C0042,2025-03-22,2025-04-21,2025-04-09,446.28
INV52304,C0057,2025-03-22,2025-05-06,2025-05-05,1700.28
INV52305,C0134,2025-03-22,2025-04-21,2025-07-03,1395.28
INV52306,C0156,2025-03-22,2025-05-06,2025-03-30,6093.81
INV52307,C0178,2025-03-22,2025-05-06,2025-04-28,6544.63
INV52308,C0012,2025-03-23,2025-04-22,2025-04-14,2778.07
INV52309,C0026,2025-03-23,2025-05-07,2025-04-08,2237.55
INV52310,C0033,2025-03-23,2025-04-22,2025-09-07,2060.63
INV52311,C0044,2025-03-23,2025-04-22,2025-04-04,2663.68
INV52312,C0074,2025-03-23,2025-04-22,2025-04-22,1612.71
INV52313,C0105,2025-03-23,2025-04-22,2025-04-04,1298.02
INV52314,C0149,2025-03-23,2025-04-22,2025-04-01,6825.49
INV52315,C0177,2025-03-23,2025-04-22,2025-04-04,2575.47
INV52316,C0001,2025-03-24,2025-05-08,2025-04-20,9628.59
INV52317,C0056,2025-03-24,2025-04-23,2025-04-15,2103.51
INV52318,C0062,2025-03-24,2025-04-23,2025-04-11,1973.23
INV52319,C0088,2025-03-24,2025-04-23,2025-04-13,8559.85
INV52320,C0095,2025-03-24,2025-05-08,2025-04-20,8275.72
INV52321,C0107,2025-03-24,2025-04-23,2025-04-16,1661.75
INV52322,C0115,2025-03-24,2025-04-23,2025-04-09,457.40
INV52323,C0121,2025-03-24,2025-04-23,2025-04-01,1517.29
INV52324,C0137,2025-03-24,2025-04-23,2025-04-08,707.33
INV52325,C0167,2025-03-24,2025-05-08,2025-04-27,32261.80
INV52326,C0003,2025-03-26,2025-05-10,2025-05-06,6346.22
INV52327,C0007,2025-03-26,2025-04-25,2025-08-29,1539.43
INV52328,C0013,2025-03-26,2025-04-25,2025-04-18,590.74
INV52329,C0047,2025-03-26,2025-05-10,2025-04-10,27504.71
INV52330,C0071,2025-03-26,2025-04-25,2025-04-01,2109.01
INV52331,C0081,2025-03-26,2025-04-25,2025-04-15,2708.71
INV52332,C0087,2025-03-26,2025-04-25,2025-04-06,1171.01
INV52333,C0100,2025-03-26,2025-04-25,2025-08-06,3884.12
INV52334,C0110,2025-03-26,2025-04-25,2025-04-07,440.42
INV52335,C0131,2025-03-26,2025-04-25,2025-04-12,934.42
INV52336,C0145,2025-03-26,2025-05-10,2025-05-04,7289.24
INV52337,C0168,2025-03-26,2025-04-25,2025-04-09,1595.18
INV52338,C0004,2025-03-27,2025-05-11,2025-08-12,8846.10
INV52339,C0040,2025-03-27,2025-04-26,2025-04-04,1202.49
INV52340,C0079,2025-03-27,2025-04-26,2025-04-01,648.43
INV52341,C0089,2025-03-27,2025-04-26,2025-04-25,5207.44
INV52342,C0001,2025-03-28,2025-05-12,2025-08-09,6016.77
INV52343,C0012,2025-03-28,2025-04-27,2025-04-19,1094.27
INV52344,C0020,2025-03-28,2025-04-27,2025-04-08,6037.71
INV52345,C0030,2025-03-28,2025-04-27,2025-07-30,1874.02
INV52346,C0044,2025-03-28,2025-04-27,2025-04-26,9551.65
INV52347,C0135,2025-03-28,2025-04-27,2025-05-10,2151.40
INV52348,C0167,2025-03-28,2025-05-12,2025-04-23,20859.28
INV52349,C0039,2025-03-29,2025-04-28,2025-04-15,8023.42
INV52350,C0070,2025-03-29,2025-05-13,2025-05-01,21818.13
INV52351,C0089,2025-03-29,2025-04-28,2025-04-06,2459.64
INV52352,C0135,2025-03-29,2025-04-28,2025-07-21,2038.47
INV52353,C0139,2025-03-29,2025-04-28,2025-05-30,1450.63
INV52354,C0148,2025-03-29,2025-04-28,2025-04-12,8984.89
INV52355,C0030,2025-03-30,2025-04-29,2025-04-21,1310.93
INV52356,C0081,2025-03-30,2025-04-29,2025-04-20,1019.55
INV52357,C0150,2025-03-30,2025-04-29,2025-04-06,5134.80
INV52358,C0176,2025-03-30,2025-04-29,2025-04-05,2457.11
INV52359,C0106,2025-03-31,2025-04-30,2025-04-05,9369.94
INV52360,C0110,2025-03-31,2025-04-30,2025-04-15,804.88
INV52361,C0010,2025-04-01,2025-05-01,2025-04-15,2600.18
INV52362,C0032,2025-04-01,2025-05-01,2025-04-17,9304.33
INV52363,C0051,2025-04-01,2025-05-01,2025-04-30,2485.34
INV52364,C0071,2025-04-01,2025-05-01,2025-04-13,2184.78
INV52365,C0073,2025-04-01,2025-05-01,2025-06-17,1332.87
INV52366,C0078,2025-04-01,2025-05-01,2025-04-20,1381.59
INV52367,C0103,2025-04-01,2025-05-01,2025-04-08,2704.34
INV52368,C0006,2025-04-02,2025-05-17,2025-05-07,14931.37
INV52369,C0077,2025-04-02,2025-05-17,2025-04-08,8578.77
INV52370,C0081,2025-04-02,2025-05-02,2025-04-15,1272.09
INV52371,C0155,2025-04-02,2025-05-02,2025-06-14,1910.99
INV52372,C0160,2025-04-02,2025-05-02,2025-05-02,695.11
INV52373,C0032,2025-04-03,2025-05-03,2025-04-30,3737.80
INV52374,C0038,2025-04-03,2025-05-03,2025-04-14,696.20
INV52375,C0104,2025-04-03,2025-05-03,2025-07-17,386.24
INV52376,C0127,2025-04-03,2025-05-18,2025-05-14,10042.03
INV52377,C0129,2025-04-03,2025-05-03,2025-04-17,2640.78
INV52378,C0139,2025-04-03,2025-05-03,2025-04-30,2206.99
INV52379,C0003,2025-04-04,2025-05-19,2025-04-16,2175.57
INV52380,C0049,2025-04-04,2025-05-04,2025-08-26,2587.18
INV52381,C0141,2025-04-04,2025-05-04,2025-05-02,8275.45
INV52382,C0146,2025-04-04,2025-05-04,2025-09-03,948.25
INV52383,C0159,2025-04-04,2025-05-04,2025-04-20,5957.78
INV52384,C0163,2025-04-04,2025-05-19,2025-05-11,3668.38
INV52385,C0028,2025-04-05,2025-05-05,2025-07-18,1198.22
INV52386,C0091,2025-04-05,2025-05-05,2025-04-24,1525.92
INV52387,C0090,2025-04-06,2025-05-06,2025-04-12,1905.76
INV52388,C0095,2025-04-06,2025-05-21,2025-07-08,4592.75
INV52389,C0097,2025-04-06,2025-05-06,2025-04-24,2586.38
INV52390,C0147,2025-04-06,2025-05-21,2025-04-30,8839.72
INV52391,C0032,2025-04-07,2025-05-07,2025-05-04,4203.78
INV52392,C0086,2025-04-07,2025-05-07,2025-04-27,2217.88
INV52393,C0086,2025-04-07,2025-05-07,2025-05-01,2641.34
INV52394,C0157,2025-04-07,2025-05-07,2025-05-07,2667.25
INV52395,C0003,2025-04-08,2025-05-23,2025-08-06,5717.25
INV52396,C0064,2025-04-08,2025-05-23,2025-04-18,24356.77
INV52397,C0073,2025-04-08,2025-05-08,2025-04-16,1178.03
INV52398,C0144,2025-04-08,2025-05-08,2025-07-13,2084.64
INV52399,C0035,2025-04-09,2025-06-08,2025-05-23,19873.10
INV52400,C0038,2025-04-09,2025-05-09,2025-05-01,2160.00
INV52401,C0077,2025-04-09,2025-05-24,2025-04-28,8824.10
INV52402,C0092,2025-04-09,2025-05-09,2025-05-09,657.60
INV52403,C0099,2025-04-09,2025-05-09,2025-05-07,2738.82
INV52404,C0115,2025-04-09,2025-05-09,2025-05-13,2296.71
INV52405,C0160,2025-04-09,2025-05-09,2025-04-15,2305.29
INV52406,C0162,2025-04-09,2025-05-09,2025-04-30,2418.99
INV52407,C0180,2025-04-09,2025-05-09,2025-05-17,604.73
INV52408,C0001,2025-04-10,2025-05-25,2025-04-23,8031.56
INV52409,C0039,2025-04-10,2025-05-10,2025-04-23,4961.99
INV52410,C0113,2025-04-10,2025-05-10,2025-04-20,2177.07
INV52411,C0004,2025-04-11,2025-05-26,2025-08-29,3250.73
INV52412,C0036,2025-04-11,2025-05-11,2025-04-18,1912.40
INV52413,C0092,2025-04-11,2025-05-11,2025-09-11,2677.32
INV52414,C0103,2025-04-11,2025-05-11,2025-05-31,2585.67
INV52415,C0108,2025-04-11,2025-05-26,2025-06-28,2080.24
INV52416,C0154,2025-04-11,2025-05-11,2025-04-17,2420.12
INV52417,C0024,2025-04-12,2025-05-12,2025-04-26,1007.35
INV52418,C0066,2025-04-12,2025-05-12,2025-04-19,806.41
INV52419,C0173,2025-04-12,2025-05-27,2025-05-02,2179.19
INV52420,C0179,2025-04-12,2025-05-27,2025-05-04,18066.54
INV52421,C0013,2025-04-13,2025-05-13,2025-05-07,1859.71
INV52422,C0020,2025-04-13,2025-05-13,2025-05-09,2919.40
INV52423,C0072,2025-04-13,2025-05-28,2025-05-19,2669.18
INV52424,C0091,2025-04-13,2025-05-13,2025-05-24,2088.33
INV52425,C0128,2025-04-13,2025-05-13,2025-05-07,1933.29
INV52426,C0140,2025-04-13,2025-05-13,2025-05-08,1772.05
INV52427,C0147,2025-04-13,2025-05-28,2025-04-27,6858.87
INV52428,C0163,2025-04-13,2025-05-28,2025-05-23,9254.74
INV52429,C0173,2025-04-13,2025-05-28,2025-05-03,3934.62
INV52430,C0178,2025-04-13,2025-05-28,2025-04-18,6619.87
INV52431,C0098,2025-04-14,2025-05-14,2025-08-06,1031.23
INV52432,C0160,2025-04-14,2025-05-14,2025-06-01,1239.34
INV52433,C0168,2025-04-14,2025-05-14,2025-04-23,445.99
INV52434,C0175,2025-04-14,2025-05-14,2025-04-24,1663.12
INV52435,C0052,2025-04-15,2025-05-15,2025-05-03,831.02
INV52436,C0057,2025-04-15,2025-05-30,2025-04-21,4074.19
INV52437,C0064,2025-04-15,2025-05-30,2025-05-26,19987.32
INV52438,C0082,2025-04-15,2025-05-15,2025-05-01,7834.19
INV52439,C0112,2025-04-15,2025-05-15,2025-05-02,1791.64
INV52440,C0157,2025-04-15,2025-05-15,2025-08-11,1716.20
INV52441,C0168,2025-04-15,2025-05-15,2025-05-04,570.67
INV52442,C0103,2025-04-16,2025-05-16,2025-05-16,2782.97
INV52443,C0130,2025-04-16,2025-05-16,2025-06-24,523.35
INV52444,C0134,2025-04-16,2025-05-16,2025-10-03,883.73
INV52445,C0134,2025-04-16,2025-05-16,2025-05-07,1276.76
INV52446,C0005,2025-04-17,2025-05-17,2025-04-22,2065.90
INV52447,C0024,2025-04-17,2025-05-17,2025-05-12,2404.23
INV52448,C0071,2025-04-17,2025-05-17,2025-05-07,2276.51
INV52449,C0071,2025-04-17,2025-05-17,2025-05-17,1568.23
INV52450,C0153,2025-04-17,2025-05-17,2025-05-13,2483.32
INV52451,C0160,2025-04-17,2025-05-17,2025-05-27,1412.97
INV52452,C0004,2025-04-18,2025-06-02,2025-07-02,5899.68
INV52453,C0066,2025-04-18,2025-05-18,2025-04-27,1702.41
INV52454,C0038,2025-04-19,2025-05-19,2025-07-28,2058.53
INV52455,C0094,2025-04-19,2025-06-03,2025-04-26,4683.80
INV52456,C0160,2025-04-19,2025-05-19,2025-05-07,653.32
INV52457,C0161,2025-04-19,2025-05-19,2025-05-04,2618.71
INV52458,C0034,2025-04-20,2025-05-20,2025-07-17,2189.01
INV52459,C0047,2025-04-20,2025-06-04,2025-04-29,11452.50
INV52460,C0167,2025-04-20,2025-06-04,2025-05-21,9549.18
INV52461,C0057,2025-04-21,2025-06-05,2025-06-05,5100.18
INV52462,C0086,2025-04-21,2025-05-21,2025-05-16,1660.63
INV52463,C0119,2025-04-21,2025-06-05,2025-05-13,8241.13
INV52464,C0041,2025-04-22,2025-06-06,2025-10-19,3167.37
INV52465,C0044,2025-04-22,2025-05-22,2025-05-08,2023.98
INV52466,C0044,2025-04-22,2025-05-22,2025-07-27,2743.59
INV52467,C0006,2025-04-23,2025-06-07,2025-07-17,22364.64
INV52468,C0017,2025-04-23,2025-05-23,2025-09-23,1569.11
INV52469,C0018,2025-04-23,2025-05-23,2025-04-29,1238.40
INV52470,C0033,2025-04-23,2025-05-23,2025-10-09,1558.29
INV52471,C0043,2025-04-23,2025-05-23,2025-05-04,8754.78
INV52472,C0060,2025-04-23,2025-06-07,2025-05-18,4080.67
INV52473,C0072,2025-04-23,2025-06-07,2025-05-20,5810.29
INV52474,C0057,2025-04-24,2025-06-08,2025-04-30,4247.45
INV52475,C0072,2025-04-24,2025-06-08,2025-05-26,7778.44
INV52476,C0093,2025-04-24,2025-05-24,2025-05-17,8680.32
INV52477,C0096,2025-04-24,2025-05-24,2025-05-06,1337.63
INV52478,C0157,2025-04-24,2025-05-24,2025-06-15,1429.13
INV52479,C0036,2025-04-25,2025-05-25,2025-05-18,817.48
INV52480,C0059,2025-04-25,2025-06-09,2025-05-04,1703.80
INV52481,C0127,2025-04-25,2025-06-09,2025-05-29,2489.77
INV52482,C0139,2025-04-25,2025-05-25,2025-05-04,2615.93
INV52483,C0006,2025-04-26,2025-06-10,2025-06-20,22868.97
INV52484,C0019,2025-04-26,2025-06-10,2025-05-11,6178.60
INV52485,C0064,2025-04-26,2025-06-10,2025-05-10,29488.15
INV52486,C0085,2025-04-26,2025-05-26,2025-05-04,2351.24
INV52487,C0110,2025-04-26,2025-05-26,2025-05-16,2437.81
INV52488,C0128,2025-04-26,2025-05-26,2025-09-26,1147.44
INV52489,C0152,2025-04-26,2025-05-26,2025-07-26,8967.60
INV52490,C0025,2025-04-27,2025-05-27,2025-05-12,1709.32
INV52491,C0031,2025-04-27,2025-05-27,2025-06-23,1695.88
INV52492,C0057,2025-04-27,2025-06-11,2025-05-24,7554.88
INV52493,C0069,2025-04-27,2025-05-27,2025-05-06,2454.96
INV52494,C0101,2025-04-27,2025-06-11,2025-06-03,31338.50
INV52495,C0165,2025-04-27,2025-05-27,2025-05-19,2637.78
INV52496,C0167,2025-04-27,2025-06-11,2025-05-25,19620.98
INV52497,C0039,2025-04-28,2025-05-28,2025-06-04,2735.68
INV52498,C0089,2025-04-28,2025-05-28,2025-05-26,7998.30
INV52499,C0143,2025-04-28,2025-05-28,2025-05-04,1204.98
INV52500,C0148,2025-04-28,2025-05-28,2025-05-17,6057.03
INV52501,C0006,2025-04-29,2025-06-13,2025-05-17,31980.80
INV52502,C0050,2025-04-29,2025-05-29,2025-06-17,3261.31
INV52503,C0065,2025-04-29,2025-05-29,2025-07-17,506.32
INV52504,C0093,2025-04-29,2025-05-29,2025-07-25,7884.31
INV52505,C0112,2025-04-29,2025-05-29,2025-05-29,1527.48
INV52506,C0076,2025-04-30,2025-05-30,2025-05-26,2509.13
INV52507,C0154,2025-04-30,2025-05-30,2025-05-27,810.06
INV52508,C0002,2025-05-01,2025-06-30,2025-06-09,33497.12
INV52509,C0124,2025-05-01,2025-05-31,2025-06-30,938.23
INV52510,C0131,2025-05-01,2025-05-31,2025-06-06,1286.39
INV52511,C0169,2025-05-01,2025-05-31,2025-05-24,9577.01
INV52512,C0018,2025-05-02,2025-06-01,2025-05-15,1958.44
INV52513,C0121,2025-05-02,2025-06-01,2025-07-22,2340.58
INV52514,C0173,2025-05-02,2025-06-16,2025-05-12,10014.95
INV52515,C0005,2025-05-03,2025-06-02,2025-10-08,1441.22
INV52516,C0006,2025-05-03,2025-06-17,2025-06-01,32973.22
INV52517,C0106,2025-05-03,2025-06-02,2025-05-14,2751.99
INV52518,C0110,2025-05-03,2025-06-02,2025-07-21,1155.45
INV52519,C0178,2025-05-03,2025-06-17,2025-06-22,4002.45
INV52520,C0015,2025-05-04,2025-06-03,2025-05-15,1508.82
INV52521,C0041,2025-05-04,2025-06-18,2025-05-13,7630.21
INV52522,C0080,2025-05-04,2025-06-18,2025-05-17,6911.10
INV52523,C0100,2025-05-04,2025-06-03,2025-05-14,9907.48
INV52524,C0128,2025-05-04,2025-06-03,2025-08-29,399.30
INV52525,C0163,2025-05-04,2025-06-18,2025-07-04,2554.49
INV52526,C0171,2025-05-04,2025-06-18,2025-07-31,4774.30
INV52527,C9000,2025-05-04,2025-06-03,,2535.24
INV52528,C0036,2025-05-05,2025-06-04,2025-06-17,801.25
INV52529,C0042,2025-05-05,2025-06-04,2025-05-31,338.07
INV52530,C0025,2025-05-06,2025-06-05,2025-05-29,482.28
INV52531,C0033,2025-05-06,2025-06-05,2025-05-27,2025.12
INV52532,C0044,2025-05-06,2025-06-05,2025-05-28,6793.16
INV52533,C0136,2025-05-06,2025-06-05,2025-05-20,1669.72
INV52534,C0171,2025-05-06,2025-06-20,2025-05-15,8799.02
INV52535,C0002,2025-05-07,2025-07-06,2025-09-21,9848.17
INV52536,C0004,2025-05-07,2025-06-21,2025-05-27,6335.83
INV52537,C0087,2025-05-07,2025-06-06,2025-06-04,827.88
INV52538,C0095,2025-05-07,2025-06-21,2025-07-02,4575.21
INV52539,C0113,2025-05-07,2025-06-06,2025-05-12,1318.64
INV52540,C0131,2025-05-07,2025-06-06,2025-05-21,1328.43
INV52541,C0143,2025-05-07,2025-06-06,2025-10-15,1034.23
INV52542,C0169,2025-05-07,2025-06-06,2025-05-12,7345.40
INV52543,C0025,2025-05-08,2025-06-07,2025-07-07,529.25
INV52544,C0062,2025-05-08,2025-06-07,2025-05-14,1868.78
INV52545,C0093,2025-05-08,2025-06-07,2025-05-19,1762.66
INV52546,C0120,2025-05-08,2025-06-07,2025-05-15,2432.89
INV52547,C0138,2025-05-08,2025-06-07,2025-05-21,847.12
INV52548,C0178,2025-05-08,2025-06-22,2025-06-22,3427.25
INV52549,C0001,2025-05-09,2025-06-23,2025-05-23,2598.06
INV52550,C0002,2025-05-09,2025-07-08,2025-10-03,19430.10
INV52551,C0020,2025-05-09,2025-06-08,2025-05-14,9356.78
INV52552,C0024,2025-05-09,2025-06-08,2025-07-15,1441.33
INV52553,C0090,2025-05-09,2025-06-08,2025-06-02,829.30
INV52554,C0114,2025-05-09,2025-06-08,2025-05-22,2563.31
INV52555,C0088,2025-05-10,2025-06-09,2025-06-07,5923.48
INV52556,C0091,2025-05-10,2025-06-09,2025-06-09,2420.75
INV52557,C0022,2025-05-11,2025-06-10,2025-05-19,5994.28
INV52558,C0028,2025-05-11,2025-06-10,2025-05-19,2137.09
INV52559,C0164,2025-05-11,2025-06-10,2025-05-22,1773.59
INV52560,C0002,2025-05-12,2025-07-11,2025-09-10,12391.37
INV52561,C0070,2025-05-12,2025-06-26,2025-05-27,16974.62
INV52562,C0140,2025-05-12,2025-06-11,2025-05-21,1792.01
INV52563,C0179,2025-05-12,2025-06-26,2025-06-14,16302.18
INV52564,C0011,2025-05-13,2025-06-12,2025-10-04,1901.89
INV52565,C0058,2025-05-13,2025-06-12,2025-06-27,2572.14
INV52566,C0089,2025-05-13,2025-06-12,2025-05-19,3732.28
INV52567,C0023,2025-05-14,2025-06-13,2025-08-03,2216.12
INV52568,C0030,2025-05-15,2025-06-14,2025-05-21,1556.04
INV52569,C0031,2025-05-15,2025-06-14,2025-06-18,2198.72
INV52570,C0039,2025-05-15,2025-06-14,2025-08-09,6475.39
INV52571,C0135,2025-05-15,2025-06-14,2025-07-21,1766.32
INV52572,C0141,2025-05-15,2025-06-14,2025-10-17,3313.01
INV52573,C0103,2025-05-16,2025-06-15,2025-06-01,2122.60
INV52574,C0140,2025-05-16,2025-06-15,2025-06-12,1287.81
INV52575,C0142,2025-05-16,2025-06-15,2025-06-06,657.61
INV52576,C0014,2025-05-17,2025-06-16,2025-06-04,1018.67
INV52577,C0043,2025-05-17,2025-06-16,2025-05-26,9029.98
INV52578,C0103,2025-05-17,2025-06-16,2025-05-23,1511.69
INV52579,C0108,2025-05-17,2025-07-01,2025-06-01,6746.56
INV52580,C0178,2025-05-17,2025-07-01,2025-11-17,7246.93
INV52581,C0021,2025-05-18,2025-06-17,2025-05-25,1627.24
INV52582,C0032,2025-05-18,2025-06-17,2025-06-05,2949.08
INV52583,C0046,2025-05-18,2025-06-17,2025-06-04,593.64
INV52584,C0071,2025-05-18,2025-06-17,2025-05-31,342.20
INV52585,C0088,2025-05-18,2025-06-17,2025-06-05,8428.51
INV52586,C0095,2025-05-18,2025-07-02,2025-06-29,5576.60
INV52587,C0119,2025-05-18,2025-07-02,2025-06-13,10814.90
INV52588,C0138,2025-05-18,2025-06-17,2025-06-17,472.66
INV52589,C0146,2025-05-18,2025-06-17,2025-06-11,1170.21
INV52590,C0148,2025-05-18,2025-06-17,2025-06-20,5839.10
INV52591,C0179,2025-05-18,2025-07-02,2025-05-23,15987.66
INV52592,C0021,2025-05-19,2025-06-18,2025-06-18,1889.35
INV52593,C0027,2025-05-19,2025-07-18,2025-07-15,13874.58
INV52594,C0091,2025-05-19,2025-06-18,2025-05-27,566.18
INV52595,C0122,2025-05-19,2025-07-03,2025-06-21,9071.85
INV52596,C0132,2025-05-19,2025-06-18,2025-06-18,2349.28
INV52597,C0132,2025-05-19,2025-06-18,2025-05-30,2565.93
INV52598,C0139,2025-05-19,2025-06-18,2025-06-08,394.30
INV52599,C0142,2025-05-19,2025-06-18,2025-10-27,2265.34
INV52600,C0161,2025-05-19,2025-06-18,2025-05-28,1375.42
INV52601,C0023,2025-05-20,2025-06-19,2025-06-05,3987.77
INV52602,C0054,2025-05-20,2025-07-19,2025-07-07,23304.95
INV52603,C0091,2025-05-20,2025-06-19,2025-05-26,1972.11
INV52604,C0132,2025-05-20,2025-06-19,2025-05-29,2256.24
INV52605,C0019,2025-05-21,2025-07-05,2025-10-03,7545.82
INV52606,C0033,2025-05-21,2025-06-20,2025-06-03,874.37
INV52607,C0113,2025-05-21,2025-06-20,2025-07-17,1679.88
INV52608,C0155,2025-05-21,2025-06-20,2025-06-14,6511.19
INV52609,C0017,2025-05-22,2025-06-21,2025-10-11,1612.06
INV52610,C0024,2025-05-22,2025-06-21,2025-06-02,2652.81
INV52611,C0054,2025-05-22,2025-07-21,2025-08-20,12500.43
INV52612,C0123,2025-05-22,2025-06-21,2025-05-27,2120.93
INV52613,C0133,2025-05-22,2025-07-06,2025-06-17,3972.93
INV52614,C0133,2025-05-22,2025-07-06,2025-06-20,3732.55
INV52615,C0009,2025-05-23,2025-06-22,2025-09-24,433.75
INV52616,C0023,2025-05-23,2025-06-22,2025-06-16,1719.52
INV52617,C0035,2025-05-23,2025-07-22,2025-06-12,19268.51
INV52618,C0043,2025-05-23,2025-06-22,2025-08-13,7251.69
INV52619,C0086,2025-05-23,2025-06-22,2025-05-28,2230.43
INV52620,C0091,2025-05-23,2025-06-22,2025-05-30,2640.52
INV52621,C0128,2025-05-23,2025-06-22,2025-10-24,1232.32
INV52622,C0158,2025-05-23,2025-06-22,2025-06-06,2727.37
INV52623,C0001,2025-05-24,2025-07-08,2025-07-05,2354.46
INV52624,C0041,2025-05-24,2025-07-08,2025-07-09,2204.12
INV52625,C0051,2025-05-24,2025-06-23,2025-06-20,2598.08
INV52626,C0065,2025-05-24,2025-06-23,2025-06-15,1982.84
INV52627,C0084,2025-05-24,2025-06-23,2025-06-08,1259.54
INV52628,C0088,2025-05-24,2025-06-23,2025-06-14,2192.17
INV52629,C0122,2025-05-24,2025-07-08,2025-06-21,2457.34
INV52630,C0144,2025-05-24,2025-06-23,2025-06-09,2580.85
INV52631,C0149,2025-05-24,2025-06-23,2025-06-29,9042.00
INV52632,C0157,2025-05-24,2025-06-23,2025-06-10,1771.72
INV52633,C0166,2025-05-24,2025-07-08,2025-06-23,9215.88
INV52634,C0007,2025-05-25,2025-06-24,2025-10-15,2565.90
INV52635,C0041,2025-05-25,2025-07-09,2025-07-04,8075.53
INV52636,C0097,2025-05-25,2025-06-24,2025-08-17,7202.49
INV52637,C0176,2025-05-25,2025-06-24,2025-08-21,1527.20
INV52638,C0026,2025-05-26,2025-07-10,2025-06-15,6088.29
INV52639,C0033,2025-05-26,2025-06-25,2025-06-20,918.99
INV52640,C0080,2025-05-26,2025-07-10,2025-06-24,7716.71
INV52641,C0084,2025-05-26,2025-06-25,2025-11-03,1379.75
INV52642,C0099,2025-05-26,2025-06-25,2025-06-04,1133.59
INV52643,C0161,2025-05-26,2025-06-25,2025-06-11,1184.35
INV52644,C0179,2025-05-26,2025-07-10,2025-06-04,9026.16
INV52645,C0048,2025-05-27,2025-06-26,2025-06-06,942.86
INV52646,C0110,2025-05-27,2025-06-26,2025-07-05,1420.32
INV52647,C0142,2025-05-27,2025-06-26,2025-06-02,375.98
INV52648,C0176,2025-05-27,2025-06-26,2025-06-03,1193.97
INV52649,C0007,2025-05-28,2025-06-27,2025-09-01,1983.66
INV52650,C0028,2025-05-28,2025-06-27,2025-07-17,1233.19
INV52651,C0086,2025-05-28,2025-06-27,2025-09-27,2140.85
INV52652,C0102,2025-05-28,2025-06-27,2025-08-14,858.54
INV52653,C0126,2025-05-28,2025-06-27,2025-07-28,4458.60
INV52654,C0026,2025-05-29,2025-07-13,2025-07-04,4666.02
INV52655,C0055,2025-05-29,2025-06-28,2025-06-15,6041.32
INV52656,C0106,2025-05-29,2025-06-28,2025-06-08,1688.57
INV52657,C0137,2025-05-29,2025-06-28,2025-07-25,2592.17
INV52658,C0148,2025-05-29,2025-06-28,2025-06-05,9746.94
INV52659,C0153,2025-05-29,2025-06-28,2025-06-24,476.92
INV52660,C0174,2025-05-29,2025-06-28,2025-06-12,1710.48
INV52661,C0032,2025-05-30,2025-06-29,2025-10-14,3506.44
INV52662,C0085,2025-05-30,2025-06-29,2025-07-25,1565.39
INV52663,C0123,2025-05-30,2025-06-29,2025-08-28,2750.71
INV52664,C0174,2025-05-30,2025-06-29,2025-07-06,1751.88
INV52665,C0012,2025-05-31,2025-06-30,2025-06-06,2428.10
INV52666,C0051,2025-05-31,2025-06-30,2025-07-02,929.14
INV52667,C0121,2025-05-31,2025-06-30,2025-07-27,1684.04
INV52668,C0127,2025-05-31,2025-07-15,2025-08-01,5943.30
INV52669,C0023,2025-06-01,2025-07-01,2025-06-17,7469.89
INV52670,C0050,2025-06-01,2025-07-01,2025-06-08,5030.81
INV52671,C0061,2025-06-01,2025-07-01,2025-09-02,4892.45
INV52672,C0087,2025-06-01,2025-07-01,2025-09-29,1696.92
INV52673,C0127,2025-06-01,2025-07-16,2025-07-05,2358.32
INV52674,C0148,2025-06-01,2025-07-01,2025-06-09,9859.45
INV52675,C0010,2025-06-02,2025-07-02,2025-06-18,2749.39
INV52676,C0018,2025-06-02,2025-07-02,2025-06-22,1138.43
INV52677,C0151,2025-06-02,2025-07-02,2025-10-08,1183.47
INV52678,C0013,2025-06-03,2025-07-03,2025-06-09,1298.10
INV52679,C0019,2025-06-03,2025-07-18,2025-06-13,7964.22
INV52680,C0030,2025-06-03,2025-07-03,2025-07-07,556.88
INV52681,C0113,2025-06-03,2025-07-03,2025-06-19,2779.55
INV52682,C0121,2025-06-03,2025-07-03,2025-06-08,539.85
INV52683,C0131,2025-06-03,2025-07-03,2025-06-11,1668.60
INV52684,C0073,2025-06-04,2025-07-04,2025-09-23,1178.53
INV52685,C0135,2025-06-04,2025-07-04,2025-07-17,2123.27
INV52686,C0140,2025-06-04,2025-07-04,2025-06-22,969.38
INV52687,C0157,2025-06-04,2025-07-04,2025-06-29,1955.46
INV52688,C0034,2025-06-05,2025-07-05,2025-06-18,1685.65
INV52689,C0037,2025-06-05,2025-07-05,2025-06-29,453.58
INV52690,C0085,2025-06-05,2025-07-05,2025-07-04,1067.79
INV52691,C0123,2025-06-05,2025-07-05,2025-06-29,2308.11
INV52692,C0124,2025-06-05,2025-07-05,2025-07-05,1126.65
INV52693,C0172,2025-06-05,2025-07-05,2025-06-30,2009.96
INV52694,C0178,2025-06-05,2025-07-20,2025-10-06,8885.67
INV52695,C0028,2025-06-06,2025-07-06,2025-07-09,1687.86
INV52696,C0032,2025-06-06,2025-07-06,2025-06-23,3505.28
INV52697,C0048,2025-06-06,2025-07-06,2025-06-22,2217.48
INV52698,C0072,2025-06-06,2025-07-21,2025-06-27,3617.97
INV52699,C0083,2025-06-06,2025-07-06,2025-06-14,712.64
INV52700,C0122,2025-06-06,2025-07-21,2025-06-29,3914.12
INV52701,C0158,2025-06-06,2025-07-06,2025-10-07,449.23
INV52702,C0169,2025-06-06,2025-07-06,2025-06-23,9787.50
INV52703,C0001,2025-06-07,2025-07-22,2025-06-17,7036.47
INV52704,C0003,2025-06-07,2025-07-22,2025-07-26,2084.99
INV52705,C0019,2025-06-07,2025-07-22,2025-08-01,1824.31
INV52706,C0083,2025-06-07,2025-07-07,2025-06-24,1987.82
INV52707,C0095,2025-06-07,2025-07-22,2025-07-22,6029.81
INV52708,C0113,2025-06-07,2025-07-07,2025-06-16,2473.53
INV52709,C0146,2025-06-07,2025-07-07,2025-11-04,2264.57
INV52710,C0119,2025-06-08,2025-07-23,2025-06-29,14034.66
INV52711,C0140,2025-06-08,2025-07-08,2025-07-04,2795.64
INV52712,C0148,2025-06-08,2025-07-08,2025-07-04,4181.69
INV52713,C0014,2025-06-09,2025-07-09,2025-06-27,1437.64
INV52714,C0022,2025-06-09,2025-07-09,2025-06-14,3228.72
INV52715,C0030,2025-06-09,2025-07-09,2025-08-19,713.47
INV52716,C0101,2025-06-09,2025-07-24,2025-10-20,18451.93
INV52717,C0152,2025-06-09,2025-07-09,2025-07-06,6228.17
INV52718,C0002,2025-06-10,2025-08-09,2025-07-25,12105.15
INV52719,C0004,2025-06-10,2025-07-25,2025-06-26,9511.31
INV52720,C0006,2025-06-10,2025-07-25,2025-07-09,20952.59
INV52721,C0056,2025-06-10,2025-07-10,2025-07-10,1109.33
INV52722,C0065,2025-06-10,2025-07-10,2025-07-27,2169.31
INV52723,C0066,2025-06-10,2025-07-10,2025-09-08,1052.91
INV52724,C0075,2025-06-10,2025-07-10,2025-06-21,634.99
INV52725,C0153,2025-06-10,2025-07-10,2025-06-17,2792.11
INV52726,C0157,2025-06-10,2025-07-10,2025-09-20,954.72
INV52727,C0069,2025-06-11,2025-07-11,2025-07-07,1862.69
INV52728,C0140,2025-06-11,2025-07-11,2025-10-16,977.43
INV52729,C0108,2025-06-12,2025-07-27,2025-07-25,9704.22
INV52730,C0113,2025-06-12,2025-07-12,2025-06-21,2131.64
INV52731,C0120,2025-06-12,2025-07-12,2025-07-09,2598.36
INV52732,C0149,2025-06-12,2025-07-12,2025-07-04,2378.20
INV52733,C0031,2025-06-13,2025-07-13,2025-06-26,2653.55
INV52734,C0055,2025-06-13,2025-07-13,2025-07-13,5804.14
INV52735,C0131,2025-06-13,2025-07-13,2025-07-11,1300.63
INV52736,C0139,2025-06-13,2025-07-13,2025-06-27,2081.79
INV52737,C0044,2025-06-14,2025-07-14,2025-08-01,6349.84
INV52738,C0066,2025-06-14,2025-07-14,2025-07-07,2671.75
INV52739,C0076,2025-06-14,2025-07-14,2025-06-30,6336.71
INV52740,C0092,2025-06-14,2025-07-14,2025-06-21,2209.78
INV52741,C0095,2025-06-14,2025-07-29,2025-07-15,2929.70
INV52742,C0099,2025-06-14,2025-07-14,2025-07-02,1822.85
INV52743,C0019,2025-06-15,2025-07-30,2025-07-18,8569.80
INV52744,C0097,2025-06-15,2025-07-15,2025-06-25,7249.04
INV52745,C0004,2025-06-16,2025-07-31,2025-07-11,8481.38
INV52746,C0004,2025-06-16,2025-07-31,2025-06-27,3477.13
INV52747,C0035,2025-06-16,2025-08-15,2025-07-09,14736.96
INV52748,C0079,2025-06-16,2025-07-16,2025-06-24,525.38
INV52749,C0090,2025-06-16,2025-07-16,2025-06-29,656.50
INV52750,C0136,2025-06-16,2025-07-16,2025-07-06,2708.16
INV52751,C0154,2025-06-16,2025-07-16,2025-09-02,489.38
INV52752,C0047,2025-06-17,2025-08-01,2025-10-09,15049.53
INV52753,C0074,2025-06-17,2025-07-17,2025-06-29,1832.05
INV52754,C0162,2025-06-17,2025-07-17,2025-11-08,2609.13
INV52755,C0169,2025-06-17,2025-07-17,2025-07-09,9502.57
INV52756,C0025,2025-06-18,2025-07-18,2025-09-09,912.26
INV52757,C0082,2025-06-18,2025-07-18,2025-07-03,8675.75
INV52758,C0113,2025-06-18,2025-07-18,2025-07-12,2144.10
INV52759,C0120,2025-06-18,2025-07-18,2025-06-27,2440.73
INV52760,C0133,2025-06-18,2025-08-02,2025-08-02,8056.87
INV52761,C0141,2025-06-18,2025-07-18,2025-06-29,2382.20
INV52762,C0147,2025-06-18,2025-08-02,2025-09-30,18797.94
INV52763,C0169,2025-06-18,2025-07-18,2025-07-09,9464.85
INV52764,C0093,2025-06-19,2025-07-19,2025-06-28,9503.75
INV52765,C0116,2025-06-19,2025-07-19,2025-07-19,2046.84
INV52766,C0152,2025-06-19,2025-07-19,2025-07-19,7722.22
INV52767,C0114,2025-06-20,2025-07-20,2025-07-18,1777.65
INV52768,C0141,2025-06-20,2025-07-20,2025-06-28,5345.16
INV52769,C0154,2025-06-20,2025-07-20,2025-06-28,1515.25
INV52770,C0169,2025-06-20,2025-07-20,2025-07-10,7135.50
INV52771,C0169,2025-06-20,2025-07-20,2025-07-14,6542.26
INV52772,C0174,2025-06-20,2025-07-20,2025-07-20,2071.78
INV52773,C0006,2025-06-21,2025-08-05,2025-08-01,16711.42
INV52774,C0007,2025-06-21,2025-07-21,2025-11-02,790.85
INV52775,C0027,2025-06-21,2025-08-20,2025-07-20,21791.71
INV52776,C0052,2025-06-21,2025-07-21,2025-07-15,1236.91
INV52777,C0076,2025-06-21,2025-07-21,2025-06-26,6554.01
INV52778,C0111,2025-06-21,2025-07-21,2025-07-11,2045.49
INV52779,C0145,2025-06-21,2025-08-05,2025-07-29,4662.36
INV52780,C0063,2025-06-22,2025-08-06,2025-07-05,7921.12
INV52781,C0100,2025-06-22,2025-07-22,2025-07-15,3544.15
INV52782,C0101,2025-06-22,2025-08-06,2025-07-01,23407.49
INV52783,C0156,2025-06-22,2025-08-06,2025-06-28,5910.73
INV52784,C0053,2025-06-23,2025-07-23,2025-06-28,1108.11
INV52785,C0004,2025-06-24,2025-08-08,2025-06-29,2715.44
INV52786,C0022,2025-06-24,2025-07-24,2025-07-20,6481.87
INV52787,C0068,2025-06-24,2025-08-08,2025-08-05,24715.63
INV52788,C0070,2025-06-24,2025-08-08,2025-07-16,16925.80
INV52789,C0090,2025-06-24,2025-07-24,2025-10-07,1956.73
INV52790,C0105,2025-06-24,2025-07-24,2025-08-19,2515.09
INV52791,C0166,2025-06-24,2025-08-08,2025-07-27,4492.14
INV52792,C0174,2025-06-24,2025-07-24,2025-09-28,2419.06
INV52793,C0031,2025-06-25,2025-07-25,2025-07-16,2570.71
INV52794,C0053,2025-06-25,2025-07-25,2025-07-08,814.41
INV52795,C0071,2025-06-25,2025-07-25,2025-07-10,1139.57
INV52796,C0120,2025-06-25,2025-07-25,2025-07-28,2075.06
INV52797,C0133,2025-06-25,2025-08-09,2025-08-03,9474.00
INV52798,C0004,2025-06-26,2025-08-10,2025-07-19,5593.30
INV52799,C0006,2025-06-26,2025-08-10,2025-07-01,24308.17
INV52800,C0030,2025-06-26,2025-07-26,2025-07-13,2524.84
INV52801,C0096,2025-06-26,2025-07-26,2025-09-23,1912.14
INV52802,C0101,2025-06-26,2025-08-10,2025-07-30,15850.71
INV52803,C0113,2025-06-26,2025-07-26,2025-07-12,1103.96
INV52804,C0068,2025-06-27,2025-08-11,2025-08-25,22180.46
INV52805,C0081,2025-06-27,2025-07-27,2025-08-07,820.79
INV52806,C0084,2025-06-27,2025-07-27,2025-11-29,2460.09
INV52807,C0143,2025-06-27,2025-07-27,2025-07-19,1896.70
INV52808,C0149,2025-06-27,2025-07-27,2025-09-24,8848.66
INV52809,C0168,2025-06-27,2025-07-27,2025-07-23,1372.23
INV52810,C0179,2025-06-27,2025-08-11,2025-10-04,8320.36
INV52811,C0028,2025-06-28,2025-07-28,2025-07-23,2747.14
INV52812,C0030,2025-06-28,2025-07-28,2025-07-26,2149.86
INV52813,C0133,2025-06-28,2025-08-12,2025-08-18,3536.80
INV52814,C0145,2025-06-28,2025-08-12,2025-07-25,4896.78
INV52815,C0150,2025-06-28,2025-07-28,2025-07-27,3797.63
INV52816,C0173,2025-06-28,2025-08-12,2025-07-09,1872.07
INV52817,C0175,2025-06-28,2025-07-28,2025-07-24,927.40
INV52818,C0021,2025-06-29,2025-07-29,2025-07-20,384.01
INV52819,C0026,2025-06-29,2025-08-13,2025-11-26,5575.01
INV52820,C0049,2025-06-29,2025-07-29,2025-07-21,1950.61
INV52821,C0053,2025-06-29,2025-07-29,2025-09-27,2006.98
INV52822,C0137,2025-06-29,2025-07-29,2025-09-21,888.83
INV52823,C0155,2025-06-29,2025-07-29,2025-10-08,8345.93
INV52824,C0002,2025-06-30,2025-08-29,2025-07-26,31979.37
INV52825,C0012,2025-06-30,2025-07-30,2025-07-21,1912.40
INV52826,C0029,2025-06-30,2025-07-30,2025-08-11,2799.43
INV52827,C0031,2025-06-30,2025-07-30,2025-11-19,672.91
INV52828,C0072,2025-06-30,2025-08-14,2025-07-15,6821.32
INV52829,C0151,2025-06-30,2025-07-30,2025-07-20,1674.19
INV52830,C0167,2025-06-30,2025-08-14,2025-07-07,23012.31
INV52831,C0017,2025-07-01,2025-07-31,2025-10-10,2185.50
INV52832,C0024,2025-07-01,2025-07-31,2025-07-14,732.46
INV52833,C0045,2025-07-01,2025-07-31,2025-07-18,2356.40
INV52834,C0048,2025-07-01,2025-07-31,2025-07-23,1565.71
INV52835,C0075,2025-07-01,2025-07-31,2025-07-15,1043.14
INV52836,C0004,2025-07-02,2025-08-16,2025-07-10,6262.44
INV52837,C0027,2025-07-02,2025-08-31,2025-12-20,20997.75
INV52838,C0077,2025-07-02,2025-08-16,2025-07-20,7382.58
INV52839,C0084,2025-07-02,2025-08-01,2025-07-27,588.25
INV52840,C0088,2025-07-02,2025-08-01,2025-07-19,7013.28
INV52841,C0091,2025-07-02,2025-08-01,2025-08-10,2229.61
INV52842,C0108,2025-07-02,2025-08-16,2025-07-30,9459.70
INV52843,C0143,2025-07-02,2025-08-01,2025-07-21,959.92
INV52844,C0150,2025-07-02,2025-08-01,2025-07-20,2489.49
INV52845,C0150,2025-07-02,2025-08-01,2025-07-24,5225.05
INV52846,C0003,2025-07-03,2025-08-17,2025-07-11,3236.69
INV52847,C0047,2025-07-03,2025-08-17,2025-09-19,27844.02
INV52848,C0106,2025-07-03,2025-08-02,2025-07-17,7923.59
INV52849,C0135,2025-07-03,2025-08-02,2025-07-16,1982.71
INV52850,C0162,2025-07-03,2025-08-02,2025-08-24,1243.81
INV52851,C0045,2025-07-04,2025-08-03,2025-07-18,1496.65
INV52852,C0134,2025-07-04,2025-08-03,2025-10-11,1441.48
INV52853,C0160,2025-07-04,2025-08-03,2025-07-15,891.74
INV52854,C0071,2025-07-05,2025-08-04,2025-07-31,1287.41
INV52855,C0176,2025-07-05,2025-08-04,2025-07-17,1459.05
INV52856,C0178,2025-07-05,2025-08-19,2025-10-29,9859.87
INV52857,C0036,2025-07-06,2025-08-05,2025-08-25,1622.87
INV52858,C0061,2025-07-06,2025-08-05,2025-07-11,4384.68
INV52859,C0097,2025-07-06,2025-08-05,2025-07-31,9428.17
INV52860,C0177,2025-07-06,2025-08-05,2025-07-21,1134.61
INV52861,C0066,2025-07-07,2025-08-06,2025-07-13,2746.50
INV52862,C0088,2025-07-07,2025-08-06,2025-08-04,5094.07
INV52863,C0169,2025-07-07,2025-08-06,2025-07-13,1797.01
INV52864,C0022,2025-07-08,2025-08-07,2025-07-19,1969.95
INV52865,C0023,2025-07-08,2025-08-07,2025-07-16,2551.68
INV52866,C0027,2025-07-08,2025-09-06,2025-09-02,23166.42
INV52867,C0070,2025-07-08,2025-08-22,2025-09-18,21793.96
INV52868,C0117,2025-07-08,2025-08-22,2025-12-28,14330.76
INV52869,C0122,2025-07-08,2025-08-22,2025-07-23,9778.78
INV52870,C0155,2025-07-08,2025-08-07,2025-08-31,3037.70
INV52871,C0005,2025-07-09,2025-08-08,2025-07-30,1689.36
INV52872,C0022,2025-07-09,2025-08-08,2025-07-26,9934.75
INV52873,C0025,2025-07-09,2025-08-08,2025-08-05,2626.71
INV52874,C0030,2025-07-09,2025-08-08,2025-08-16,442.64
INV52875,C0078,2025-07-09,2025-08-08,2025-07-20,451.47
INV52876,C0166,2025-07-09,2025-08-23,2025-08-19,6314.38
INV52877,C0001,2025-07-10,2025-08-24,2025-07-23,3364.58
INV52878,C0040,2025-07-10,2025-08-09,2025-08-06,2333.72
INV52879,C0058,2025-07-10,2025-08-09,2025-08-05,908.16
INV52880,C0075,2025-07-10,2025-08-09,2025-08-07,2305.46
INV52881,C0006,2025-07-11,2025-08-25,2025-07-20,23262.73
INV52882,C0024,2025-07-11,2025-08-10,2025-08-10,1437.81
INV52883,C0038,2025-07-11,2025-08-10,2025-07-28,1278.68
INV52884,C0059,2025-07-11,2025-08-25,2025-08-09,5510.45
INV52885,C0089,2025-07-11,2025-08-10,2025-12-15,8177.20
INV52886,C0163,2025-07-11,2025-08-25,2025-12-08,6318.62
INV52887,C0172,2025-07-11,2025-08-10,2025-08-01,1257.96
INV52888,C0016,2025-07-12,2025-08-11,2025-08-11,829.47
INV52889,C0036,2025-07-12,2025-08-11,2025-07-29,1028.62
INV52890,C0051,2025-07-12,2025-08-11,2025-08-16,1047.47
INV52891,C0065,2025-07-12,2025-08-11,2025-11-29,407.41
INV52892,C0071,2025-07-12,2025-08-11,2025-07-31,830.48
INV52893,C0087,2025-07-12,2025-08-11,2025-10-04,1213.17
INV52894,C0003,2025-07-13,2025-08-27,2025-12-10,9710.05
INV52895,C0006,2025-07-13,2025-08-27,2025-08-03,12668.03
INV52896,C0009,2025-07-13,2025-08-12,2025-10-25,2057.88
INV52897,C0023,2025-07-13,2025-08-12,2025-08-05,2802.53
INV52898,C0080,2025-07-13,2025-08-27,2025-07-21,4094.79
INV52899,C0082,2025-07-13,2025-08-12,2025-08-06,7748.42
INV52900,C0166,2025-07-13,2025-08-27,2025-07-24,2985.69
INV52901,C0037,2025-07-14,2025-08-13,2025-12-17,1004.13
INV52902,C0084,2025-07-14,2025-08-13,2025-08-05,1800.42
INV52903,C0106,2025-07-14,2025-08-13,2025-07-23,7490.66
INV52904,C0117,2025-07-14,2025-08-28,2025-08-19,22889.96
INV52905,C0118,2025-07-14,2025-08-13,2025-11-06,2331.61
INV52906,C0020,2025-07-15,2025-08-14,2025-07-21,1945.76
INV52907,C0084,2025-07-15,2025-08-14,2025-08-12,1449.21
INV52908,C0110,2025-07-15,2025-08-14,2025-08-13,2387.35
INV52909,C0076,2025-07-16,2025-08-15,2025-08-13,7032.26
INV52910,C0106,2025-07-16,2025-08-15,2025-08-11,4827.93
INV52911,C0121,2025-07-16,2025-08-15,2025-07-28,1180.99
INV52912,C0140,2025-07-16,2025-08-15,2025-08-04,2151.89
INV52913,C0155,2025-07-16,2025-08-15,2025-08-11,7817.93
INV52914,C0157,2025-07-16,2025-08-15,2025-08-24,2491.54
INV52915,C0014,2025-07-17,2025-08-16,2025-08-11,2456.36
INV52916,C0016,2025-07-17,2025-08-16,2025-10-06,746.96
INV52917,C0052,2025-07-17,2025-08-16,2025-08-07,1342.96
INV52918,C0089,2025-07-17,2025-08-16,2025-07-24,9958.47
INV52919,C0136,2025-07-17,2025-08-16,2025-07-31,2504.20
INV52920,C0029,2025-07-18,2025-08-17,2025-08-08,2390.97
INV52921,C0060,2025-07-18,2025-09-01,2025-07-23,3987.43
INV52922,C0147,2025-07-18,2025-09-01,2025-08-30,26366.37
INV52923,C0147,2025-07-18,2025-09-01,2025-09-01,15808.71
INV52924,C0169,2025-07-18,2025-08-17,2025-08-16,6278.23
INV52925,C0136,2025-07-19,2025-08-18,2026-01-04,868.96
INV52926,C0114,2025-07-20,2025-08-19,2025-08-06,1603.92
INV52927,C9003,2025-07-20,2025-08-19,,2645.77
INV52928,C0006,2025-07-21,2025-09-04,2025-08-10,15826.07
INV52929,C0016,2025-07-21,2025-08-20,2025-07-30,398.65
INV52930,C0034,2025-07-21,2025-08-20,2025-10-07,2177.38
INV52931,C0042,2025-07-21,2025-08-20,2025-08-10,2488.85
INV52932,C0046,2025-07-21,2025-08-20,2025-10-23,564.41
INV52933,C0065,2025-07-21,2025-08-20,2025-10-25,2062.48
INV52934,C0076,2025-07-21,2025-08-20,2025-07-28,9645.92
INV52935,C0088,2025-07-21,2025-08-20,2025-08-12,8567.96
INV52936,C0104,2025-07-21,2025-08-20,2025-10-27,1606.09
INV52937,C0030,2025-07-22,2025-08-21,2025-07-27,1623.13
INV52938,C0039,2025-07-22,2025-08-21,2025-08-17,2090.78
INV52939,C0051,2025-07-22,2025-08-21,2025-12-24,2139.79
INV52940,C0065,2025-07-22,2025-08-21,2025-08-01,2713.80
INV52941,C0094,2025-07-22,2025-09-05,2025-08-28,8842.73
INV52942,C0112,2025-07-22,2025-08-21,2025-08-18,725.40
INV52943,C0114,2025-07-22,2025-08-21,2025-08-02,1853.78
INV52944,C0119,2025-07-22,2025-09-05,2025-08-31,25171.35
INV52945,C0009,2025-07-23,2025-08-22,2025-08-19,1950.32
INV52946,C0040,2025-07-23,2025-08-22,2025-08-07,1948.62
INV52947,C0082,2025-07-23,2025-08-22,2025-08-10,8459.53
INV52948,C0127,2025-07-23,2025-09-06,2025-08-16,7276.89
INV52949,C0129,2025-07-23,2025-08-22,2025-08-16,1057.46
INV52950,C0071,2025-07-24,2025-08-23,2025-08-05,898.04
INV52951,C0077,2025-07-24,2025-09-07,2025-10-05,3415.23
INV52952,C0165,2025-07-24,2025-08-23,2025-08-21,2764.93
INV52953,C0028,2025-07-25,2025-08-24,2025-10-21,1956.39
INV52954,C0064,2025-07-25,2025-09-08,2025-08-01,21611.87
INV52955,C0075,2025-07-25,2025-08-24,2025-08-07,2708.49
INV52956,C0079,2025-07-25,2025-08-24,2025-09-16,1727.10
INV52957,C0090,2025-07-25,2025-08-24,2025-08-15,2565.49
INV52958,C0109,2025-07-25,2025-08-24,2025-08-14,2136.23
INV52959,C0112,2025-07-25,2025-08-24,2025-08-28,2576.00
INV52960,C0125,2025-07-25,2025-08-24,2025-10-29,2489.93
INV52961,C0175,2025-07-25,2025-08-24,2026-01-10,624.35
INV52962,C0057,2025-07-26,2025-09-09,2025-08-29,1772.78
INV52963,C0168,2025-07-26,2025-08-25,2025-08-19,2265.69
INV52964,C0177,2025-07-26,2025-08-25,2025-08-22,1979.12
INV52965,C0179,2025-07-26,2025-09-09,2025-08-14,6874.23
INV52966,C0106,2025-07-27,2025-08-26,2025-08-24,3367.91
INV52967,C0111,2025-07-27,2025-08-26,2025-08-13,1325.97
INV52968,C0124,2025-07-27,2025-08-26,2025-08-02,805.04
INV52969,C0169,2025-07-27,2025-08-26,2025-12-12,4436.80
INV52970,C0019,2025-07-28,2025-09-11,2025-12-26,6185.84
INV52971,C0082,2025-07-28,2025-08-27,2025-08-13,6970.45
INV52972,C0165,2025-07-28,2025-08-27,2025-08-23,1668.08
INV52973,C0024,2025-07-29,2025-08-28,2025-09-15,2492.45
INV52974,C0026,2025-07-29,2025-09-12,2025-08-03,3876.01
INV52975,C0046,2025-07-29,2025-08-28,2025-09-04,1800.41
INV52976,C0053,2025-07-29,2025-08-28,2025-08-25,2693.85
INV52977,C0106,2025-07-29,2025-08-28,2025-08-24,7837.86
INV52978,C0123,2025-07-29,2025-08-28,2025-08-17,2341.28
INV52979,C0148,2025-07-29,2025-08-28,2025-08-25,9449.46
INV52980,C0078,2025-07-30,2025-08-29,2025-09-16,2518.83
INV52981,C0111,2025-07-30,2025-08-29,2025-09-28,2019.82
INV52982,C0126,2025-07-30,2025-08-29,2025-08-09,8406.21
INV52983,C0146,2025-07-30,2025-08-29,2025-09-12,2429.97
INV52984,C0147,2025-07-30,2025-09-13,2025-11-29,11858.68
INV52985,C0151,2025-07-30,2025-08-29,2025-12-10,2418.81
INV52986,C0167,2025-07-30,2025-09-13,2025-08-25,16073.02
INV52987,C0172,2025-07-30,2025-08-29,2025-08-08,2617.58
INV52988,C0050,2025-07-31,2025-08-30,2025-08-10,4838.02
INV52989,C0001,2025-08-01,2025-09-15,2025-08-08,9448.37
INV52990,C0075,2025-08-01,2025-08-31,2025-08-30,1327.25
INV52991,C0083,2025-08-01,2025-08-31,2025-08-28,871.72
INV52992,C0093,2025-08-01,2025-08-31,2025-08-22,2720.57
INV52993,C0138,2025-08-01,2025-08-31,2025-08-31,2818.94
INV52994,C0159,2025-08-01,2025-08-31,2025-08-16,2803.73
INV52995,C0026,2025-08-02,2025-09-16,2025-09-10,4678.93
INV52996,C0078,2025-08-02,2025-09-01,2025-10-01,2503.87
INV52997,C0119,2025-08-02,2025-09-16,2025-09-18,27597.55
INV52998,C0027,2025-08-03,2025-10-02,2025-08-20,29145.16
INV52999,C0057,2025-08-03,2025-09-17,2026-01-29,2263.07
INV53000,C0073,2025-08-03,2025-09-02,2025-08-15,1549.30
INV53001,C0075,2025-08-03,2025-09-02,2025-08-13,2456.76
INV53002,C0080,2025-08-03,2025-09-17,2025-10-28,10809.66
INV53003,C0104,2025-08-03,2025-09-02,2025-08-22,2158.63
INV53004,C0152,2025-08-03,2025-09-02,2025-08-20,4773.67
INV53005,C0019,2025-08-04,2025-09-18,2025-09-04,2410.19
INV53006,C0043,2025-08-04,2025-09-03,2025-08-24,11093.46
INV53007,C0137,2025-08-04,2025-09-03,2025-10-21,684.28
INV53008,C0141,2025-08-04,2025-09-03,2025-08-27,8079.99
INV53009,C0061,2025-08-05,2025-09-04,2025-08-12,5176.85
INV53010,C0062,2025-08-05,2025-09-04,2025-10-09,2811.87
INV53011,C0063,2025-08-05,2025-09-19,2025-09-14,10445.63
INV53012,C0072,2025-08-05,2025-09-19,2025-11-17,6455.45
INV53013,C0123,2025-08-05,2025-09-04,2025-08-20,684.04
INV53014,C0130,2025-08-05,2025-09-04,2025-08-22,2547.46
INV53015,C0179,2025-08-05,2025-09-19,2025-08-31,37988.70
INV53016,C0038,2025-08-06,2025-09-05,2025-08-12,2309.85
INV53017,C0082,2025-08-06,2025-09-05,2025-08-30,11033.35
INV53018,C0082,2025-08-06,2025-09-05,2025-10-03,2293.42
INV53019,C0088,2025-08-06,2025-09-05,2025-12-24,6780.59
INV53020,C0092,2025-08-06,2025-09-05,2025-10-21,2220.13
INV53021,C0118,2025-08-06,2025-09-05,2025-08-30,546.14
INV53022,C0147,2025-08-06,2025-09-20,2025-11-09,28837.67
INV53023,C0168,2025-08-06,2025-09-05,2025-09-21,1211.33
INV53024,C0108,2025-08-07,2025-09-21,2025-08-24,10473.11
INV53025,C0150,2025-08-07,2025-09-06,2025-09-04,7161.15
INV53026,C0155,2025-08-07,2025-09-06,2025-11-18,6081.61
INV53027,C0166,2025-08-07,2025-09-21,2025-08-17,7486.90
INV53028,C0006,2025-08-08,2025-09-22,2025-08-14,10654.67
INV53029,C0038,2025-08-08,2025-09-07,2025-08-16,1027.76
INV53030,C0036,2025-08-09,2025-09-08,2025-09-03,2677.29
INV53031,C0072,2025-08-09,2025-09-23,2025-09-12,9700.49
INV53032,C0095,2025-08-09,2025-09-23,2025-08-30,6037.08
INV53033,C0096,2025-08-09,2025-09-08,2025-11-07,1879.04
INV53034,C0052,2025-08-10,2025-09-09,2025-08-23,2234.44
INV53035,C0070,2025-08-10,2025-09-24,2025-09-06,35069.02
INV53036,C0119,2025-08-10,2025-09-24,2025-08-23,26766.38
INV53037,C0124,2025-08-10,2025-09-09,2025-08-20,1906.33
INV53038,C0167,2025-08-10,2025-09-24,2025-09-05,17535.64
INV53039,C0017,2025-08-11,2025-09-10,2025-11-10,2095.52
INV53040,C0020,2025-08-11,2025-09-10,2025-09-30,10565.39
INV53041,C0063,2025-08-11,2025-09-25,2025-09-24,10883.39
INV53042,C0144,2025-08-11,2025-09-10,2025-08-28,2529.89
INV53043,C0179,2025-08-11,2025-09-25,2025-12-18,22922.09
INV53044,C0062,2025-08-12,2025-09-11,2025-09-05,1676.33
INV53045,C0067,2025-08-12,2025-09-11,2025-09-10,1816.59
INV53046,C0155,2025-08-12,2025-09-11,2025-08-29,3710.97
INV53047,C0173,2025-08-12,2025-09-26,2025-09-20,7293.72
INV53048,C0031,2025-08-13,2025-09-12,2025-08-28,1197.72
INV53049,C0042,2025-08-13,2025-09-12,2025-09-01,1409.05
INV53050,C0097,2025-08-13,2025-09-12,2025-10-19,7733.41
INV53051,C0105,2025-08-13,2025-09-12,2025-08-28,2384.38
INV53052,C0122,2025-08-13,2025-09-27,2025-09-24,7392.63
INV53053,C0151,2025-08-13,2025-09-12,2025-08-25,2912.16
INV53054,C0173,2025-08-13,2025-09-27,2025-09-23,10377.19
INV53055,C0174,2025-08-13,2025-09-12,2025-09-03,731.52
INV53056,C0179,2025-08-13,2025-09-27,2025-09-20,28543.62
INV53057,C0063,2025-08-14,2025-09-28,2025-08-31,3995.14
INV53058,C0088,2025-08-14,2025-09-13,2025-09-05,4759.64
INV53059,C0145,2025-08-14,2025-09-28,2025-09-22,4554.27
INV53060,C0179,2025-08-14,2025-09-28,2025-08-30,26999.25
INV53061,C0022,2025-08-15,2025-09-14,2025-09-14,10582.46
INV53062,C0056,2025-08-15,2025-09-14,2025-09-14,2046.51
INV53063,C0115,2025-08-15,2025-09-14,2025-09-24,2879.16
INV53064,C0018,2025-08-16,2025-09-15,2025-09-29,1231.02
INV53065,C0030,2025-08-16,2025-09-15,2025-09-25,765.51
INV53066,C0036,2025-08-16,2025-09-15,2025-09-06,889.82
INV53067,C0082,2025-08-16,2025-09-15,2025-08-26,9691.35
INV53068,C0166,2025-08-16,2025-09-30,2025-09-26,10519.60
INV53069,C0004,2025-08-17,2025-10-01,2025-10-01,5202.70
INV53070,C0007,2025-08-17,2025-09-16,2025-09-10,2207.74
INV53071,C0025,2025-08-17,2025-09-16,2025-09-16,945.05
INV53072,C0073,2025-08-17,2025-09-16,2025-09-12,635.42
INV53073,C0117,2025-08-17,2025-10-01,2025-09-23,36685.38
INV53074,C0106,2025-08-18,2025-09-17,2025-09-13,9739.57
INV53075,C0131,2025-08-18,2025-09-17,2025-08-25,2649.39
INV53076,C0001,2025-08-19,2025-10-03,2025-09-13,9351.49
INV53077,C0004,2025-08-19,2025-10-03,2025-09-17,4578.16
INV53078,C0015,2025-08-19,2025-09-18,2025-08-28,2581.73
INV53079,C0116,2025-08-19,2025-09-18,2025-09-28,1158.34
INV53080,C0125,2025-08-19,2025-09-18,2025-09-02,1503.88
INV53081,C0128,2025-08-19,2025-09-18,2025-12-04,1405.60
INV53082,C0155,2025-08-19,2025-09-18,2025-09-16,6479.88
INV53083,C0001,2025-08-20,2025-10-04,2025-09-23,8618.98
INV53084,C0022,2025-08-20,2025-09-19,2025-11-07,9244.51
INV53085,C0037,2025-08-20,2025-09-19,2025-09-16,2169.63
INV53086,C0064,2025-08-20,2025-10-04,2025-09-29,20687.49
INV53087,C0069,2025-08-20,2025-09-19,2025-08-25,696.43
INV53088,C0079,2025-08-20,2025-09-19,2025-09-23,2290.13
INV53089,C0080,2025-08-20,2025-10-04,2025-09-13,8461.59
INV53090,C0085,2025-08-20,2025-09-19,2025-09-05,714.51
INV53091,C0126,2025-08-20,2025-09-19,2025-10-01,7897.02
INV53092,C0022,2025-08-21,2025-09-20,2026-01-23,10303.69
INV53093,C0032,2025-08-21,2025-09-20,2025-12-07,9011.91
INV53094,C0106,2025-08-21,2025-09-20,2025-09-16,7443.81
INV53095,C0116,2025-08-21,2025-09-20,2025-09-20,2165.30
INV53096,C0133,2025-08-21,2025-10-05,2025-09-11,4727.26
INV53097,C0032,2025-08-22,2025-09-21,2025-09-14,4136.98
INV53098,C0079,2025-08-22,2025-09-21,2025-08-27,430.12
INV53099,C0094,2025-08-22,2025-10-06,2025-10-04,10400.74
INV53100,C0130,2025-08-22,2025-09-21,2025-12-05,987.80
INV53101,C0179,2025-08-22,2025-10-06,2025-10-05,18084.61
INV53102,C0040,2025-08-23,2025-09-22,2025-09-09,1079.21
INV53103,C0098,2025-08-23,2025-09-22,2026-02-07,1726.67
INV53104,C0111,2025-08-23,2025-09-22,2025-10-09,3027.38
INV53105,C0141,2025-08-23,2025-09-22,2025-11-18,8660.22
INV53106,C0163,2025-08-23,2025-10-07,2025-09-05,2058.46
INV53107,C0007,2025-08-24,2025-09-23,2025-12-02,792.00
INV53108,C0043,2025-08-24,2025-09-23,2025-10-14,3444.80
INV53109,C0043,2025-08-24,2025-09-23,2025-11-07,4632.15
INV53110,C0055,2025-08-24,2025-09-23,2025-09-01,5209.96
INV53111,C0075,2025-08-24,2025-09-23,2025-09-10,3028.99
INV53112,C0083,2025-08-24,2025-09-23,2025-09-05,529.36
INV53113,C0143,2025-08-24,2025-09-23,2025-09-14,1303.72
INV53114,C0014,2025-08-25,2025-09-24,2025-09-12,2359.03
INV53115,C0038,2025-08-25,2025-09-24,2025-09-17,1491.21
INV53116,C0081,2025-08-25,2025-09-24,2025-09-13,589.52
INV53117,C0090,2025-08-25,2025-09-24,2025-10-01,2761.16
INV53118,C0113,2025-08-25,2025-09-24,2025-09-03,650.45
INV53119,C0172,2025-08-25,2025-09-24,2025-09-13,498.62
INV53120,C0032,2025-08-26,2025-09-25,2025-09-24,3988.80
INV53121,C0054,2025-08-26,2025-10-25,2025-12-30,35045.28
INV53122,C0102,2025-08-26,2025-09-25,2025-11-09,1390.94
INV53123,C0145,2025-08-26,2025-10-10,2025-09-30,3865.71
INV53124,C0166,2025-08-26,2025-10-10,2025-09-22,8430.36
INV53125,C0013,2025-08-27,2025-09-26,2025-09-16,1685.93
INV53126,C0032,2025-08-27,2025-09-26,2025-09-17,10898.62
INV53127,C0033,2025-08-27,2025-09-26,2025-09-02,1526.01
INV53128,C0068,2025-08-27,2025-10-11,2025-09-29,16508.25
INV53129,C0114,2025-08-27,2025-09-26,2026-01-30,1759.65
INV53130,C0118,2025-08-27,2025-09-26,2025-09-05,2863.63
INV53131,C0148,2025-08-27,2025-09-26,2025-09-19,9100.57
INV53132,C0148,2025-08-27,2025-09-26,2025-09-13,4806.08
INV53133,C0083,2025-08-28,2025-09-27,2025-10-22,798.28
INV53134,C0099,2025-08-28,2025-09-27,2025-09-22,665.02
INV53135,C0153,2025-08-28,2025-09-27,2025-11-09,1930.55
INV53136,C0104,2025-08-29,2025-09-28,2025-09-18,687.31
INV53137,C0060,2025-08-30,2025-10-14,2025-09-14,11422.45
INV53138,C0122,2025-08-30,2025-10-14,2025-10-08,7381.64
INV53139,C0167,2025-08-30,2025-10-14,2025-11-01,30276.59
INV53140,C0046,2025-08-31,2025-09-30,2025-10-12,1135.36
INV53141,C0091,2025-08-31,2025-09-30,2025-09-28,516.27
INV53142,C0144,2025-08-31,2025-09-30,2025-09-18,2226.77
INV53143,C0147,2025-08-31,2025-10-15,2025-10-10,20198.73
INV53144,C0008,2025-09-01,2025-10-01,2025-09-25,2540.09
INV53145,C0062,2025-09-01,2025-10-01,2025-09-27,904.26
INV53146,C0065,2025-09-01,2025-10-01,2025-09-14,3198.07
INV53147,C0079,2025-09-01,2025-10-01,2025-09-13,1604.67
INV53148,C0167,2025-09-01,2025-10-16,2025-10-08,32938.23
INV53149,C0013,2025-09-02,2025-10-02,2026-01-19,2390.55
INV53150,C0023,2025-09-02,2025-10-02,2025-09-09,2643.47
INV53151,C0076,2025-09-02,2025-10-02,2026-01-24,10374.38
INV53152,C0100,2025-09-02,2025-10-02,2025-09-25,5037.67
INV53153,C0173,2025-09-02,2025-10-17,2026-01-20,4867.76
INV53154,C0175,2025-09-02,2025-10-02,2025-09-19,2563.40
INV53155,C0013,2025-09-03,2025-10-03,2025-09-09,1354.18
INV53156,C0041,2025-09-03,2025-10-18,2025-10-13,11585.76
INV53157,C0053,2025-09-03,2025-10-03,2025-09-28,749.53
INV53158,C0082,2025-09-03,2025-10-03,2025-10-10,9278.05
INV53159,C0126,2025-09-03,2025-10-03,2026-01-13,2651.12
INV53160,C0150,2025-09-03,2025-10-03,2025-09-19,5734.45
INV53161,C0156,2025-09-03,2025-10-18,2025-09-25,11575.99
INV53162,C0167,2025-09-03,2025-10-18,2026-01-10,11714.77
INV53163,C0055,2025-09-04,2025-10-04,2025-09-23,5689.79
INV53164,C0060,2025-09-04,2025-10-19,2025-09-18,9207.41
INV53165,C0074,2025-09-04,2025-10-04,2025-10-19,2942.82
INV53166,C0094,2025-09-04,2025-10-19,2025-10-08,9889.62
INV53167,C0108,2025-09-04,2025-10-19,2025-09-10,7579.00
INV53168,C0027,2025-09-05,2025-11-04,2025-10-10,28009.41
INV53169,C0072,2025-09-05,2025-10-20,2026-01-09,4854.11
INV53170,C0151,2025-09-05,2025-10-05,2025-09-15,1590.60
INV53171,C0164,2025-09-05,2025-10-05,2025-10-03,2071.71
INV53172,C0010,2025-09-06,2025-10-06,2025-09-23,2993.87
INV53173,C0011,2025-09-06,2025-10-06,2025-09-30,2200.28
INV53174,C0054,2025-09-06,2025-11-05,2025-11-03,22984.71
INV53175,C0107,2025-09-06,2025-10-06,2025-09-24,1751.13
INV53176,C0123,2025-09-06,2025-10-06,2025-09-29,2569.99
INV53177,C0129,2025-09-06,2025-10-06,2025-10-04,2552.02
INV53178,C0144,2025-09-06,2025-10-06,2025-10-01,1429.30
INV53179,C0172,2025-09-06,2025-10-06,2025-09-24,1581.42
INV53180,C0051,2025-09-08,2025-10-08,2025-09-21,1958.92
INV53181,C0053,2025-09-08,2025-10-08,2025-11-05,2680.44
INV53182,C0061,2025-09-08,2025-10-08,2025-10-02,4158.80
INV53183,C0088,2025-09-08,2025-10-08,2025-10-02,8534.71
INV53184,C0131,2025-09-08,2025-10-08,2025-12-22,2817.49
INV53185,C0158,2025-09-08,2025-10-08,2025-10-07,1536.45
INV53186,C0171,2025-09-08,2025-10-23,2025-11-05,9496.32
INV53187,C0180,2025-09-08,2025-10-08,2025-10-07,2220.66
INV53188,C0015,2025-09-09,2025-10-09,2025-10-06,925.08
INV53189,C0035,2025-09-09,2025-11-08,2025-10-17,38061.27
INV53190,C0072,2025-09-09,2025-10-24,2025-10-02,2864.30
INV53191,C0077,2025-09-09,2025-10-24,2025-12-12,10018.23
INV53192,C0162,2025-09-09,2025-10-09,2025-09-30,1773.25
INV53193,C0163,2025-09-09,2025-10-24,2025-09-22,2058.72
INV53194,C0011,2025-09-10,2025-10-10,2025-10-04,1457.77
INV53195,C0030,2025-09-10,2025-10-10,2025-10-09,2569.35
INV53196,C0156,2025-09-10,2025-10-25,2025-11-21,10202.42
INV53197,C0009,2025-09-11,2025-10-11,2025-10-06,2958.82
INV53198,C0021,2025-09-11,2025-10-11,2025-10-03,1448.43
INV53199,C0040,2025-09-11,2025-10-11,2025-10-06,1619.03
INV53200,C0063,2025-09-11,2025-10-26,2025-10-26,4242.21
INV53201,C0095,2025-09-11,2025-10-26,2025-10-26,7845.75
INV53202,C0100,2025-09-11,2025-10-11,2025-09-18,3648.37
INV53203,C0104,2025-09-11,2025-10-11,2025-10-10,423.82
INV53204,C0109,2025-09-11,2025-10-11,2025-10-09,549.76
INV53205,C0148,2025-09-11,2025-10-11,2025-09-29,8985.76
INV53206,C0006,2025-09-12,2025-10-27,2025-10-14,15784.37
INV53207,C0010,2025-09-12,2025-10-12,2025-10-07,2075.74
INV53208,C0044,2025-09-12,2025-10-12,2025-09-24,4285.82
INV53209,C0055,2025-09-12,2025-10-12,2025-10-02,9568.28
INV53210,C0063,2025-09-12,2025-10-27,2025-09-26,3094.78
INV53211,C0121,2025-09-12,2025-10-12,2025-09-17,2147.13
INV53212,C0147,2025-09-12,2025-10-27,2025-09-22,33023.39
INV53213,C0149,2025-09-12,2025-10-12,2025-09-29,3328.45
INV53214,C0059,2025-09-13,2025-10-28,2025-10-01,7825.87
INV53215,C0066,2025-09-13,2025-10-13,2025-09-19,1019.03
INV53216,C0070,2025-09-13,2025-10-28,2025-10-20,24000.63
INV53217,C0103,2025-09-13,2025-10-13,2025-11-11,1757.74
INV53218,C0015,2025-09-14,2025-10-14,2025-10-15,1698.68
INV53219,C0051,2025-09-14,2025-10-14,2025-10-26,434.56
INV53220,C0082,2025-09-14,2025-10-14,2025-09-24,7629.32
INV53221,C0090,2025-09-14,2025-10-14,2025-09-29,2000.73
INV53222,C0112,2025-09-14,2025-10-14,2025-09-24,2634.40
INV53223,C0130,2025-09-14,2025-10-14,2025-10-04,1653.62
INV53224,C0134,2025-09-14,2025-10-14,2025-09-26,3151.94
INV53225,C0044,2025-09-15,2025-10-15,2025-10-07,7246.58
INV53226,C0044,2025-09-15,2025-10-15,2026-01-28,7181.54
INV53227,C0048,2025-09-15,2025-10-15,2026-01-02,2331.39
INV53228,C0101,2025-09-15,2025-10-30,2025-10-01,24271.38
INV53229,C0152,2025-09-15,2025-10-15,2025-09-23,3033.28
INV53230,C0159,2025-09-15,2025-10-15,2025-09-29,7485.43
INV53231,C0162,2025-09-15,2025-10-15,2025-09-21,2193.55
INV53232,C0037,2025-09-16,2025-10-16,2025-09-28,2690.60
INV53233,C0045,2025-09-16,2025-10-16,2025-10-06,1615.75
INV53234,C0071,2025-09-16,2025-10-16,2025-11-02,1287.05
INV53235,C0091,2025-09-16,2025-10-16,2025-10-07,2866.12
INV53236,C0120,2025-09-16,2025-10-16,2025-10-14,571.36
INV53237,C0149,2025-09-16,2025-10-16,2025-10-03,5699.51
INV53238,C0006,2025-09-17,2025-11-01,2025-10-15,29737.25
INV53239,C0021,2025-09-17,2025-10-17,2025-11-22,1485.16
INV53240,C0077,2025-09-17,2025-11-01,2025-09-24,10387.40
INV53241,C0112,2025-09-17,2025-10-17,2025-10-09,3182.60
INV53242,C0037,2025-09-18,2025-10-18,2025-09-27,2730.88
INV53243,C0053,2025-09-18,2025-10-18,2025-10-18,2472.62
INV53244,C0059,2025-09-18,2025-11-02,2025-10-11,8865.21
INV53245,C0089,2025-09-18,2025-10-18,2025-10-15,7291.24
INV53246,C0144,2025-09-18,2025-10-18,2025-10-04,3219.32
INV53247,C0013,2025-09-19,2025-10-19,2025-10-09,2023.45
INV53248,C0049,2025-09-19,2025-10-19,2025-09-27,2659.17
INV53249,C0055,2025-09-19,2025-10-19,2025-09-28,10159.56
INV53250,C0119,2025-09-19,2025-11-03,2025-10-24,13356.99
INV53251,C0138,2025-09-19,2025-10-19,2025-10-15,869.56
INV53252,C0003,2025-09-20,2025-11-04,2025-10-17,10041.49
INV53253,C0018,2025-09-20,2025-10-20,2025-09-29,2798.65
INV53254,C0019,2025-09-20,2025-11-04,2025-10-02,7955.17
INV53255,C0027,2025-09-20,2025-11-19,2025-10-01,10031.67
INV53256,C0047,2025-09-20,2025-11-04,2025-10-10,31714.29
INV53257,C0063,2025-09-20,2025-11-04,2025-10-16,4962.33
INV53258,C0078,2025-09-20,2025-10-20,2025-09-25,710.32
INV53259,C0085,2025-09-20,2025-10-20,2025-12-10,1923.29
INV53260,C0085,2025-09-20,2025-10-20,2025-10-06,830.76
INV53261,C0093,2025-09-20,2025-10-20,2025-10-19,6505.40
INV53262,C0105,2025-09-20,2025-10-20,2026-02-10,3107.87
INV53263,C0148,2025-09-21,2025-10-21,2025-09-29,10725.15
INV53264,C0038,2025-09-22,2025-10-22,2026-02-26,845.54
INV53265,C0111,2025-09-22,2025-10-22,2025-10-17,1246.92
INV53266,C0002,2025-09-23,2025-11-22,2025-10-19,26668.95
INV53267,C0014,2025-09-23,2025-10-23,2025-10-09,665.92
INV53268,C0022,2025-09-23,2025-10-23,2025-09-30,5647.31
INV53269,C0059,2025-09-23,2025-11-07,2025-10-04,11232.31
INV53270,C0062,2025-09-23,2025-10-23,2025-10-07,1389.35
INV53271,C0001,2025-09-24,2025-11-08,2025-10-16,6030.87
INV53272,C0026,2025-09-24,2025-11-08,2025-10-27,4557.01
INV53273,C0055,2025-09-24,2025-10-24,2025-10-01,7609.07
INV53274,C0080,2025-09-24,2025-11-08,2025-10-17,4584.41
INV53275,C0087,2025-09-24,2025-10-24,2025-12-25,446.91
INV53276,C0135,2025-09-24,2025-10-24,2025-10-28,1475.45
INV53277,C0158,2025-09-24,2025-10-24,2025-10-05,2159.54
INV53278,C0160,2025-09-24,2025-10-24,2025-10-15,2795.38
INV53279,C0177,2025-09-24,2025-10-24,2025-10-21,1991.10
INV53280,C0032,2025-09-25,2025-10-25,2025-10-02,6131.92
INV53281,C0067,2025-09-25,2025-10-25,2025-12-11,2920.55
INV53282,C0166,2025-09-25,2025-11-09,2025-11-22,3990.43
INV53283,C0034,2025-09-26,2025-10-26,2025-10-11,1749.93
INV53284,C0042,2025-09-26,2025-10-26,2025-10-05,2941.22
INV53285,C0045,2025-09-26,2025-10-26,2025-10-21,2306.54
INV53286,C0048,2025-09-26,2025-10-26,2025-10-22,2579.48
INV53287,C0069,2025-09-26,2025-10-26,2025-10-08,1392.67
INV53288,C0072,2025-09-26,2025-11-10,2025-10-17,3098.01
INV53289,C0075,2025-09-26,2025-10-26,2025-10-08,3147.27
INV53290,C0143,2025-09-26,2025-10-26,2025-10-22,854.74
INV53291,C0017,2025-09-27,2025-10-27,2025-10-06,2410.91
INV53292,C0028,2025-09-27,2025-10-27,2025-10-19,730.11
INV53293,C0028,2025-09-27,2025-10-27,2025-11-27,662.36
INV53294,C0068,2025-09-27,2025-11-11,2025-10-22,29507.05
INV53295,C0081,2025-09-27,2025-10-27,2025-10-15,1572.88
INV53296,C0111,2025-09-27,2025-10-27,2025-10-14,2690.89
INV53297,C0147,2025-09-27,2025-11-11,2025-10-07,12014.95
INV53298,C0151,2025-09-27,2025-10-27,2025-12-25,2180.07
INV53299,C0166,2025-09-27,2025-11-11,2025-10-08,10966.14
INV53300,C0167,2025-09-27,2025-11-11,2025-11-07,11176.87
INV53301,C0168,2025-09-27,2025-10-27,2025-11-13,794.70
INV53302,C0034,2025-09-28,2025-10-28,2025-10-27,2525.96
INV53303,C0056,2025-09-28,2025-10-28,2025-10-06,2329.02
INV53304,C0077,2025-09-28,2025-11-12,2025-11-12,2827.42
INV53305,C0149,2025-09-28,2025-10-28,2025-11-09,7682.08
INV53306,C0015,2025-09-29,2025-10-29,2025-10-17,1511.97
INV53307,C0032,2025-09-29,2025-10-29,2025-10-22,6030.92
INV53308,C0034,2025-09-29,2025-10-29,2025-11-17,945.85
INV53309,C0075,2025-09-29,2025-10-29,2026-02-28,2673.35
INV53310,C0017,2025-09-30,2025-10-30,2025-10-23,627.27
INV53311,C0095,2025-09-30,2025-11-14,2025-10-23,7012.51
INV53312,C0136,2025-09-30,2025-10-30,2025-10-30,1990.07
INV53313,C0170,2025-09-30,2025-10-30,2025-10-05,3118.75
INV53314,C0170,2025-09-30,2025-10-30,,523.22
INV53315,C0012,2025-10-01,2025-10-31,2026-01-20,724.53
INV53316,C0013,2025-10-01,2025-10-31,2025-10-21,1253.14
INV53317,C0042,2025-10-01,2025-10-31,2025-12-13,932.26
INV53318,C0066,2025-10-01,2025-10-31,2025-10-19,779.02
INV53319,C0068,2025-10-01,2025-11-15,2025-11-10,28332.02
INV53320,C0080,2025-10-01,2025-11-15,2025-12-04,4027.51
INV53321,C0088,2025-10-01,2025-10-31,,6829.08
INV53322,C0163,2025-10-01,2025-11-15,,2959.98
INV53323,C0060,2025-10-02,2025-11-16,2026-01-31,3164.54
INV53324,C0156,2025-10-02,2025-11-16,,8619.18
INV53325,C0042,2025-10-03,2025-11-02,2025-11-10,2184.85
INV53326,C0067,2025-10-03,2025-11-02,2025-11-21,2109.93
INV53327,C0074,2025-10-03,2025-11-02,2026-01-05,804.23
INV53328,C0079,2025-10-03,2025-11-02,2025-10-24,2541.00
INV53329,C0124,2025-10-03,2025-11-02,2026-02-10,1000.32
INV53330,C0177,2025-10-03,2025-11-02,2025-10-22,1880.98
INV53331,C0036,2025-10-04,2025-11-03,2025-10-14,1644.77
INV53332,C0056,2025-10-04,2025-11-03,2026-01-10,1079.34
INV53333,C0068,2025-10-04,2025-11-18,2025-10-28,16298.12
INV53334,C0143,2025-10-04,2025-11-03,2025-11-24,1925.05
INV53335,C0052,2025-10-05,2025-11-04,2025-10-25,1328.82
INV53336,C0080,2025-10-05,2025-11-19,2025-10-16,2285.49
INV53337,C0085,2025-10-05,2025-11-04,2025-10-16,808.88
INV53338,C0101,2025-10-05,2025-11-19,2025-11-17,29935.91
INV53339,C0098,2025-10-06,2025-11-05,2025-10-17,2193.38
INV53340,C0124,2025-10-06,2025-11-05,2025-10-16,572.44
INV53341,C0132,2025-10-06,2025-11-05,2025-10-18,2199.23
INV53342,C0151,2025-10-06,2025-11-05,2025-10-15,2533.49
INV53343,C0153,2025-10-06,2025-11-05,,784.52
INV53344,C0052,2025-10-07,2025-11-06,2025-10-28,721.97
INV53345,C0085,2025-10-07,2025-11-06,2025-10-22,1712.46
INV53346,C0093,2025-10-07,2025-11-06,2025-10-24,4428.50
INV53347,C0127,2025-10-07,2025-11-21,2025-10-18,4909.18
INV53348,C0164,2025-10-07,2025-11-06,2025-10-12,2456.75
INV53349,C0003,2025-10-08,2025-11-22,2025-11-11,5349.22
INV53350,C0023,2025-10-08,2025-11-07,2025-10-25,8548.99
INV53351,C0047,2025-10-08,2025-11-22,2025-11-03,23323.28
INV53352,C0048,2025-10-08,2025-11-07,2025-11-20,338.22
INV53353,C0051,2025-10-08,2025-11-07,2025-10-30,732.17
INV53354,C0065,2025-10-08,2025-11-07,2026-02-10,1362.35
INV53355,C0089,2025-10-08,2025-11-07,2025-10-22,9063.14
INV53356,C0055,2025-10-09,2025-11-08,2025-10-31,5149.25
INV53357,C0069,2025-10-09,2025-11-08,2025-11-18,1255.39
INV53358,C0077,2025-10-09,2025-11-23,2026-01-22,5338.80
INV53359,C0078,2025-10-09,2025-11-08,2025-10-25,2532.97
INV53360,C0126,2025-10-09,2025-11-08,2025-12-08,2495.43
INV53361,C0154,2025-10-09,2025-11-08,2026-01-21,603.09
INV53362,C0009,2025-10-10,2025-11-09,2025-11-09,2672.81
INV53363,C0055,2025-10-10,2025-11-09,2025-10-30,4042.78
INV53364,C0061,2025-10-10,2025-11-09,2025-10-27,2697.04
INV53365,C0070,2025-10-10,2025-11-24,2025-12-18,30151.23
INV53366,C0110,2025-10-10,2025-11-09,2025-10-28,2219.79
INV53367,C0126,2025-10-10,2025-11-09,2025-10-30,3559.96
INV53368,C0137,2025-10-10,2025-11-09,2025-11-04,838.79
INV53369,C0007,2025-10-11,2025-11-10,2025-10-26,1626.37
INV53370,C0015,2025-10-11,2025-11-10,2025-10-23,460.93
INV53371,C0090,2025-10-11,2025-11-10,2025-10-22,2028.91
INV53372,C0026,2025-10-12,2025-11-26,2025-10-27,8082.29
INV53373,C0080,2025-10-12,2025-11-26,2025-10-24,7260.79
INV53374,C0093,2025-10-12,2025-11-11,2025-10-30,4111.82
INV53375,C9001,2025-10-12,2025-11-11,,3437.59
INV53376,C0078,2025-10-13,2025-11-12,2025-10-23,2383.84
INV53377,C0110,2025-10-13,2025-11-12,2025-10-20,2171.47
INV53378,C0127,2025-10-13,2025-11-27,2026-02-03,8260.99
INV53379,C0148,2025-10-13,2025-11-12,2026-01-25,7730.12
INV53380,C0162,2025-10-13,2025-11-12,,589.02
INV53381,C0165,2025-10-13,2025-11-12,2026-01-20,1729.97
INV53382,C0178,2025-10-14,2025-11-28,2025-11-26,8993.62
INV53383,C0002,2025-10-15,2025-12-14,2025-12-12,26545.54
INV53384,C0022,2025-10-15,2025-11-14,2025-10-25,7017.19
INV53385,C0048,2025-10-15,2025-11-14,2025-11-10,2722.17
INV53386,C0060,2025-10-15,2025-11-29,,4717.46
INV53387,C0107,2025-10-15,2025-11-14,2025-11-07,410.28
INV53388,C0130,2025-10-15,2025-11-14,2025-11-12,911.19
INV53389,C0157,2025-10-15,2025-11-14,2025-11-14,1023.91
INV53390,C0021,2025-10-16,2025-11-15,2026-02-13,783.70
INV53391,C0028,2025-10-16,2025-11-15,2025-10-26,784.14
INV53392,C0049,2025-10-16,2025-11-15,2025-12-26,1345.04
INV53393,C0126,2025-10-16,2025-11-15,2025-11-11,5286.96
INV53394,C0146,2025-10-16,2025-11-15,2025-10-30,640.49
INV53395,C0155,2025-10-16,2025-11-15,2025-10-21,7651.75
INV53396,C0012,2025-10-17,2025-11-16,,2580.39
INV53397,C0014,2025-10-17,2025-11-16,2025-11-13,2205.08
INV53398,C0084,2025-10-17,2025-11-16,2025-11-14,2117.72
INV53399,C0122,2025-10-17,2025-12-01,2025-11-28,9866.51
INV53400,C0015,2025-10-18,2025-11-17,2025-10-31,1520.21
INV53401,C0027,2025-10-18,2025-12-17,2025-10-30,23226.48
INV53402,C0031,2025-10-18,2025-11-17,2025-11-01,1100.16
INV53403,C0049,2025-10-18,2025-11-17,2025-11-02,2752.62
INV53404,C0079,2025-10-18,2025-11-17,2025-10-26,1421.87
INV53405,C0094,2025-10-18,2025-12-02,2025-11-30,3128.14
INV53406,C0144,2025-10-18,2025-11-17,2025-11-02,630.35
INV53407,C0035,2025-10-19,2025-12-18,2025-11-21,12383.35
INV53408,C0045,2025-10-19,2025-11-18,2025-11-26,360.65
INV53409,C0149,2025-10-19,2025-11-18,2025-11-09,8721.21
INV53410,C0166,2025-10-19,2025-12-03,2025-12-03,8525.35
INV53411,C0180,2025-10-19,2025-11-18,2026-02-05,758.30
INV53412,C0112,2025-10-20,2025-11-19,2025-11-12,1147.05
INV53413,C0117,2025-10-20,2025-12-04,2025-11-12,31028.09
INV53414,C0042,2025-10-21,2025-11-20,2025-10-29,2344.81
INV53415,C0123,2025-10-21,2025-11-20,2025-10-26,1570.35
INV53416,C0132,2025-10-21,2025-11-20,2025-11-12,1056.74
INV53417,C0179,2025-10-21,2025-12-05,2025-12-04,18372.39
INV53418,C0062,2025-10-22,2025-11-21,2025-11-10,990.15
INV53419,C0076,2025-10-22,2025-11-21,2025-11-06,9081.10
INV53420,C0108,2025-10-22,2025-12-06,2025-11-12,4518.53
INV53421,C0127,2025-10-22,2025-12-06,,6285.57
INV53422,C0150,2025-10-22,2025-11-21,2025-10-31,9620.34
INV53423,C0039,2025-10-23,2025-11-22,2025-10-31,5837.86
INV53424,C0136,2025-10-23,2025-11-22,2025-11-17,2118.88
INV53425,C0163,2025-10-23,2025-12-07,2025-11-10,4946.87
INV53426,C0179,2025-10-23,2025-12-07,2025-11-16,24980.99
INV53427,C0039,2025-10-24,2025-11-23,2025-11-04,2221.28
INV53428,C0094,2025-10-24,2025-12-08,2025-12-07,5184.33
INV53429,C0106,2025-10-24,2025-11-23,2025-11-04,9066.06
INV53430,C0156,2025-10-24,2025-12-08,2026-02-21,6285.73
INV53431,C0008,2025-10-25,2025-11-24,2025-11-02,567.08
INV53432,C0044,2025-10-25,2025-11-24,2025-11-02,1904.78
INV53433,C0100,2025-10-25,2025-11-24,2025-11-17,3943.90
INV53434,C0153,2025-10-25,2025-11-24,2025-11-17,1874.34
INV53435,C0171,2025-10-25,2025-12-09,2025-11-10,2371.95
INV53436,C0008,2025-10-26,2025-11-25,2025-11-06,2248.66
INV53437,C0023,2025-10-26,2025-11-25,2025-11-06,4524.14
INV53438,C0034,2025-10-26,2025-11-25,2025-12-15,1488.72
INV53439,C0035,2025-10-26,2025-12-25,2025-11-11,31842.70
INV53440,C0052,2025-10-26,2025-11-25,,556.25
INV53441,C0119,2025-10-26,2025-12-10,2025-11-21,31651.71
INV53442,C0136,2025-10-26,2025-11-25,2025-11-08,905.42
INV53443,C0012,2025-10-27,2025-11-26,2025-11-02,1863.68
INV53444,C0050,2025-10-27,2025-11-26,2025-11-26,8743.22
INV53445,C0081,2025-10-27,2025-11-26,2025-11-23,1405.26
INV53446,C0082,2025-10-27,2025-11-26,2025-12-22,3144.53
INV53447,C0082,2025-10-27,2025-11-26,2025-11-03,4476.31
INV53448,C0094,2025-10-27,2025-12-11,2025-11-17,6634.08
INV53449,C0095,2025-10-27,2025-12-11,2026-01-18,7347.89
INV53450,C0105,2025-10-27,2025-11-26,2025-12-14,2427.24
INV53451,C0105,2025-10-27,2025-11-26,2025-12-12,1983.20
INV53452,C0126,2025-10-27,2025-11-26,2026-01-09,9701.93
INV53453,C0141,2025-10-27,2025-11-26,2025-11-22,9777.86
INV53454,C0002,2025-10-28,2025-12-27,,29719.80
INV53455,C0025,2025-10-28,2025-11-27,2025-11-07,1405.81
INV53456,C0004,2025-10-29,2025-12-13,2025-12-08,9632.82
INV53457,C0004,2025-10-29,2025-12-13,2025-11-23,1720.18
INV53458,C0034,2025-10-29,2025-11-28,2026-01-03,2483.01
INV53459,C0038,2025-10-29,2025-11-28,2025-11-15,1775.69
INV53460,C0039,2025-10-29,2025-11-28,2025-11-26,9731.51
INV53461,C0044,2025-10-29,2025-11-28,2025-11-06,8101.11
INV53462,C0055,2025-10-29,2025-11-28,2025-12-18,6328.45
INV53463,C0090,2025-10-29,2025-11-28,2026-02-06,1957.31
INV53464,C0128,2025-10-29,2025-11-28,,1830.31
INV53465,C0132,2025-10-29,2025-11-28,2025-11-13,633.00
INV53466,C0147,2025-10-29,2025-12-13,2025-11-18,14922.66
INV53467,C0152,2025-10-29,2025-11-28,2025-11-25,5777.10
INV53468,C0157,2025-10-29,2025-11-28,2025-11-11,2064.78
INV53469,C0002,2025-10-30,2025-12-29,2025-12-29,23759.91
INV53470,C0011,2025-10-30,2025-11-29,2025-11-16,1510.70
INV53471,C0026,2025-10-30,2025-12-14,2025-11-09,2842.33
INV53472,C0075,2025-10-30,2025-11-29,2026-02-19,1239.92
INV53473,C0090,2025-10-30,2025-11-29,2025-11-18,567.85
INV53474,C0161,2025-10-30,2025-11-29,2026-01-16,1035.02
INV53475,C0084,2025-10-31,2025-11-30,2025-12-19,2294.96
INV53476,C0088,2025-10-31,2025-11-30,2025-11-27,8576.34
INV53477,C0099,2025-10-31,2025-11-30,2025-11-16,2592.65
INV53478,C0152,2025-10-31,2025-11-30,2025-11-08,7734.14
INV53479,C0159,2025-10-31,2025-11-30,2025-11-11,5719.78
INV53480,C0046,2025-11-01,2025-12-01,2025-11-10,2260.12
INV53481,C0084,2025-11-01,2025-12-01,2025-12-08,763.58
INV53482,C0147,2025-11-01,2025-12-16,2025-11-27,19868.70
INV53483,C0165,2025-11-01,2025-12-01,2026-02-18,1200.89
INV53484,C0001,2025-11-02,2025-12-17,2025-11-28,7354.30
INV53485,C0009,2025-11-02,2025-12-02,2025-12-14,2744.45
INV53486,C0021,2025-11-02,2025-12-02,2025-11-07,433.52
INV53487,C0094,2025-11-02,2025-12-17,2025-11-27,5565.82
INV53488,C0146,2025-11-02,2025-12-02,2025-11-13,869.77
INV53489,C0044,2025-11-03,2025-12-03,2025-11-26,5051.17
INV53490,C0058,2025-11-03,2025-12-03,2025-11-23,1618.93
INV53491,C0080,2025-11-03,2025-12-18,2025-11-12,6003.83
INV53492,C0089,2025-11-03,2025-12-03,2025-11-13,4726.22
INV53493,C0142,2025-11-03,2025-12-03,2025-11-09,1144.07
INV53494,C0167,2025-11-03,2025-12-18,2025-12-15,27305.09
INV53495,C0167,2025-11-03,2025-12-18,2025-12-09,7979.38
INV53496,C0039,2025-11-04,2025-12-04,2025-12-02,4285.95
INV53497,C0044,2025-11-04,2025-12-04,2025-11-14,4590.97
INV53498,C0065,2025-11-04,2025-12-04,2026-02-22,2650.89
INV53499,C0077,2025-11-04,2025-12-19,2025-11-21,5722.79
INV53500,C0080,2025-11-04,2025-12-19,2025-12-09,3067.28
INV53501,C0105,2025-11-04,2025-12-04,2025-11-30,2624.49
INV53502,C0125,2025-11-04,2025-12-04,2026-01-28,1558.06
INV53503,C0161,2025-11-04,2025-12-04,2026-02-03,2545.98
INV53504,C0011,2025-11-05,2025-12-05,,722.66
INV53505,C0029,2025-11-05,2025-12-05,2025-12-03,1219.10
INV53506,C0037,2025-11-05,2025-12-05,2025-11-21,1518.32
INV53507,C0094,2025-11-05,2025-12-20,2025-11-19,5790.76
INV53508,C0108,2025-11-05,2025-12-20,2025-11-29,6587.01
INV53509,C0113,2025-11-05,2025-12-05,2025-11-28,1837.83
INV53510,C0162,2025-11-05,2025-12-05,,417.77
INV53511,C0172,2025-11-05,2025-12-05,2025-11-26,1473.69
INV53512,C0012,2025-11-06,2025-12-06,2025-11-30,1879.23
INV53513,C0016,2025-11-06,2025-12-06,2026-02-05,1347.96
INV53514,C0035,2025-11-06,2026-01-05,2025-12-21,26395.61
INV53515,C0044,2025-11-06,2025-12-06,2025-11-14,7499.60
INV53516,C0127,2025-11-06,2025-12-21,2025-12-12,2548.72
INV53517,C0132,2025-11-06,2025-12-06,2025-12-04,1979.98
INV53518,C0161,2025-11-06,2025-12-06,2025-11-30,1324.28
INV53519,C0010,2025-11-07,2025-12-07,2025-11-23,1007.74
INV53520,C0027,2025-11-07,2026-01-06,,14029.99
INV53521,C0100,2025-11-07,2025-12-07,2026-02-26,9304.25
INV53522,C0145,2025-11-07,2025-12-22,2025-12-17,5508.08
INV53523,C0149,2025-11-07,2025-12-07,2025-11-21,3040.67
INV53524,C0170,2025-11-07,2025-12-07,2025-12-03,1306.69
INV53525,C0179,2025-11-07,2025-12-22,2025-11-13,11762.15
INV53526,C0005,2025-11-08,2025-12-08,2025-11-29,1126.69
INV53527,C0079,2025-11-08,2025-12-08,2025-12-09,2163.16
INV53528,C0131,2025-11-08,2025-12-08,2026-01-05,1207.27
INV53529,C0150,2025-11-08,2025-12-08,2025-11-17,7538.67
INV53530,C0018,2025-11-09,2025-12-09,2025-11-26,2213.78
INV53531,C0095,2025-11-09,2025-12-24,2026-02-14,2394.69
INV53532,C0145,2025-11-09,2025-12-24,2025-11-29,3723.05
INV53533,C0180,2025-11-09,2025-12-09,2025-11-19,698.95
INV53534,C0023,2025-11-10,2025-12-10,2025-11-28,1704.32
INV53535,C0026,2025-11-10,2025-12-25,2026-02-25,6363.05
INV53536,C0076,2025-11-10,2025-12-10,2025-11-17,6841.28
INV53537,C0164,2025-11-10,2025-12-10,2026-01-28,794.35
INV53538,C0035,2025-11-11,2026-01-10,2026-01-01,10993.72
INV53539,C0041,2025-11-11,2025-12-26,2025-12-13,3539.06
INV53540,C0089,2025-11-11,2025-12-11,2025-11-19,2953.66
INV53541,C0096,2025-11-11,2025-12-11,2026-01-18,1520.29
INV53542,C0106,2025-11-11,2025-12-11,2025-11-18,1929.13
INV53543,C0119,2025-11-11,2025-12-26,,10155.42
INV53544,C0126,2025-11-11,2025-12-11,,9214.60
INV53545,C0143,2025-11-11,2025-12-11,2025-11-19,1574.28
INV53546,C0157,2025-11-11,2025-12-11,2025-11-20,2594.85
INV53547,C0035,2025-11-12,2026-01-11,2025-12-18,7515.07
INV53548,C0164,2025-11-12,2025-12-12,2025-11-20,2738.07
INV53549,C0001,2025-11-13,2025-12-28,2025-11-19,5950.24
INV53550,C0079,2025-11-13,2025-12-13,,751.68
INV53551,C0090,2025-11-13,2025-12-13,,413.18
INV53552,C0101,2025-11-13,2025-12-28,,25044.14
INV53553,C0104,2025-11-13,2025-12-13,2025-12-06,866.22
INV53554,C0139,2025-11-13,2025-12-13,,2409.95
INV53555,C0151,2025-11-13,2025-12-13,,2376.59
INV53556,C0172,2025-11-13,2025-12-13,2025-12-25,1791.47
INV53557,C0017,2025-11-14,2025-12-14,,1527.15
INV53558,C0017,2025-11-14,2025-12-14,2025-12-09,791.88
INV53559,C0054,2025-11-14,2026-01-13,2025-12-09,21894.36
INV53560,C0055,2025-11-14,2025-12-14,2025-12-11,2633.13
INV53561,C0057,2025-11-14,2025-12-29,2025-12-05,5582.61
INV53562,C0117,2025-11-14,2025-12-29,,30498.89
INV53563,C0119,2025-11-14,2025-12-29,,25387.67
INV53564,C0164,2025-11-14,2025-12-14,2025-11-22,2685.91
INV53565,C0021,2025-11-15,2025-12-15,2025-12-15,1243.78
INV53566,C0033,2025-11-15,2025-12-15,2026-02-24,2797.98
INV53567,C0062,2025-11-15,2025-12-15,2025-12-04,1086.70
INV53568,C0105,2025-11-15,2025-12-15,2025-12-29,1212.72
INV53569,C0125,2025-11-15,2025-12-15,2025-12-14,348.47
INV53570,C0141,2025-11-15,2025-12-15,2025-12-08,2927.94
INV53571,C0152,2025-11-15,2025-12-15,2025-12-14,4746.67
INV53572,C0153,2025-11-15,2025-12-15,2025-11-21,445.07
INV53573,C0164,2025-11-15,2025-12-15,2025-12-07,1808.86
INV53574,C0037,2025-11-16,2025-12-16,2025-12-13,1441.45
INV53575,C0060,2025-11-16,2025-12-31,,4069.51
INV53576,C0082,2025-11-16,2025-12-16,2025-11-24,3982.10
INV53577,C0061,2025-11-17,2025-12-17,2026-02-13,8311.23
INV53578,C0069,2025-11-17,2025-12-17,2025-12-04,1250.09
INV53579,C0070,2025-11-17,2026-01-01,2025-12-01,28772.10
INV53580,C0101,2025-11-17,2026-01-01,2025-12-05,12654.53
INV53581,C0149,2025-11-17,2025-12-17,2025-11-30,8287.67
INV53582,C0003,2025-11-18,2026-01-02,2025-12-15,6153.78
INV53583,C0016,2025-11-18,2025-12-18,2025-12-14,947.37
INV53584,C0016,2025-11-18,2025-12-18,2025-12-17,1072.67
INV53585,C0018,2025-11-18,2025-12-18,2026-01-08,1503.30
INV53586,C0042,2025-11-18,2025-12-18,2025-12-06,353.17
INV53587,C0061,2025-11-18,2025-12-18,2025-12-16,5794.43
INV53588,C0063,2025-11-18,2026-01-02,2025-12-04,8600.92
INV53589,C0108,2025-11-18,2026-01-02,2025-12-12,7744.74
INV53590,C0117,2025-11-18,2026-01-02,2026-01-02,18954.83
INV53591,C0180,2025-11-18,2025-12-18,,2162.74
INV53592,C0007,2025-11-19,2025-12-19,,1390.85
INV53593,C0009,2025-11-19,2025-12-19,2025-12-19,2063.64
INV53594,C0012,2025-11-19,2025-12-19,2025-12-15,1129.53
INV53595,C0019,2025-11-19,2026-01-03,2025-11-26,7361.72
INV53596,C0022,2025-11-19,2025-12-19,2025-11-26,4300.23
INV53597,C0029,2025-11-19,2025-12-19,,484.01
INV53598,C0094,2025-11-19,2026-01-03,2025-12-02,7149.82
INV53599,C0123,2025-11-19,2025-12-19,,478.78
INV53600,C0026,2025-11-20,2026-01-04,2025-12-10,6609.48
INV53601,C0047,2025-11-20,2026-01-04,2025-12-05,7741.53
INV53602,C0051,2025-11-20,2025-12-20,2025-12-08,1309.20
INV53603,C0097,2025-11-20,2025-12-20,2025-12-12,2965.76
INV53604,C0110,2025-11-20,2025-12-20,2025-11-30,1736.98
INV53605,C0132,2025-11-20,2025-12-20,2025-12-12,883.60
INV53606,C0149,2025-11-20,2025-12-20,2025-12-19,4071.34
INV53607,C0142,2025-11-21,2025-12-21,2026-01-18,1566.07
INV53608,C0155,2025-11-21,2025-12-21,2025-11-30,7829.56
INV53609,C0167,2025-11-21,2026-01-05,2025-12-11,24838.57
INV53610,C0032,2025-11-22,2025-12-22,2025-11-29,9631.63
INV53611,C0056,2025-11-22,2025-12-22,2025-12-18,1852.95
INV53612,C0093,2025-11-22,2025-12-22,2025-12-08,6835.58
INV53613,C0019,2025-11-23,2026-01-07,2025-11-28,1851.76
INV53614,C0056,2025-11-23,2025-12-23,2026-02-28,1510.35
INV53615,C0060,2025-11-23,2026-01-07,2025-12-12,8012.98
INV53616,C0138,2025-11-23,2025-12-23,2025-12-06,932.69
INV53617,C0178,2025-11-23,2026-01-07,2025-12-19,2272.70
INV53618,C0046,2025-11-24,2025-12-24,2025-12-05,986.06
INV53619,C0070,2025-11-24,2026-01-08,2026-01-05,15432.87
INV53620,C0089,2025-11-24,2025-12-24,2025-12-01,6766.18
INV53621,C0089,2025-11-24,2025-12-24,2025-12-06,8461.86
INV53622,C0116,2025-11-24,2025-12-24,2025-12-09,961.48
INV53623,C0130,2025-11-24,2025-12-24,2025-12-09,1620.03
INV53624,C0158,2025-11-24,2025-12-24,2025-12-11,948.36
INV53625,C0166,2025-11-24,2026-01-08,2025-12-14,6120.85
INV53626,C0180,2025-11-24,2025-12-24,2025-12-02,1703.23
INV53627,C0005,2025-11-25,2025-12-25,2025-12-24,1764.53
INV53628,C0035,2025-11-25,2026-01-24,2025-12-14,12305.69
INV53629,C0105,2025-11-25,2025-12-25,2026-02-28,1784.62
INV53630,C0107,2025-11-25,2025-12-25,2025-12-25,852.18
INV53631,C0138,2025-11-25,2025-12-25,2025-12-23,2397.14
INV53632,C0173,2025-11-25,2026-01-09,2025-12-16,8512.70
INV53633,C0008,2025-11-26,2025-12-26,2025-12-08,1146.01
INV53634,C0062,2025-11-26,2025-12-26,,569.63
INV53635,C0085,2025-11-26,2025-12-26,2025-12-15,984.82
INV53636,C0093,2025-11-26,2025-12-26,2025-12-21,6247.95
INV53637,C0097,2025-11-26,2025-12-26,2026-01-01,5309.65
INV53638,C0101,2025-11-26,2026-01-10,2025-12-23,29740.87
INV53639,C0117,2025-11-26,2026-01-10,2025-12-28,17605.30
INV53640,C0134,2025-11-26,2025-12-26,2025-12-04,483.54
INV53641,C0159,2025-11-26,2025-12-26,2026-01-21,5674.42
INV53642,C0124,2025-11-27,2025-12-27,2025-12-16,1753.26
INV53643,C0046,2025-11-28,2025-12-28,2025-12-14,1644.76
INV53644,C0057,2025-11-28,2026-01-12,2025-12-25,8750.66
INV53645,C0104,2025-11-28,2025-12-28,2025-12-18,1810.20
INV53646,C0140,2025-11-28,2025-12-28,,1264.22
INV53647,C0158,2025-11-28,2025-12-28,2025-12-13,2493.31
INV53648,C0022,2025-11-29,2025-12-29,2025-12-07,2307.28
INV53649,C0077,2025-11-29,2026-01-13,2026-01-07,6469.48
INV53650,C0129,2025-11-29,2025-12-29,2025-12-05,1464.93
INV53651,C0145,2025-11-29,2026-01-13,2025-12-05,1821.89
INV53652,C0150,2025-11-29,2025-12-29,2025-12-11,3145.70
INV53653,C0152,2025-11-29,2025-12-29,2025-12-17,9349.27
INV53654,C0172,2025-11-29,2025-12-29,2025-12-29,392.65
INV53655,C0001,2025-11-30,2026-01-14,2026-01-06,7466.91
INV53656,C0052,2025-11-30,2025-12-30,2026-02-27,1688.78
INV53657,C0070,2025-11-30,2026-01-14,2026-01-13,31501.39
INV53658,C0076,2025-11-30,2025-12-30,2025-12-21,4060.06
INV53659,C0103,2025-11-30,2025-12-30,2025-12-12,1161.91
INV53660,C0149,2025-11-30,2025-12-30,2026-01-04,8070.46
INV53661,C0178,2025-11-30,2026-01-14,2026-01-05,9786.30
INV53662,C0063,2025-12-01,2026-01-15,2025-12-08,9025.63
INV53663,C0065,2025-12-01,2025-12-31,2025-12-08,1854.92
INV53664,C0100,2025-12-01,2025-12-31,,9019.61
INV53665,C0152,2025-12-01,2025-12-31,2025-12-09,2407.50
INV53666,C0167,2025-12-01,2026-01-15,2025-12-29,26365.81
INV53667,C0017,2025-12-02,2026-01-01,,927.14
INV53668,C0036,2025-12-02,2026-01-01,,347.82
INV53669,C0061,2025-12-02,2026-01-01,,9115.69
INV53670,C0064,2025-12-02,2026-01-16,2026-01-07,8650.67
INV53671,C0109,2025-12-02,2026-01-01,2025-12-20,1807.73
INV53672,C0122,2025-12-02,2026-01-16,2025-12-12,9012.08
INV53673,C0151,2025-12-02,2026-01-01,2025-12-29,2266.70
INV53674,C0063,2025-12-03,2026-01-17,2026-02-08,5366.28
INV53675,C0016,2025-12-04,2026-01-03,2025-12-13,1347.06
INV53676,C0076,2025-12-04,2026-01-03,2026-02-06,10048.80
INV53677,C0076,2025-12-04,2026-01-03,2025-12-22,9524.43
INV53678,C0089,2025-12-04,2026-01-03,2026-01-02,8751.81
INV53679,C0102,2025-12-05,2026-01-04,2025-12-30,1762.47
INV53680,C0177,2025-12-05,2026-01-04,2025-12-16,537.13
INV53681,C0005,2025-12-06,2026-01-05,2025-12-16,951.04
INV53682,C0040,2025-12-06,2026-01-05,,2129.82
INV53683,C0057,2025-12-06,2026-01-20,,5603.91
INV53684,C0077,2025-12-06,2026-01-20,2025-12-27,3739.64
INV53685,C0078,2025-12-06,2026-01-05,2026-01-05,1721.65
INV53686,C0014,2025-12-07,2026-01-06,2025-12-25,1421.27
INV53687,C0094,2025-12-07,2026-01-21,2026-01-15,4074.22
INV53688,C0095,2025-12-07,2026-01-21,2025-12-22,7831.16
INV53689,C0101,2025-12-07,2026-01-21,2026-01-23,10995.32
INV53690,C0147,2025-12-07,2026-01-21,2026-02-01,8563.03
INV53691,C0174,2025-12-07,2026-01-06,2026-02-17,2286.01
INV53692,C0076,2025-12-08,2026-01-07,2025-12-24,8684.68
INV53693,C0166,2025-12-08,2026-01-22,,3832.01
INV53694,C0176,2025-12-08,2026-01-07,2025-12-24,1581.41
INV53695,C0097,2025-12-09,2026-01-08,2025-12-20,2762.97
INV53696,C0108,2025-12-09,2026-01-23,2025-12-14,8652.96
INV53697,C0135,2025-12-09,2026-01-08,2025-12-27,2479.02
INV53698,C0170,2025-12-09,2026-01-08,2026-01-24,2333.25
INV53699,C0173,2025-12-09,2026-01-23,2026-02-21,5898.21
INV53700,C0025,2025-12-10,2026-01-09,2025-12-30,1771.53
INV53701,C0027,2025-12-10,2026-02-08,2026-01-15,14669.67
INV53702,C0063,2025-12-10,2026-01-24,2026-01-11,3749.84
INV53703,C0070,2025-12-10,2026-01-24,2026-02-11,22492.42
INV53704,C0105,2025-12-10,2026-01-09,2025-12-20,1424.32
INV53705,C0109,2025-12-10,2026-01-09,2025-12-28,2031.62
INV53706,C0118,2025-12-10,2026-01-09,2025-12-23,338.87
INV53707,C0121,2025-12-10,2026-01-09,2025-12-16,2074.28
INV53708,C0009,2025-12-11,2026-01-10,2025-12-31,2719.75
INV53709,C0013,2025-12-11,2026-01-10,2026-02-28,1194.23
INV53710,C0019,2025-12-11,2026-01-25,2025-12-16,7806.79
INV53711,C0025,2025-12-11,2026-01-10,2025-12-31,2177.36
INV53712,C0026,2025-12-11,2026-01-25,2026-01-24,9067.22
INV53713,C0067,2025-12-11,2026-01-10,,2682.60
INV53714,C0109,2025-12-11,2026-01-10,2025-12-26,2175.47
INV53715,C0161,2025-12-11,2026-01-10,2025-12-22,449.40
INV53716,C0027,2025-12-12,2026-02-10,2025-12-31,6924.94
INV53717,C0038,2025-12-12,2026-01-11,2025-12-25,2338.63
INV53718,C0070,2025-12-12,2026-01-26,2026-01-22,9607.68
INV53719,C0081,2025-12-12,2026-01-11,2026-01-03,1121.36
INV53720,C0121,2025-12-12,2026-01-11,2025-12-20,1615.60
INV53721,C0151,2025-12-12,2026-01-11,2026-02-05,2453.77
INV53722,C0159,2025-12-12,2026-01-11,2026-01-06,6191.83
INV53723,C0009,2025-12-13,2026-01-12,2026-01-04,2569.34
INV53724,C0079,2025-12-13,2026-01-12,2026-01-01,2797.41
INV53725,C0084,2025-12-13,2026-01-12,2025-12-20,2730.08
INV53726,C0134,2025-12-13,2026-01-12,2025-12-29,1496.14
INV53727,C0035,2025-12-14,2026-02-12,2025-12-19,29971.51
INV53728,C0081,2025-12-14,2026-01-13,2026-01-04,2315.43
INV53729,C0082,2025-12-14,2026-01-13,2026-01-02,1888.66
INV53730,C0125,2025-12-14,2026-01-13,2025-12-28,1275.62
INV53731,C0157,2025-12-14,2026-01-13,2026-01-05,1515.16
INV53732,C0002,2025-12-15,2026-02-13,2026-01-14,11083.95
INV53733,C0023,2025-12-15,2026-01-14,2025-12-31,4145.74
INV53734,C0029,2025-12-15,2026-01-14,,2587.89
INV53735,C0037,2025-12-15,2026-01-14,2025-12-27,2677.92
INV53736,C0167,2025-12-15,2026-01-29,2025-12-29,6789.23
INV53737,C0170,2025-12-15,2026-01-14,2025-12-23,1471.82
INV53738,C0146,2025-12-16,2026-01-15,2026-02-16,2027.77
INV53739,C0154,2025-12-16,2026-01-15,,828.43
INV53740,C0058,2025-12-17,2026-01-16,2026-01-08,1368.19
INV53741,C0070,2025-12-17,2026-01-31,,28336.70
INV53742,C0106,2025-12-17,2026-01-16,2026-01-13,5738.39
INV53743,C0115,2025-12-17,2026-01-16,,2035.92
INV53744,C0126,2025-12-17,2026-01-16,2026-01-23,9802.28
INV53745,C0050,2025-12-18,2026-01-17,,9867.18
INV53746,C0080,2025-12-18,2026-02-01,2026-01-25,8235.61
INV53747,C0155,2025-12-18,2026-01-17,2026-01-10,2498.74
INV53748,C0155,2025-12-18,2026-01-17,2026-02-07,6762.76
INV53749,C0006,2025-12-19,2026-02-02,2026-01-28,30489.14
INV53750,C0044,2025-12-19,2026-01-18,2026-01-08,9820.46
INV53751,C0114,2025-12-19,2026-01-18,2026-01-04,711.17
INV53752,C0145,2025-12-19,2026-02-02,2026-01-19,8824.76
INV53753,C0147,2025-12-19,2026-02-02,2026-01-29,27831.13
INV53754,C0156,2025-12-19,2026-02-02,,7652.86
INV53755,C0156,2025-12-19,2026-02-02,2026-01-08,6414.08
INV53756,C0176,2025-12-19,2026-01-18,2026-01-02,1941.11
INV53757,C0050,2025-12-20,2026-01-19,2026-01-19,7464.72
INV53758,C0053,2025-12-20,2026-01-19,2026-01-15,2573.01
INV53759,C0077,2025-12-20,2026-02-03,,4933.56
INV53760,C0101,2025-12-20,2026-02-03,2026-02-06,10672.59
INV53761,C0102,2025-12-20,2026-01-19,2026-01-10,666.41
INV53762,C0119,2025-12-20,2026-02-03,2026-01-15,29919.07
INV53763,C0156,2025-12-20,2026-02-03,2026-01-31,9109.83
INV53764,C0180,2025-12-20,2026-01-19,2026-01-14,364.25
INV53765,C0085,2025-12-21,2026-01-20,,1833.84
INV53766,C0140,2025-12-21,2026-01-20,2026-02-01,2448.61
INV53767,C0154,2025-12-21,2026-01-20,,1421.05
INV53768,C0082,2025-12-22,2026-01-21,,4500.91
INV53769,C0148,2025-12-22,2026-01-21,,3013.07
INV53770,C0008,2025-12-23,2026-01-22,2026-01-25,1606.59
INV53771,C0009,2025-12-23,2026-01-22,,2276.74
INV53772,C0035,2025-12-23,2026-02-21,,33495.37
INV53773,C0041,2025-12-23,2026-02-06,2026-01-31,8849.52
INV53774,C0098,2025-12-23,2026-01-22,2026-01-01,2083.17
INV53775,C0133,2025-12-23,2026-02-06,2026-02-04,6746.45
INV53776,C0152,2025-12-23,2026-01-22,2026-01-14,7203.60
INV53777,C0001,2025-12-24,2026-02-07,2026-02-07,9922.71
INV53778,C0059,2025-12-24,2026-02-07,2026-01-21,2905.21
INV53779,C0081,2025-12-24,2026-01-23,,387.88
INV53780,C0089,2025-12-24,2026-01-23,2026-01-19,3946.54
INV53781,C0168,2025-12-24,2026-01-23,,401.30
INV53782,C0016,2025-12-25,2026-01-24,,1723.51
INV53783,C0018,2025-12-25,2026-01-24,2026-01-19,2662.20
INV53784,C0099,2025-12-25,2026-01-24,2026-01-17,1612.72
INV53785,C0136,2025-12-25,2026-01-24,2026-01-24,971.68
INV53786,C9005,2025-12-25,2026-01-24,,2033.08
INV53787,C0001,2025-12-26,2026-02-09,2026-01-16,7352.73
INV53788,C0020,2025-12-26,2026-01-25,2026-01-12,8044.97
INV53789,C0065,2025-12-27,2026-01-26,,1121.77
INV53790,C0076,2025-12-27,2026-01-26,2026-01-10,8876.78
INV53791,C0107,2025-12-27,2026-01-26,2026-01-09,546.03
INV53792,C0158,2025-12-27,2026-01-26,,1623.67
INV53793,C0011,2025-12-28,2026-01-27,2026-01-10,436.51
INV53794,C0095,2025-12-28,2026-02-11,,3850.79
INV53795,C0136,2025-12-28,2026-01-27,2026-02-08,1413.93
INV53796,C0147,2025-12-28,2026-02-11,2026-02-06,18629.81
INV53797,C0167,2025-12-28,2026-02-11,2026-01-27,26426.40
INV53798,C0093,2025-12-29,2026-01-28,2026-01-07,5331.25
INV53799,C0013,2025-12-30,2026-01-29,,2676.94
INV53800,C0042,2025-12-30,2026-01-29,2026-01-08,2545.60
INV53801,C0062,2025-12-30,2026-01-29,2026-02-23,688.90
INV53802,C0064,2025-12-30,2026-02-13,2026-01-23,7385.19
INV53803,C0104,2025-12-30,2026-01-29,,2430.73
INV53804,C0114,2025-12-30,2026-01-29,2026-01-09,1105.44
INV53805,C0110,2025-12-31,2026-01-30,2026-01-31,918.22
