noc,team,year,city,event,event_group,sex,medal
RUS,Russia,2008,Beijing,Women's Javelin Throw,Throws,F,Silver
ESP,Spain,1984,Los Angeles,"Men's 1,500 metres",Middle distance,M,Bronze
EUN,Unified Team,1992,Barcelona,Men's Hammer Throw,Throws,M,Gold
ETH,Ethiopia,1992,Barcelona,"Men's 10,000 metres",Distance,M,Bronze
ETH,Ethiopia,2000,Sydney,Men's Marathon,Distance,M,Gold
SWE,Sweden,1912,Stockholm,Men's Long Jump,Jumps,M,Bronze
SWE,Sweden,1912,Stockholm,Men's Triple Jump,Jumps,M,Silver
TUR,Turkey,2008,Beijing,"Women's 5,000 metres",Distance,F,Silver
USA,United States,1932,Los Angeles,Men's 4 x 400 metres Relay,Relays,M,Gold
GBR,Great Britain,1924,Paris,Men's 100 metres,Sprints,M,Gold
GBR,Great Britain,1924,Paris,Men's 4 x 100 metres Relay,Relays,M,Silver
SWE,Sweden,1920,Antwerpen,Men's Long Jump,Jumps,M,Bronze
USA,United States,1912,Stockholm,Men's Standing High Jump,Jumps,M,Silver
USA,United States,1912,Stockholm,Men's Standing Long Jump,Jumps,M,Bronze
USA,United States,1912,Stockholm,Men's Standing High Jump,Jumps,M,Gold
USA,United States,1912,Stockholm,Men's Standing Long Jump,Jumps,M,Silver
NZL,New Zealand,2008,Beijing,Women's Shot Put,Throws,F,Gold
NZL,New Zealand,2012,London,Women's Shot Put,Throws,F,Gold
NZL,New Zealand,2016,Rio de Janeiro,Women's Shot Put,Throws,F,Silver
NGR,Nigeria,1992,Barcelona,Men's 4 x 100 metres Relay,Relays,M,Silver
USA,United States,1996,Atlanta,Men's 400 metres Hurdles,Hurdles & steeplechase,M,Gold
NGR,Nigeria,1996,Atlanta,Women's 4 x 400 metres Relay,Relays,F,Silver
CUB,Cuba,1992,Barcelona,Men's 4 x 100 metres Relay,Relays,M,Bronze
GBR,Great Britain,1908,London,Men's Triple Jump,Jumps,M,Gold
SWE,Sweden,1948,London,Men's Triple Jump,Jumps,M,Gold
CHI,Chile,1956,Melbourne,Women's Javelin Throw,Throws,F,Silver
GBR,Great Britain,1920,Antwerpen,Men's 4 x 400 metres Relay,Relays,M,Gold
CAN,Canada,2016,Rio de Janeiro,Men's 4 x 100 metres Relay,Relays,M,Bronze
NGR,Nigeria,1996,Atlanta,Women's Long Jump,Jumps,F,Gold
GBR,Great Britain,1984,Los Angeles,Men's 4 x 400 metres Relay,Relays,M,Silver
GBR,Great Britain,1992,Barcelona,Men's 400 metres Hurdles,Hurdles & steeplechase,M,Bronze
GBR,Great Britain,1992,Barcelona,Men's 4 x 400 metres Relay,Relays,M,Bronze
UGA,Uganda,1972,Munich,Men's 400 metres Hurdles,Hurdles & steeplechase,M,Gold
USA,United States,2016,Rio de Janeiro,Women's 4 x 100 metres Relay,Relays,F,Gold
URS,Soviet Union,1976,Montreal,Women's 4 x 400 metres Relay,Relays,F,Bronze
URS,Soviet Union,1976,Montreal,Men's 4 x 100 metres Relay,Relays,M,Bronze
URS,Soviet Union,1980,Moskva,Men's 4 x 100 metres Relay,Relays,M,Gold
KSA,Saudi Arabia,2000,Sydney,Men's 400 metres Hurdles,Hurdles & steeplechase,M,Silver
SWE,Sweden,1948,London,"Men's 10,000 metres",Distance,M,Bronze
USA,United States,1936,Berlin,Men's High Jump,Jumps,M,Silver
USA,United States,1928,Amsterdam,Men's 4 x 400 metres Relay,Relays,M,Gold
LTU,Lithuania,2000,Sydney,Men's Discus Throw,Throws,M,Gold
LTU,Lithuania,2004,Athina,Men's Discus Throw,Throws,M,Gold
LTU,Lithuania,2008,Beijing,Men's Discus Throw,Throws,M,Bronze
URS,Soviet Union,1976,Montreal,Women's Long Jump,Jumps,F,Bronze
USA,United States,2016,Rio de Janeiro,Women's 100 metres Hurdles,Hurdles & steeplechase,F,Silver
FRA,France,1920,Antwerpen,Men's 4 x 100 metres Relay,Relays,M,Silver
NGR,Nigeria,2004,Athina,Men's 4 x 100 metres Relay,Relays,M,Bronze
JAM,Jamaica,2016,Rio de Janeiro,Men's 4 x 400 metres Relay,Relays,M,Silver
TTO,Trinidad and Tobago,2012,London,Men's 4 x 400 metres Relay,Relays,M,Bronze
SWE,Sweden,1920,Antwerpen,"Men's Cross-Country, Team",Distance,M,Bronze
SWE,Sweden,1912,Stockholm,Men's Triple Jump,Jumps,M,Bronze
SWE,Sweden,1920,Antwerpen,Men's Triple Jump,Jumps,M,Bronze
SWE,Sweden,1948,London,Men's 4 x 400 metres Relay,Relays,M,Bronze
NGR,Nigeria,2000,Sydney,Women's 100 metres Hurdles,Hurdles & steeplechase,F,Silver
ITA,Italy,1912,Stockholm,Men's 10 kilometres Walk,Race walk,M,Bronze
ITA,Italy,1920,Antwerpen,"Men's 3,000 metres Steeplechase",Hurdles & steeplechase,M,Bronze
AUS,Australia,1964,Tokyo,Women's 400 metres,Sprints,F,Bronze
BOT,Botswana,2012,London,Men's 800 metres,Middle distance,M,Silver
NOR,Norway,1900,Paris,Men's Pole Vault,Jumps,M,Bronze
FIN,Finland,1928,Amsterdam,"Men's 3,000 metres Steeplechase",Hurdles & steeplechase,M,Bronze
NOR,Norway,1984,Los Angeles,Women's Marathon,Distance,F,Silver
USA,United States,2000,Sydney,Women's 4 x 400 metres Relay,Relays,F,Gold
USA,United States,1932,Los Angeles,Men's Discus Throw,Throws,M,Gold
USA,United States,1928,Amsterdam,Men's 110 metres Hurdles,Hurdles & steeplechase,M,Silver
SWE,Sweden,1912,Stockholm,"Men's Cross-Country, Individual",Distance,M,Silver
SWE,Sweden,1912,Stockholm,"Men's Cross-Country, Team",Distance,M,Gold
FRA,France,1908,London,Men's High Jump,Jumps,M,Silver
FRA,France,1920,Antwerpen,Men's 4 x 400 metres Relay,Relays,M,Bronze
ITA,Italy,1984,Los Angeles,Men's Shot Put,Throws,M,Gold
RUS,Russia,2000,Sydney,Men's 20 kilometres Walk,Race walk,M,Bronze
URS,Soviet Union,1976,Montreal,Women's 100 metres Hurdles,Hurdles & steeplechase,F,Silver
URS,Soviet Union,1976,Montreal,Women's 4 x 100 metres Relay,Relays,F,Bronze
URS,Soviet Union,1980,Moskva,Women's 4 x 100 metres Relay,Relays,F,Silver
HUN,Hungary,1964,Tokyo,Women's Javelin Throw,Throws,F,Silver
ITA,Italy,1988,Seoul,"Men's 10,000 metres",Distance,M,Silver
UKR,Ukraine,2008,Beijing,Women's Discus Throw,Throws,F,Bronze
RUS,Russia,2004,Athina,Women's 400 metres,Sprints,F,Bronze
RUS,Russia,2004,Athina,Women's 4 x 400 metres Relay,Relays,F,Silver
RUS,Russia,2012,London,Women's 400 metres Hurdles,Hurdles & steeplechase,F,Gold
RUS,Russia,2012,London,Women's 4 x 400 metres Relay,Relays,F,Silver
URS,Soviet Union,1952,Helsinki,"Men's 10,000 metres",Distance,M,Bronze
MAR,Morocco,1984,Los Angeles,"Men's 5,000 metres",Distance,M,Gold
MAR,Morocco,1988,Seoul,Men's 800 metres,Middle distance,M,Bronze
TUR,Turkey,2004,Athina,Men's Hammer Throw,Throws,M,Bronze
GBR,Great Britain,1912,Stockholm,Men's 200 metres,Sprints,M,Bronze
GBR,Great Britain,1912,Stockholm,Men's 4 x 100 metres Relay,Relays,M,Gold
JPN,Japan,2016,Rio de Janeiro,Men's 50 kilometres Walk,Race walk,M,Bronze
GBR,Great Britain,1948,London,Men's 4 x 100 metres Relay,Relays,M,Silver
CAN,Canada,1908,London,Men's Pole Vault,Jumps,M,Bronze
GBR,Great Britain,1964,Tokyo,Women's 4 x 100 metres Relay,Relays,F,Bronze
JPN,Japan,1992,Barcelona,Women's Marathon,Distance,F,Silver
JPN,Japan,1996,Atlanta,Women's Marathon,Distance,F,Bronze
URS,Soviet Union,1980,Moskva,Men's 400 metres Hurdles,Hurdles & steeplechase,M,Silver
GBR,Great Britain,1952,Helsinki,Women's 4 x 100 metres Relay,Relays,F,Bronze
GBR,Great Britain,1956,Melbourne,Women's 4 x 100 metres Relay,Relays,F,Silver
USA,United States,1984,Los Angeles,Men's 4 x 400 metres Relay,Relays,M,Gold
TTO,Trinidad and Tobago,2008,Beijing,Men's 4 x 100 metres Relay,Relays,M,Gold
CAN,Canada,2008,Beijing,Men's Shot Put,Throws,M,Bronze
ITA,Italy,1920,Antwerpen,Men's Marathon,Distance,M,Bronze
FRA,France,2004,Athina,Women's 4 x 100 metres Relay,Relays,F,Bronze
URS,Soviet Union,1972,Munich,Men's 800 metres,Middle distance,M,Silver
JPN,Japan,2008,Beijing,Men's 4 x 100 metres Relay,Relays,M,Silver
KEN,Kenya,1968,Mexico City,Men's 4 x 400 metres Relay,Relays,M,Silver
KEN,Kenya,1972,Munich,Men's 4 x 400 metres Relay,Relays,M,Gold
USA,United States,1904,St. Louis,Men's 110 metres Hurdles,Hurdles & steeplechase,M,Bronze
USA,United States,1952,Helsinki,"Men's 3,000 metres Steeplechase",Hurdles & steeplechase,M,Gold
GBR,Great Britain,2016,Rio de Janeiro,Women's 4 x 100 metres Relay,Relays,F,Bronze
USA,United States,1984,Los Angeles,Women's 100 metres,Sprints,F,Gold
USA,United States,1984,Los Angeles,Women's 4 x 100 metres Relay,Relays,F,Gold
USA,United States,1988,Seoul,Women's 100 metres,Sprints,F,Silver
USA,United States,1988,Seoul,Women's 4 x 100 metres Relay,Relays,F,Gold
USA,United States,1992,Barcelona,Women's 4 x 100 metres Relay,Relays,F,Gold
JAM,Jamaica,2016,Rio de Janeiro,Men's 4 x 100 metres Relay,Relays,M,Gold
USA,United States,1964,Tokyo,Men's 4 x 100 metres Relay,Relays,M,Gold
FIN,Finland,1936,Berlin,"Men's 10,000 metres",Distance,M,Silver
ETH,Ethiopia,2012,London,"Women's 3,000 metres Steeplechase",Hurdles & steeplechase,F,Bronze
ROU,Romania,1992,Barcelona,Women's High Jump,Jumps,F,Silver
EUN,Unified Team,1992,Barcelona,Men's Hammer Throw,Throws,M,Silver
BLR,Belarus,2000,Sydney,Men's Hammer Throw,Throws,M,Bronze
RSA,South Africa,1924,Paris,Men's 110 metres Hurdles,Hurdles & steeplechase,M,Silver
RSA,South Africa,1928,Amsterdam,Men's 110 metres Hurdles,Hurdles & steeplechase,M,Gold
NGR,Nigeria,2004,Athina,Men's 4 x 400 metres Relay,Relays,M,Bronze
GDR,East Germany,1980,Moskva,Women's 100 metres,Sprints,F,Bronze
GDR,East Germany,1980,Moskva,Women's 4 x 100 metres Relay,Relays,F,Gold
GDR,East Germany,1988,Seoul,Women's 4 x 100 metres Relay,Relays,F,Silver
URS,Soviet Union,1964,Tokyo,Men's Decathlon,Combined events,M,Silver
USA,United States,1996,Atlanta,Men's High Jump,Jumps,M,Gold
URS,Soviet Union,1988,Seoul,Men's High Jump,Jumps,M,Gold
AUS,Australia,1948,London,Men's Triple Jump,Jumps,M,Silver
URS,Soviet Union,1972,Munich,Men's Decathlon,Combined events,M,Gold
URS,Soviet Union,1976,Montreal,Men's Decathlon,Combined events,M,Bronze
NGR,Nigeria,2000,Sydney,Men's 4 x 400 metres Relay,Relays,M,Gold
ETH,Ethiopia,2016,Rio de Janeiro,"Women's 5,000 metres",Distance,F,Bronze
ETH,Ethiopia,2016,Rio de Janeiro,"Women's 10,000 metres",Distance,F,Gold
JAM,Jamaica,2000,Sydney,Men's 4 x 400 metres Relay,Relays,M,Silver
FRA,France,2008,Beijing,"Men's 1,500 metres",Middle distance,M,Bronze
CZE,Czech Republic,2004,Athina,Men's High Jump,Jumps,M,Bronze
UKR,Ukraine,1996,Atlanta,Women's High Jump,Jumps,F,Bronze
USA,United States,1912,Stockholm,Men's Pole Vault,Jumps,M,Gold
USA,United States,1984,Los Angeles,Men's 400 metres,Sprints,M,Gold
USA,United States,1960,Roma,Men's Discus Throw,Throws,M,Silver
GBR,Great Britain,1992,Barcelona,Men's Javelin Throw,Throws,M,Bronze
GBR,Great Britain,1996,Atlanta,Men's Javelin Throw,Throws,M,Silver
GBR,Great Britain,2000,Sydney,Men's Javelin Throw,Throws,M,Silver
SWE,Sweden,1920,Antwerpen,"Men's 5,000 metres",Distance,M,Bronze
SWE,Sweden,1920,Antwerpen,"Men's 3,000 metres, Team",Distance,M,Bronze
SWE,Sweden,1920,Antwerpen,"Men's Cross-Country, Individual",Distance,M,Silver
USA,United States,1908,London,Men's 400 metres Hurdles,Hurdles & steeplechase,M,Gold
POL,Poland,1964,Tokyo,Men's 400 metres,Sprints,M,Bronze
URS,Soviet Union,1952,Helsinki,Women's Discus Throw,Throws,F,Silver
UKR,Ukraine,1996,Atlanta,Men's Shot Put,Throws,M,Bronze
URS,Soviet Union,1988,Seoul,"Women's 1,500 metres",Middle distance,F,Silver
USA,United States,1968,Mexico City,Women's 4 x 100 metres Relay,Relays,F,Gold
JAM,Jamaica,2004,Athina,Women's 4 x 100 metres Relay,Relays,F,Gold
CAN,Canada,1984,Los Angeles,Women's 4 x 100 metres Relay,Relays,F,Silver
CAN,Canada,1996,Atlanta,Men's 100 metres,Sprints,M,Gold
CAN,Canada,1996,Atlanta,Men's 4 x 100 metres Relay,Relays,M,Gold
GBR,Great Britain,1952,Helsinki,Men's 100 metres,Sprints,M,Bronze
JAM,Jamaica,2012,London,Men's 4 x 100 metres Relay,Relays,M,Gold
BAH,Bahamas,2008,Beijing,Men's 4 x 400 metres Relay,Relays,M,Silver
USA,United States,2012,London,Women's 4 x 400 metres Relay,Relays,F,Gold
GBR,Great Britain,1920,Antwerpen,"Men's 1,500 metres",Middle distance,M,Silver
USA,United States,1952,Helsinki,Men's 200 metres,Sprints,M,Silver
USA,United States,1956,Melbourne,Men's 100 metres,Sprints,M,Silver
USA,United States,1956,Melbourne,Men's 200 metres,Sprints,M,Bronze
USA,United States,1956,Melbourne,Men's 4 x 100 metres Relay,Relays,M,Gold
GRE,Greece,1996,Atlanta,Women's High Jump,Jumps,F,Silver
ROU,Romania,1960,Roma,Women's High Jump,Jumps,F,Gold
ROU,Romania,1964,Tokyo,Women's High Jump,Jumps,F,Gold
ITA,Italy,2004,Athina,Men's Marathon,Distance,M,Gold
CAN,Canada,1928,Amsterdam,Men's 400 metres,Sprints,M,Silver
CAN,Canada,1928,Amsterdam,Men's 4 x 400 metres Relay,Relays,M,Bronze
CAN,Canada,1932,Los Angeles,Men's 4 x 400 metres Relay,Relays,M,Bronze
FRA,France,1968,Mexico City,Men's 4 x 100 metres Relay,Relays,M,Bronze
USA,United States,1984,Los Angeles,Men's 200 metres,Sprints,M,Silver
USA,United States,1928,Amsterdam,Men's 400 metres,Sprints,M,Gold
AUS,Australia,1906,Athina,Men's 100 metres,Sprints,M,Bronze
AUS,Australia,1906,Athina,Men's 400 metres,Sprints,M,Bronze
FIN,Finland,1936,Berlin,Men's Shot Put,Throws,M,Silver
USA,United States,1952,Helsinki,Men's 110 metres Hurdles,Hurdles & steeplechase,M,Bronze
USA,United States,1924,Paris,Men's Pole Vault,Jumps,M,Gold
USA,United States,1988,Seoul,Men's Shot Put,Throws,M,Silver
USA,United States,1996,Atlanta,Men's Shot Put,Throws,M,Gold
FRA,France,1980,Moskva,Men's 4 x 100 metres Relay,Relays,M,Bronze
USA,United States,2012,London,Women's High Jump,Jumps,F,Silver
USA,United States,2016,Rio de Janeiro,"Women's 1,500 metres",Middle distance,F,Bronze
CUB,Cuba,2008,Beijing,Women's Discus Throw,Throws,F,Silver
USA,United States,1920,Antwerpen,Men's 110 metres Hurdles,Hurdles & steeplechase,M,Silver
GUA,Guatemala,2012,London,Men's 20 kilometres Walk,Race walk,M,Silver
QAT,Qatar,2012,London,Men's High Jump,Jumps,M,Bronze
QAT,Qatar,2016,Rio de Janeiro,Men's High Jump,Jumps,M,Silver
URS,Soviet Union,1956,Melbourne,Men's 4 x 100 metres Relay,Relays,M,Silver
URS,Soviet Union,1960,Roma,Men's 4 x 100 metres Relay,Relays,M,Silver
LUX,Luxembourg,1952,Helsinki,"Men's 1,500 metres",Middle distance,M,Gold
URS,Soviet Union,1976,Montreal,Men's Shot Put,Throws,M,Bronze
URS,Soviet Union,1980,Moskva,Men's Shot Put,Throws,M,Silver
FRA,France,2016,Rio de Janeiro,Men's 110 metres Hurdles,Hurdles & steeplechase,M,Bronze
USA,United States,1928,Amsterdam,Men's Long Jump,Jumps,M,Bronze
USA,United States,1992,Barcelona,Men's 200 metres,Sprints,M,Bronze
USA,United States,1996,Atlanta,Women's 400 metres Hurdles,Hurdles & steeplechase,F,Silver
HUN,Hungary,1900,Paris,Men's Discus Throw,Throws,M,Gold
GBR,Great Britain,1996,Atlanta,Men's 4 x 400 metres Relay,Relays,M,Silver
AUT,Austria,1948,London,Women's Javelin Throw,Throws,F,Gold
FRG,West Germany,1988,Seoul,"Men's 5,000 metres",Distance,M,Silver
GER,Germany,1992,Barcelona,"Men's 5,000 metres",Distance,M,Gold
GDR,East Germany,1976,Montreal,"Men's 3,000 metres Steeplechase",Hurdles & steeplechase,M,Bronze
FRG,West Germany,1972,Munich,Men's Long Jump,Jumps,M,Silver
USA,United States,1932,Los Angeles,Men's Decathlon,Combined events,M,Gold
MEX,Mexico,1976,Montreal,Men's 20 kilometres Walk,Race walk,M,Gold
USA,United States,1900,Paris,Men's High Jump,Jumps,M,Gold
USA,United States,1900,Paris,Men's Standing High Jump,Jumps,M,Silver
USA,United States,1900,Paris,Men's Pole Vault,Jumps,M,Gold
USA,United States,1900,Paris,Men's Standing Long Jump,Jumps,M,Silver
USA,United States,1900,Paris,Men's Standing Triple Jump,Jumps,M,Silver
TAN,Tanzania,1980,Moskva,"Men's 3,000 metres Steeplechase",Hurdles & steeplechase,M,Silver
ETH,Ethiopia,1992,Barcelona,"Men's 5,000 metres",Distance,M,Bronze
USA,United States,1968,Mexico City,Men's Long Jump,Jumps,M,Gold
USA,United States,1932,Los Angeles,Men's 110 metres Hurdles,Hurdles & steeplechase,M,Silver
ITA,Italy,1932,Los Angeles,"Men's 1,500 metres",Middle distance,M,Gold
ITA,Italy,1936,Berlin,"Men's 1,500 metres",Middle distance,M,Bronze
GDR,East Germany,1980,Moskva,Men's 400 metres Hurdles,Hurdles & steeplechase,M,Gold
GDR,East Germany,1980,Moskva,Men's 4 x 400 metres Relay,Relays,M,Silver
FRG,West Germany,1976,Montreal,Women's Javelin Throw,Throws,F,Silver
JAM,Jamaica,1996,Atlanta,Men's Long Jump,Jumps,M,Silver
ROU,Romania,2000,Sydney,"Women's 1,500 metres",Middle distance,F,Silver
GDR,East Germany,1968,Mexico City,Men's Long Jump,Jumps,M,Silver
URS,Soviet Union,1956,Melbourne,Women's Discus Throw,Throws,F,Silver
GDR,East Germany,1988,Seoul,Women's Heptathlon,Combined events,F,Bronze
ESP,Spain,2016,Rio de Janeiro,Women's High Jump,Jumps,F,Gold
ETH,Ethiopia,2004,Athina,"Men's 5,000 metres",Distance,M,Silver
ETH,Ethiopia,2004,Athina,"Men's 10,000 metres",Distance,M,Gold
ETH,Ethiopia,2008,Beijing,"Men's 5,000 metres",Distance,M,Gold
ETH,Ethiopia,2008,Beijing,"Men's 10,000 metres",Distance,M,Gold
ETH,Ethiopia,2012,London,"Men's 10,000 metres",Distance,M,Bronze
USA,United States,1984,Los Angeles,Men's Pole Vault,Jumps,M,Bronze
USA,United States,1956,Melbourne,Men's Long Jump,Jumps,M,Gold
CAN,Canada,1928,Amsterdam,Women's 4 x 100 metres Relay,Relays,F,Gold
ITA,Italy,1984,Los Angeles,Men's 50 kilometres Walk,Race walk,M,Bronze
EUN,Unified Team,1992,Barcelona,Women's Heptathlon,Combined events,F,Silver
MAR,Morocco,1960,Roma,Men's Marathon,Distance,M,Silver
FRG,West Germany,1968,Mexico City,Men's Decathlon,Combined events,M,Bronze
MAR,Morocco,2004,Athina,Women's 800 metres,Middle distance,F,Silver
MAR,Morocco,2008,Beijing,Women's 800 metres,Middle distance,F,Bronze
USA,United States,1920,Antwerpen,Men's Hammer Throw,Throws,M,Bronze
USA,United States,1948,London,Men's Hammer Throw,Throws,M,Bronze
GBR,Great Britain,1900,Paris,"Men's 1,500 metres",Middle distance,M,Gold
GBR,Great Britain,1900,Paris,"Men's 4,000 metres Steeplechase",Hurdles & steeplechase,M,Silver
GBR,Amateur Athletic Association,1900,Paris,"Men's 5,000 metres, Team",Distance,M,Gold
USA,United States,1956,Melbourne,Men's Long Jump,Jumps,M,Silver
USA,United States,1984,Los Angeles,Women's Marathon,Distance,F,Gold
FIN,Finland,1924,Paris,"Men's 10,000 metres",Distance,M,Bronze
FIN,Finland,1924,Paris,"Men's Cross-Country, Team",Distance,M,Gold
SWE,Sweden,2000,Sydney,Women's High Jump,Jumps,F,Bronze
USA,United States,1912,Stockholm,"Men's 3,000 metres, Team",Distance,M,Gold
TTO,Trinidad and Tobago,1964,Tokyo,Men's 4 x 400 metres Relay,Relays,M,Bronze
ITA,Italy,1960,Roma,Men's 200 metres,Sprints,M,Gold
ITA,Italy,1924,Paris,Men's Marathon,Distance,M,Silver
FRA,France,1972,Munich,Men's 4 x 400 metres Relay,Relays,M,Bronze
ROU,Romania,1984,Los Angeles,Women's 800 metres,Middle distance,F,Gold
ROU,Romania,1984,Los Angeles,"Women's 1,500 metres",Middle distance,F,Silver
FRA,France,1968,Mexico City,Women's 400 metres,Sprints,F,Gold
GDR,East Germany,1976,Montreal,Men's Shot Put,Throws,M,Gold
GDR,East Germany,1980,Moskva,Men's Shot Put,Throws,M,Bronze
GER,Germany,1964,Tokyo,Men's Hammer Throw,Throws,M,Bronze
MAR,Morocco,2000,Sydney,Women's 400 metres Hurdles,Hurdles & steeplechase,F,Bronze
NOR,Norway,1912,Stockholm,Men's Pentathlon,Combined events,M,Gold
GER,Germany,1960,Roma,Women's 4 x 100 metres Relay,Relays,F,Silver
URS,Soviet Union,1964,Tokyo,"Men's 3,000 metres Steeplechase",Hurdles & steeplechase,M,Bronze
USA,United States,1952,Helsinki,Men's Long Jump,Jumps,M,Gold
GBR,Great Britain,1964,Tokyo,Women's Long Jump,Jumps,F,Gold
GBR,Great Britain,1964,Tokyo,Women's Pentathlon,Combined events,F,Silver
ETH,Ethiopia,1960,Roma,Men's Marathon,Distance,M,Gold
ETH,Ethiopia,1964,Tokyo,Men's Marathon,Distance,M,Gold
USA,United States,1904,St. Louis,Men's Standing Long Jump,Jumps,M,Bronze
USA,United States,1908,London,Men's Standing High Jump,Jumps,M,Silver
GBR,Great Britain,2008,Beijing,Men's 4 x 400 metres Relay,Relays,M,Bronze
AUS,Australia,2016,Rio de Janeiro,Men's 20 kilometres Walk,Race walk,M,Bronze
KEN,Kenya,1992,Barcelona,"Men's 3,000 metres Steeplechase",Hurdles & steeplechase,M,Gold
KEN,Kenya,1992,Barcelona,"Men's 5,000 metres",Distance,M,Silver
KEN,Kenya,1996,Atlanta,"Men's 5,000 metres",Distance,M,Silver
KEN,Kenya,1968,Mexico City,"Men's 3,000 metres Steeplechase",Hurdles & steeplechase,M,Gold
USA,United States,1928,Amsterdam,Men's Hammer Throw,Throws,M,Bronze
USA,United States,1972,Munich,Men's 200 metres,Sprints,M,Silver
USA,United States,1972,Munich,Men's 4 x 100 metres Relay,Relays,M,Gold
AUS,Australia,1964,Tokyo,Women's 200 metres,Sprints,F,Bronze
GBR,Great Britain,1996,Atlanta,Men's 400 metres,Sprints,M,Silver
BUL,Bulgaria,1972,Munich,Women's High Jump,Jumps,F,Silver
BUL,Bulgaria,1976,Montreal,Women's High Jump,Jumps,F,Bronze
USA,United States,1896,Athina,"Men's 1,500 metres",Middle distance,M,Silver
JAM,Jamaica,1996,Atlanta,Men's 4 x 400 metres Relay,Relays,M,Bronze
JAM,Jamaica,2012,London,Men's 100 metres,Sprints,M,Silver
JAM,Jamaica,2012,London,Men's 200 metres,Sprints,M,Silver
USA,United States,1936,Berlin,Women's 4 x 100 metres Relay,Relays,F,Gold
NED,Netherlands,1948,London,Women's 100 metres,Sprints,F,Gold
NED,Netherlands,1948,London,Women's 200 metres,Sprints,F,Gold
NED,Netherlands,1948,London,Women's 80 metres Hurdles,Hurdles & steeplechase,F,Gold
NED,Netherlands,1948,London,Women's 4 x 100 metres Relay,Relays,F,Gold
GER,Germany,1936,Berlin,Men's Hammer Throw,Throws,M,Silver
TTO,Trinidad and Tobago,2012,London,Men's 4 x 100 metres Relay,Relays,M,Silver
GBR,Great Britain,1920,Antwerpen,"Men's 3,000 metres, Team",Distance,M,Silver
GBR,Great Britain,1968,Mexico City,Women's 400 metres,Sprints,F,Silver
URS,Soviet Union,1980,Moskva,Women's 200 metres,Sprints,F,Silver
FRG,West Germany,1972,Munich,Women's 4 x 400 metres Relay,Relays,F,Bronze
GDR,East Germany,1976,Montreal,Women's 4 x 100 metres Relay,Relays,F,Gold
GDR,East Germany,1976,Montreal,Women's Pentathlon,Combined events,F,Silver
HUN,Hungary,1908,London,"Men's 1,600 metres Medley Relay",Relays,M,Bronze
EUN,Unified Team,1992,Barcelona,Women's 4 x 100 metres Relay,Relays,F,Silver
KEN,Kenya,1972,Munich,Men's 800 metres,Middle distance,M,Bronze
KEN,Kenya,2000,Sydney,"Men's 3,000 metres Steeplechase",Hurdles & steeplechase,M,Silver
TTO,Trinidad and Tobago,1996,Atlanta,Men's 100 metres,Sprints,M,Bronze
TTO,Trinidad and Tobago,1996,Atlanta,Men's 200 metres,Sprints,M,Bronze
TTO,Trinidad and Tobago,2000,Sydney,Men's 100 metres,Sprints,M,Silver
TTO,Trinidad and Tobago,2000,Sydney,Men's 200 metres,Sprints,M,Bronze
URS,Soviet Union,1960,Roma,"Men's 10,000 metres",Distance,M,Gold
JAM,Jamaica,2008,Beijing,Men's 100 metres,Sprints,M,Gold
JAM,Jamaica,2008,Beijing,Men's 200 metres,Sprints,M,Gold
JAM,Jamaica,2012,London,Men's 100 metres,Sprints,M,Gold
JAM,Jamaica,2012,London,Men's 200 metres,Sprints,M,Gold
JAM,Jamaica,2016,Rio de Janeiro,Men's 100 metres,Sprints,M,Gold
JAM,Jamaica,2016,Rio de Janeiro,Men's 200 metres,Sprints,M,Gold
URS,Soviet Union,1972,Munich,Men's Hammer Throw,Throws,M,Gold
URS,Soviet Union,1976,Montreal,Men's Hammer Throw,Throws,M,Bronze
UKR,Ukraine,2016,Rio de Janeiro,Men's High Jump,Jumps,M,Bronze
URS,Soviet Union,1988,Seoul,"Women's 10,000 metres",Distance,F,Gold
USA,United States,1906,Athina,"Men's 1,500 metres Walk",Race walk,M,Gold
USA,United States,1908,London,"Men's 3 mile, Team",Other,M,Silver
FRA,France,1908,London,"Men's 3 mile, Team",Other,M,Bronze
FRA,France,1924,Paris,"Men's 3,000 metres Steeplechase",Hurdles & steeplechase,M,Bronze
NED,Netherlands,1924,Paris,Men's 4 x 100 metres Relay,Relays,M,Bronze
USA,United States,1924,Paris,"Men's Cross-Country, Team",Distance,M,Silver
USA,United States,1928,Amsterdam,Men's 4 x 100 metres Relay,Relays,M,Gold
RUS,Russia,2008,Beijing,Men's 20 kilometres Walk,Race walk,M,Gold
GER,Germany,1932,Los Angeles,Men's 4 x 100 metres Relay,Relays,M,Silver
GER,Germany,1936,Berlin,Men's 4 x 100 metres Relay,Relays,M,Bronze
ITA,Italy,1988,Seoul,Men's Marathon,Distance,M,Gold
BEL,Belgium,2008,Beijing,Women's 4 x 100 metres Relay,Relays,F,Silver
RUS,Russia,2004,Athina,Men's 800 metres,Middle distance,M,Gold
URS,Soviet Union,1972,Munich,Men's 100 metres,Sprints,M,Gold
URS,Soviet Union,1972,Munich,Men's 200 metres,Sprints,M,Gold
URS,Soviet Union,1972,Munich,Men's 4 x 100 metres Relay,Relays,M,Silver
URS,Soviet Union,1976,Montreal,Men's 100 metres,Sprints,M,Bronze
USA,United States,1960,Roma,Men's Long Jump,Jumps,M,Gold
USA,United States,1964,Tokyo,Men's Long Jump,Jumps,M,Silver
USA,United States,1968,Mexico City,Men's Long Jump,Jumps,M,Bronze
FRA,France,1912,Stockholm,"Men's 5,000 metres",Distance,M,Silver
MAR,Morocco,1996,Atlanta,"Men's 5,000 metres",Distance,M,Bronze
ALG,Algeria,1992,Barcelona,"Women's 1,500 metres",Middle distance,F,Gold
USA,United States,1948,London,Men's 4 x 400 metres Relay,Relays,M,Gold
MAR,Morocco,1988,Seoul,"Men's 10,000 metres",Distance,M,Gold
USA,United States,2016,Rio de Janeiro,Women's 100 metres,Sprints,F,Silver
USA,United States,2016,Rio de Janeiro,Women's 200 metres,Sprints,F,Bronze
GER,Germany,1964,Tokyo,Women's Shot Put,Throws,F,Silver
AUS,Australia,1968,Mexico City,Women's 200 metres,Sprints,F,Silver
AUS,Australia,1972,Munich,Women's 100 metres,Sprints,F,Silver
AUS,Australia,1972,Munich,Women's 200 metres,Sprints,F,Silver
NOR,Norway,1956,Melbourne,Men's 800 metres,Middle distance,M,Bronze
USA,United States,1920,Antwerpen,Men's Pentathlon,Combined events,M,Silver
USA,United States,1960,Roma,Men's Pole Vault,Jumps,M,Gold
URS,Soviet Union,1972,Munich,"Women's 1,500 metres",Middle distance,F,Gold
RSA,South Africa,1952,Helsinki,Women's High Jump,Jumps,F,Gold
GBR,Great Britain,1956,Melbourne,"Men's 3,000 metres Steeplechase",Hurdles & steeplechase,M,Gold
GER,Germany,1932,Los Angeles,Women's Javelin Throw,Throws,F,Silver
GER,Germany,1908,London,Men's 800 metres,Middle distance,M,Bronze
GER,Germany,1908,London,"Men's 1,600 metres Medley Relay",Relays,M,Silver
GER,Germany,1912,Stockholm,Men's 400 metres,Sprints,M,Silver
GER,Germany,1992,Barcelona,Women's Heptathlon,Combined events,F,Bronze
USA,United States,1900,Paris,"Men's 1,500 metres",Middle distance,M,Bronze
BRA,Brazil,2016,Rio de Janeiro,Men's Pole Vault,Jumps,M,Gold
GDR,East Germany,1976,Montreal,Women's 400 metres,Sprints,F,Silver
GDR,East Germany,1976,Montreal,Women's 4 x 400 metres Relay,Relays,F,Gold
GDR,East Germany,1980,Moskva,Women's 400 metres,Sprints,F,Bronze
GDR,East Germany,1980,Moskva,Women's 4 x 400 metres Relay,Relays,F,Silver
USA,United States,1904,St. Louis,Men's 800 metres,Middle distance,M,Bronze
GDR,East Germany,1988,Seoul,Women's 4 x 400 metres Relay,Relays,F,Bronze
GER,Germany,1996,Atlanta,Women's 4 x 400 metres Relay,Relays,F,Bronze
USA,United States,2004,Athina,Men's 400 metres,Sprints,M,Bronze
USA,United States,2004,Athina,Men's 4 x 400 metres Relay,Relays,M,Gold
CAN,Canada,1908,London,Men's Long Jump,Jumps,M,Bronze
CAN,Canada,1912,Stockholm,Men's Long Jump,Jumps,M,Silver
GDR,East Germany,1972,Munich,Men's Shot Put,Throws,M,Bronze
GBR,Great Britain,1964,Tokyo,Men's 4 x 400 metres Relay,Relays,M,Silver
USA,United States,1984,Los Angeles,Women's 200 metres,Sprints,F,Gold
USA,United States,1984,Los Angeles,Women's 400 metres,Sprints,F,Gold
USA,United States,1984,Los Angeles,Women's 4 x 400 metres Relay,Relays,F,Gold
USA,United States,1988,Seoul,Women's 4 x 400 metres Relay,Relays,F,Silver
USA,United States,1928,Amsterdam,Men's Shot Put,Throws,M,Silver
USA,United States,2000,Sydney,Men's 4 x 100 metres Relay,Relays,M,Gold
USA,United States,1924,Paris,Men's Pole Vault,Jumps,M,Bronze
CAN,Canada,1936,Berlin,Women's 4 x 100 metres Relay,Relays,F,Bronze
NED,Netherlands,1952,Helsinki,Women's 200 metres,Sprints,F,Silver
USA,United States,1984,Los Angeles,Women's 100 metres,Sprints,F,Silver
GBR,Great Britain,1936,Berlin,Women's 4 x 100 metres Relay,Relays,F,Silver
USA,United States,1976,Montreal,Men's 4 x 400 metres Relay,Relays,M,Gold
BAH,Bahamas,2000,Sydney,Men's 4 x 400 metres Relay,Relays,M,Bronze
BAH,Bahamas,2012,London,Men's 4 x 400 metres Relay,Relays,M,Gold
BAH,Bahamas,2016,Rio de Janeiro,Men's 4 x 400 metres Relay,Relays,M,Bronze
USA,United States,1960,Roma,Women's Shot Put,Throws,F,Bronze
GBR,Great Britain,1936,Berlin,Men's 400 metres,Sprints,M,Silver
GBR,Great Britain,1936,Berlin,Men's 4 x 400 metres Relay,Relays,M,Gold
USA,United States,1920,Antwerpen,"Men's 3,000 metres, Team",Distance,M,Gold
USA,United States,1984,Los Angeles,Women's 400 metres Hurdles,Hurdles & steeplechase,F,Silver
USA,United States,1924,Paris,Men's High Jump,Jumps,M,Silver
USA,United States,1984,Los Angeles,Men's 4 x 100 metres Relay,Relays,M,Gold
USA,United States,2008,Beijing,Women's Discus Throw,Throws,F,Gold
AUS,Australia,1948,London,Men's Long Jump,Jumps,M,Silver
SWE,Sweden,1972,Munich,Men's Discus Throw,Throws,M,Bronze
ITA,Italy,2004,Athina,Men's 20 kilometres Walk,Race walk,M,Gold
URS,Soviet Union,1960,Roma,Men's High Jump,Jumps,M,Silver
URS,Soviet Union,1964,Tokyo,Men's High Jump,Jumps,M,Gold
ITA,Italy,1996,Atlanta,"Women's 5,000 metres",Distance,F,Bronze
ARG,Argentina,1924,Paris,Men's Triple Jump,Jumps,M,Silver
USA,United States,1976,Montreal,Women's 4 x 400 metres Relay,Relays,F,Silver
FIN,Finland,1984,Los Angeles,Men's 110 metres Hurdles,Hurdles & steeplechase,M,Bronze
URS,Soviet Union,1988,Seoul,Men's 4 x 100 metres Relay,Relays,M,Gold
URS,Soviet Union,1988,Seoul,Women's 400 metres,Sprints,F,Gold
URS,Soviet Union,1988,Seoul,Women's 4 x 400 metres Relay,Relays,F,Gold
EUN,Unified Team,1992,Barcelona,Women's 400 metres,Sprints,F,Silver
EUN,Unified Team,1992,Barcelona,Women's 4 x 400 metres Relay,Relays,F,Gold
UKR,Ukraine,2012,London,Women's 4 x 100 metres Relay,Relays,F,Bronze
LAT,Latvia,1936,Berlin,Men's 50 kilometres Walk,Race walk,M,Bronze
URS,Soviet Union,1988,Seoul,Men's Pole Vault,Jumps,M,Gold
GER,Germany,1928,Amsterdam,Men's 400 metres,Sprints,M,Bronze
ROU,Romania,1972,Munich,Women's 100 metres Hurdles,Hurdles & steeplechase,F,Silver
USA,United States,1996,Atlanta,Women's 400 metres Hurdles,Hurdles & steeplechase,F,Bronze
TCH,Czechoslovakia,1980,Moskva,Men's Discus Throw,Throws,M,Silver
URS,Soviet Union,1968,Mexico City,Women's 4 x 100 metres Relay,Relays,F,Bronze
SLO,Slovenia,1996,Atlanta,Women's 100 metres Hurdles,Hurdles & steeplechase,F,Silver
TUR,Turkey,2012,London,"Women's 1,500 metres",Middle distance,F,Silver
KEN,Kenya,2008,Beijing,Men's 800 metres,Middle distance,M,Gold
GBR,Great Britain,1988,Seoul,Men's 4 x 100 metres Relay,Relays,M,Silver
URS,Soviet Union,1980,Moskva,Men's 4 x 400 metres Relay,Relays,M,Gold
JAM,Jamaica,2000,Sydney,Women's 4 x 400 metres Relay,Relays,F,Silver
JAM,Jamaica,2004,Athina,Women's 4 x 400 metres Relay,Relays,F,Bronze
GBR,Great Britain,1928,Amsterdam,Men's 400 metres Hurdles,Hurdles & steeplechase,M,Gold
GBR,Great Britain,1932,Los Angeles,Men's 4 x 400 metres Relay,Relays,M,Silver
USA,United States,1896,Athina,Men's 100 metres,Sprints,M,Gold
USA,United States,1896,Athina,Men's 400 metres,Sprints,M,Gold
RUS,Russia,2004,Athina,Men's Triple Jump,Jumps,M,Bronze
JAM,Jamaica,1988,Seoul,Men's 4 x 400 metres Relay,Relays,M,Silver
USA,United States,1992,Barcelona,Men's 4 x 100 metres Relay,Relays,M,Gold
GER,Germany,1996,Atlanta,Men's Decathlon,Combined events,M,Silver
FRG,West Germany,1984,Los Angeles,Women's 4 x 400 metres Relay,Relays,F,Bronze
GBR,Great Britain,1920,Antwerpen,Men's 400 metres,Sprints,M,Silver
GBR,Great Britain,1924,Paris,Men's 400 metres,Sprints,M,Bronze
GBR,Great Britain,1924,Paris,Men's 4 x 400 metres Relay,Relays,M,Bronze
USA,United States,1976,Montreal,Men's Triple Jump,Jumps,M,Silver
URS,Soviet Union,1988,Seoul,Women's High Jump,Jumps,F,Bronze
SWE,Sweden,1924,Paris,Men's 4 x 400 metres Relay,Relays,M,Silver
SWE,Sweden,1928,Amsterdam,Men's 800 metres,Middle distance,M,Silver
USA,United States,1912,Stockholm,Men's Discus Throw,Throws,M,Silver
URS,Soviet Union,1964,Tokyo,Women's Pentathlon,Combined events,F,Bronze
CUB,Cuba,2016,Rio de Janeiro,Women's Discus Throw,Throws,F,Bronze
ARG,Argentina,1948,London,Men's Marathon,Distance,M,Gold
ESP,Spain,1992,Barcelona,"Men's 1,500 metres",Middle distance,M,Gold
ESP,Spain,1996,Atlanta,"Men's 1,500 metres",Middle distance,M,Silver
USA,United States,1936,Berlin,Men's 4 x 400 metres Relay,Relays,M,Silver
CHN,China,2016,Rio de Janeiro,Men's 20 kilometres Walk,Race walk,M,Silver
AUS,Australia,1968,Mexico City,Women's 80 metres Hurdles,Hurdles & steeplechase,F,Gold
TUR,Turkey,2012,London,"Women's 1,500 metres",Middle distance,F,Gold
ITA,Italy,1936,Berlin,Men's 4 x 100 metres Relay,Relays,M,Silver
USA,United States,1956,Melbourne,Men's 110 metres Hurdles,Hurdles & steeplechase,M,Gold
USA,United States,1960,Roma,Men's 110 metres Hurdles,Hurdles & steeplechase,M,Gold
JAM,Jamaica,2012,London,Women's 4 x 100 metres Relay,Relays,F,Silver
JPN,Japan,2016,Rio de Janeiro,Men's 4 x 100 metres Relay,Relays,M,Silver
CUB,Cuba,2008,Beijing,Men's Long Jump,Jumps,M,Bronze
GBR,Great Britain,2000,Sydney,Men's 200 metres,Sprints,M,Silver
GBR,Great Britain,2004,Athina,Men's 4 x 100 metres Relay,Relays,M,Gold
USA,United States,1952,Helsinki,Men's Decathlon,Combined events,M,Silver
USA,United States,1956,Melbourne,Men's Decathlon,Combined events,M,Gold
USA,United States,1988,Seoul,Men's 110 metres Hurdles,Hurdles & steeplechase,M,Bronze
JAM,Jamaica,2000,Sydney,Women's 4 x 100 metres Relay,Relays,F,Silver
JAM,Jamaica,2004,Athina,Women's 100 metres,Sprints,F,Bronze
JAM,Jamaica,2004,Athina,Women's 200 metres,Sprints,F,Gold
JAM,Jamaica,2008,Beijing,Women's 200 metres,Sprints,F,Gold
JAM,Jamaica,2012,London,Women's 100 metres,Sprints,F,Bronze
JAM,Jamaica,2016,Rio de Janeiro,Women's 4 x 100 metres Relay,Relays,F,Silver
MEX,Mexico,1984,Los Angeles,Men's 20 kilometres Walk,Race walk,M,Gold
USA,United States,2008,Beijing,Men's Shot Put,Throws,M,Silver
USA,United States,1932,Los Angeles,Women's 4 x 100 metres Relay,Relays,F,Gold
USA,United States,1968,Mexico City,Men's 200 metres,Sprints,M,Bronze
DEN,Denmark,1948,London,Women's Javelin Throw,Throws,F,Bronze
USA,United States,1960,Roma,Men's 200 metres,Sprints,M,Silver
USA,United States,1936,Berlin,Men's Discus Throw,Throws,M,Gold
USA,United States,1932,Los Angeles,Men's 400 metres,Sprints,M,Gold
USA,United States,1964,Tokyo,Men's 200 metres,Sprints,M,Gold
USA,United States,1964,Tokyo,Men's 4 x 400 metres Relay,Relays,M,Gold
USA,United States,1928,Amsterdam,Men's Pole Vault,Jumps,M,Gold
USA,United States,2016,Rio de Janeiro,Women's Shot Put,Throws,F,Gold
USA,United States,1984,Los Angeles,Men's Shot Put,Throws,M,Silver
USA,United States,1904,St. Louis,Men's 100 metres,Sprints,M,Silver
USA,United States,1904,St. Louis,Men's 200 metres,Sprints,M,Silver
USA,United States,1908,London,Men's 200 metres,Sprints,M,Bronze
USA,United States,1908,London,"Men's 1,600 metres Medley Relay",Relays,M,Gold
USA,United States,1968,Mexico City,Men's High Jump,Jumps,M,Silver
CUB,Cuba,1976,Montreal,Men's 110 metres Hurdles,Hurdles & steeplechase,M,Silver
CUB,Cuba,1980,Moskva,Men's 110 metres Hurdles,Hurdles & steeplechase,M,Silver
USA,United States,1928,Amsterdam,Men's Triple Jump,Jumps,M,Silver
FRA,Racing Club de France,1900,Paris,"Men's 5,000 metres, Team",Distance,M,Silver
ITA,Italy,1932,Los Angeles,Men's 4 x 100 metres Relay,Relays,M,Bronze
USA,United States,1904,St. Louis,Men's 200 metres Hurdles,Hurdles & steeplechase,M,Silver
USA,United States,2016,Rio de Janeiro,Women's 100 metres Hurdles,Hurdles & steeplechase,F,Bronze
CAN,Canada,1928,Amsterdam,Women's High Jump,Jumps,F,Gold
HAI,Haiti,1928,Amsterdam,Men's Long Jump,Jumps,M,Silver
USA,United States,1964,Tokyo,Men's 400 metres Hurdles,Hurdles & steeplechase,M,Gold
GBR,Great Britain,1952,Helsinki,Women's Long Jump,Jumps,F,Bronze
USA,United States,2016,Rio de Janeiro,"Men's 1,500 metres",Middle distance,M,Gold
SLO,Slovenia,2004,Athina,Women's 800 metres,Middle distance,F,Bronze
CUB,Cuba,2000,Sydney,Men's 4 x 100 metres Relay,Relays,M,Bronze
CAN,Canada,1992,Barcelona,"Women's 3,000 metres",Distance,F,Bronze
NZL,New Zealand,1964,Tokyo,Women's 800 metres,Middle distance,F,Bronze
FRA,France,1900,Paris,Men's Marathon,Distance,M,Silver
FRA,France,1984,Los Angeles,Women's 100 metres Hurdles,Hurdles & steeplechase,F,Bronze
FRA,France,1900,Paris,"Men's 2,500 metres Steeplechase",Hurdles & steeplechase,M,Bronze
USA,United States,1984,Los Angeles,Women's 400 metres,Sprints,F,Silver
FRA,France,1948,London,Men's 4 x 400 metres Relay,Relays,M,Silver
USA,United States,2016,Rio de Janeiro,"Men's 5,000 metres",Distance,M,Silver
KEN,Kenya,1992,Barcelona,"Men's 10,000 metres",Distance,M,Silver
CHN,China,2012,London,Men's 20 kilometres Walk,Race walk,M,Gold
CHN,China,1992,Barcelona,Women's 10 kilometres Walk,Race walk,F,Gold
URS,Soviet Union,1964,Tokyo,Women's High Jump,Jumps,F,Bronze
KEN,Kenya,2000,Sydney,Women's Marathon,Distance,F,Bronze
RUS,Russia,2008,Beijing,Women's 4 x 100 metres Relay,Relays,F,Gold
URS,Soviet Union,1980,Moskva,Women's 4 x 400 metres Relay,Relays,F,Gold
RUS,Russia,2008,Beijing,Women's Heptathlon,Combined events,F,Bronze
RUS,Russia,2012,London,Women's Heptathlon,Combined events,F,Bronze
KEN,Kenya,2012,London,"Women's 5,000 metres",Distance,F,Silver
KEN,Kenya,2012,London,"Women's 10,000 metres",Distance,F,Bronze
KEN,Kenya,2016,Rio de Janeiro,"Women's 5,000 metres",Distance,F,Gold
KEN,Kenya,2016,Rio de Janeiro,"Women's 10,000 metres",Distance,F,Silver
TPE,Chinese Taipei,1968,Mexico City,Women's 80 metres Hurdles,Hurdles & steeplechase,F,Bronze
RUS,Russia,2008,Beijing,Women's High Jump,Jumps,F,Bronze
RUS,Russia,2012,London,Women's High Jump,Jumps,F,Gold
GBR,Great Britain,2016,Rio de Janeiro,Women's 4 x 400 metres Relay,Relays,F,Bronze
USA,United States,1912,Stockholm,Men's Hammer Throw,Throws,M,Bronze
CUB,Cuba,1972,Munich,Women's 100 metres,Sprints,F,Bronze
CUB,Cuba,1972,Munich,Women's 4 x 100 metres Relay,Relays,F,Bronze
URS,Soviet Union,1968,Mexico City,Women's Shot Put,Throws,F,Bronze
URS,Soviet Union,1972,Munich,Women's Shot Put,Throws,F,Gold
URS,Soviet Union,1976,Montreal,Women's Shot Put,Throws,F,Silver
GBR,Great Britain,1988,Seoul,Men's 100 metres,Sprints,M,Silver
GBR,Great Britain,1992,Barcelona,Men's 100 metres,Sprints,M,Gold
URS,Soviet Union,1952,Helsinki,Women's High Jump,Jumps,F,Bronze
URS,Soviet Union,1952,Helsinki,Women's Long Jump,Jumps,F,Silver
URS,Soviet Union,1952,Helsinki,Women's Javelin Throw,Throws,F,Silver
POL,Poland,1960,Roma,Women's 4 x 100 metres Relay,Relays,F,Bronze
POL,Poland,1964,Tokyo,Women's 80 metres Hurdles,Hurdles & steeplechase,F,Silver
POL,Poland,1964,Tokyo,Women's 4 x 100 metres Relay,Relays,F,Gold
GDR,East Germany,1976,Montreal,Men's Marathon,Distance,M,Gold
GDR,East Germany,1980,Moskva,Men's Marathon,Distance,M,Gold
ROU,Romania,2004,Athina,"Women's 1,500 metres",Middle distance,F,Bronze
URS,Soviet Union,1988,Seoul,Women's Long Jump,Jumps,F,Bronze
GBR,Great Britain,1924,Paris,"Men's 3,000 metres, Team",Distance,M,Silver
USA,United States,1936,Berlin,Men's Decathlon,Combined events,M,Silver
USA,United States,1896,Athina,Men's High Jump,Jumps,M,Gold
USA,United States,1896,Athina,Men's Long Jump,Jumps,M,Gold
RSA,South Africa,1932,Los Angeles,Women's 80 metres Hurdles,Hurdles & steeplechase,F,Bronze
USA,United States,1924,Paris,Men's 4 x 100 metres Relay,Relays,M,Gold
AUS,Australia,1964,Tokyo,"Men's 10,000 metres",Distance,M,Bronze
BAH,Bahamas,1996,Atlanta,Women's 4 x 100 metres Relay,Relays,F,Silver
BAH,Bahamas,2000,Sydney,Women's 4 x 100 metres Relay,Relays,F,Gold
USA,United States,2004,Athina,Men's Decathlon,Combined events,M,Silver
USA,United States,2008,Beijing,Men's Decathlon,Combined events,M,Gold
USA,United States,2012,London,Men's Long Jump,Jumps,M,Bronze
USA,United States,2012,London,Men's Triple Jump,Jumps,M,Silver
USA,United States,2016,Rio de Janeiro,Men's Triple Jump,Jumps,M,Silver
USA,United States,2008,Beijing,Men's 400 metres Hurdles,Hurdles & steeplechase,M,Silver
USA,United States,2008,Beijing,Men's 4 x 400 metres Relay,Relays,M,Gold
USA,United States,2016,Rio de Janeiro,Men's 400 metres Hurdles,Hurdles & steeplechase,M,Gold
USA,United States,2016,Rio de Janeiro,Men's 4 x 400 metres Relay,Relays,M,Gold
USA,United States,1908,London,Men's 200 metres,Sprints,M,Silver
USA,United States,1948,London,Women's High Jump,Jumps,F,Gold
GBR,Great Britain,1908,London,"Men's 3 mile, Team",Other,M,Gold
CUB,Cuba,1968,Mexico City,Women's 4 x 100 metres Relay,Relays,F,Silver
USA,United States,2016,Rio de Janeiro,"Women's 3,000 metres Steeplechase",Hurdles & steeplechase,F,Bronze
USA,United States,1924,Paris,Men's 4 x 400 metres Relay,Relays,M,Gold
USA,United States,1960,Roma,Men's Discus Throw,Throws,M,Bronze
USA,United States,1948,London,Men's 400 metres Hurdles,Hurdles & steeplechase,M,Gold
GBR,Great Britain,1980,Moskva,Men's 800 metres,Middle distance,M,Silver
GBR,Great Britain,1980,Moskva,"Men's 1,500 metres",Middle distance,M,Gold
GBR,Great Britain,1984,Los Angeles,Men's 800 metres,Middle distance,M,Silver
GBR,Great Britain,1984,Los Angeles,"Men's 1,500 metres",Middle distance,M,Gold
USA,United States,1904,St. Louis,Men's Shot Put,Throws,M,Silver
ROU,Romania,1984,Los Angeles,Women's 400 metres Hurdles,Hurdles & steeplechase,F,Bronze
USA,United States,1952,Helsinki,Men's 4 x 400 metres Relay,Relays,M,Silver
USA,United States,1900,Paris,Men's Pole Vault,Jumps,M,Silver
USA,United States,1972,Munich,Men's 400 metres,Sprints,M,Silver
USA,United States,1928,Amsterdam,Men's 110 metres Hurdles,Hurdles & steeplechase,M,Bronze
CUB,Cuba,1980,Moskva,Women's Javelin Throw,Throws,F,Gold
USA,United States,1984,Los Angeles,Men's Triple Jump,Jumps,M,Silver
USA,United States,1992,Barcelona,Men's Triple Jump,Jumps,M,Gold
USA,United States,1956,Melbourne,Men's Hammer Throw,Throws,M,Gold
USA,United States,1924,Paris,"Men's 3,000 metres, Team",Distance,M,Bronze
USA,United States,1896,Athina,Men's High Jump,Jumps,M,Silver
USA,United States,1896,Athina,Men's Long Jump,Jumps,M,Bronze
USA,United States,1896,Athina,Men's Triple Jump,Jumps,M,Gold
USA,United States,1900,Paris,Men's Triple Jump,Jumps,M,Silver
GBR,Great Britain,1984,Los Angeles,Men's Triple Jump,Jumps,M,Bronze
ITA,Italy,1948,London,Men's Discus Throw,Throws,M,Gold
ITA,Italy,1952,Helsinki,Men's Discus Throw,Throws,M,Silver
USA,United States,1988,Seoul,Men's High Jump,Jumps,M,Silver
USA,United States,1992,Barcelona,Men's High Jump,Jumps,M,Bronze
USA,United States,1908,London,Men's Pole Vault,Jumps,M,Gold
GBR,Great Britain,1964,Tokyo,Men's 400 metres Hurdles,Hurdles & steeplechase,M,Silver
USA,United States,1928,Amsterdam,Women's Discus Throw,Throws,F,Silver
USA,United States,1932,Los Angeles,Women's Discus Throw,Throws,F,Gold
TUR,Turkey,2016,Rio de Janeiro,Men's 400 metres Hurdles,Hurdles & steeplechase,M,Bronze
ITA,Italy,1948,London,Women's Discus Throw,Throws,F,Silver
FRA,France,1904,St. Louis,Men's Marathon,Distance,M,Silver
FRA,Chicago Athletic Association,1904,St. Louis,"Men's 4 mile, Team",Other,M,Silver
GBR,Great Britain,1932,Los Angeles,"Men's 1,500 metres",Middle distance,M,Silver
USA,United States,1928,Amsterdam,Men's Discus Throw,Throws,M,Bronze
GER,Germany,1928,Amsterdam,Men's 4 x 100 metres Relay,Relays,M,Silver
AUS,Australia,1992,Barcelona,Women's Discus Throw,Throws,F,Bronze
GBR,Great Britain,1912,Stockholm,"Men's 3,000 metres, Team",Distance,M,Bronze
GBR,Great Britain,1912,Stockholm,"Men's Cross-Country, Team",Distance,M,Bronze
USA,United States,1956,Melbourne,Men's 800 metres,Middle distance,M,Gold
USA,United States,1956,Melbourne,Men's 4 x 400 metres Relay,Relays,M,Gold
ITA,Italy,1984,Los Angeles,"Men's 10,000 metres",Distance,M,Gold
USA,United States,1912,Stockholm,Men's 100 metres,Sprints,M,Gold
USA,United States,1912,Stockholm,Men's 200 metres,Sprints,M,Gold
GBR,Great Britain,1984,Los Angeles,"Men's 1,500 metres",Middle distance,M,Silver
TTO,Trinidad and Tobago,1976,Montreal,Men's 100 metres,Sprints,M,Gold
USA,United States,2004,Athina,Men's 200 metres,Sprints,M,Gold
USA,United States,2004,Athina,Men's 4 x 100 metres Relay,Relays,M,Silver
USA,United States,2008,Beijing,Men's 200 metres,Sprints,M,Silver
CUB,Cuba,2004,Athina,Women's Hammer Throw,Throws,F,Bronze
USA,United States,1996,Atlanta,Men's 110 metres Hurdles,Hurdles & steeplechase,M,Silver
USA,United States,2000,Sydney,Men's 110 metres Hurdles,Hurdles & steeplechase,M,Bronze
USA,United States,1900,Paris,Men's 800 metres,Middle distance,M,Silver
AUS,Australia,1956,Melbourne,Women's 4 x 100 metres Relay,Relays,F,Gold
USA,United States,1906,Athina,Men's Triple Jump,Jumps,M,Bronze
CAN,Canada,1984,Los Angeles,Women's 4 x 400 metres Relay,Relays,F,Silver
USA,United States,1928,Amsterdam,Women's 4 x 100 metres Relay,Relays,F,Silver
CAN,Canada,1964,Tokyo,Men's 800 metres,Middle distance,M,Silver
USA,United States,2016,Rio de Janeiro,Men's Shot Put,Throws,M,Gold
BRA,Brazil,1984,Los Angeles,Men's 800 metres,Middle distance,M,Gold
BRA,Brazil,1988,Seoul,Men's 800 metres,Middle distance,M,Silver
HUN,Hungary,1936,Berlin,Women's High Jump,Jumps,F,Gold
HUN,Hungary,1952,Helsinki,Men's 4 x 100 metres Relay,Relays,M,Bronze
HUN,Hungary,1952,Helsinki,Men's Hammer Throw,Throws,M,Gold
USA,United States,1928,Amsterdam,Men's 400 metres Hurdles,Hurdles & steeplechase,M,Silver
USA,United States,1956,Melbourne,Men's 400 metres Hurdles,Hurdles & steeplechase,M,Bronze
GER,Germany,1960,Roma,Men's 4 x 100 metres Relay,Relays,M,Gold
PUR,Puerto Rico,2012,London,Men's 400 metres Hurdles,Hurdles & steeplechase,M,Bronze
CUB,Cuba,2004,Athina,Women's Shot Put,Throws,F,Gold
GBR,Great Britain,1920,Antwerpen,"Men's Cross-Country, Team",Distance,M,Silver
USA,United States,1936,Berlin,"Men's 1,500 metres",Middle distance,M,Silver
USA,United States,1896,Athina,Men's 110 metres Hurdles,Hurdles & steeplechase,M,Gold
USA,United States,1960,Roma,Men's 400 metres Hurdles,Hurdles & steeplechase,M,Silver
AUS,Australia,1956,Melbourne,Women's 100 metres,Sprints,F,Gold
AUS,Australia,1956,Melbourne,Women's 200 metres,Sprints,F,Gold
AUS,Australia,1964,Tokyo,Women's 400 metres,Sprints,F,Gold
JAM,Jamaica,1992,Barcelona,Women's 100 metres,Sprints,F,Silver
JAM,Jamaica,1992,Barcelona,Women's 200 metres,Sprints,F,Silver
JAM,Jamaica,1996,Atlanta,Women's 4 x 100 metres Relay,Relays,F,Bronze
BRA,Brazil,1952,Helsinki,Men's High Jump,Jumps,M,Bronze
BRA,Brazil,1952,Helsinki,Men's Triple Jump,Jumps,M,Gold
BRA,Brazil,1956,Melbourne,Men's Triple Jump,Jumps,M,Gold
BRA,Brazil,1996,Atlanta,Men's 4 x 100 metres Relay,Relays,M,Bronze
BRA,Brazil,2000,Sydney,Men's 4 x 100 metres Relay,Relays,M,Silver
BRA,Brazil,1988,Seoul,Men's 200 metres,Sprints,M,Bronze
RSA,South Africa,1920,Antwerpen,Men's 4 x 400 metres Relay,Relays,M,Silver
SWE,Sweden,1906,Athina,Men's 5 mile,Other,M,Bronze
LAT,Latvia,1932,Los Angeles,Men's 50 kilometres Walk,Race walk,M,Silver
GBR,Great Britain,1904,St. Louis,"Men's 2,590 metres Steeplechase",Hurdles & steeplechase,M,Silver
GRE,Greece,1896,Athina,Men's Pole Vault,Jumps,M,Bronze
ITA,Italy,1980,Moskva,Men's 20 kilometres Walk,Race walk,M,Gold
ITA,Italy,1984,Los Angeles,Men's 20 kilometres Walk,Race walk,M,Bronze
ITA,Italy,1988,Seoul,Men's 20 kilometres Walk,Race walk,M,Bronze
TCH,Czechoslovakia,1964,Tokyo,Men's Discus Throw,Throws,M,Silver
TCH,Czechoslovakia,1968,Mexico City,Men's Discus Throw,Throws,M,Bronze
TCH,Czechoslovakia,1972,Munich,Men's Discus Throw,Throws,M,Gold
HUN,Hungary,1896,Athina,Men's 800 metres,Middle distance,M,Silver
USA,United States,1956,Melbourne,Women's 4 x 100 metres Relay,Relays,F,Bronze
NOR,Norway,1956,Melbourne,Men's Javelin Throw,Throws,M,Gold
FRG,West Germany,1984,Los Angeles,Men's Discus Throw,Throws,M,Gold
FRG,West Germany,1988,Seoul,Men's Discus Throw,Throws,M,Bronze
GBR,Great Britain,2008,Beijing,Women's 400 metres Hurdles,Hurdles & steeplechase,F,Bronze
USA,United States,1912,Stockholm,Men's 800 metres,Middle distance,M,Bronze
USA,United States,1968,Mexico City,Men's 110 metres Hurdles,Hurdles & steeplechase,M,Gold
USA,United States,1976,Montreal,Men's 110 metres Hurdles,Hurdles & steeplechase,M,Bronze
HUN,Hungary,1906,Athina,Men's Shot Put,Throws,M,Silver
NZL,New Zealand,1964,Tokyo,"Men's 1,500 metres",Middle distance,M,Bronze
GBR,Great Britain,1964,Tokyo,Men's Long Jump,Jumps,M,Gold
USA,United States,1952,Helsinki,Men's High Jump,Jumps,M,Gold
USA,United States,1996,Atlanta,Men's 400 metres Hurdles,Hurdles & steeplechase,M,Bronze
USA,United States,1956,Melbourne,Men's 400 metres Hurdles,Hurdles & steeplechase,M,Gold
USA,United States,1960,Roma,Men's 400 metres Hurdles,Hurdles & steeplechase,M,Gold
USA,United States,1960,Roma,Men's 4 x 400 metres Relay,Relays,M,Gold
USA,United States,1952,Helsinki,Men's 110 metres Hurdles,Hurdles & steeplechase,M,Silver
USA,United States,1956,Melbourne,Men's 110 metres Hurdles,Hurdles & steeplechase,M,Silver
USA,United States,1960,Roma,Men's 400 metres,Sprints,M,Gold
BAH,Bahamas,2000,Sydney,Women's 200 metres,Sprints,F,Gold
CAN,Canada,1932,Los Angeles,Women's High Jump,Jumps,F,Bronze
JAM,Jamaica,2012,London,Women's 4 x 400 metres Relay,Relays,F,Bronze
JAM,Jamaica,2016,Rio de Janeiro,Women's 4 x 400 metres Relay,Relays,F,Silver
BRA,Brazil,2008,Beijing,Men's 4 x 100 metres Relay,Relays,M,Bronze
ITA,Italy,1992,Barcelona,Men's 20 kilometres Walk,Race walk,M,Bronze
CAN,Canada,2016,Rio de Janeiro,Men's 100 metres,Sprints,M,Bronze
CAN,Canada,2016,Rio de Janeiro,Men's 200 metres,Sprints,M,Silver
BRA,Brazil,2004,Athina,Men's Marathon,Distance,M,Bronze
BRA,Brazil,1976,Montreal,Men's Triple Jump,Jumps,M,Bronze
BRA,Brazil,1980,Moskva,Men's Triple Jump,Jumps,M,Bronze
AUS,Australia,2004,Athina,Men's 20 kilometres Walk,Race walk,M,Bronze
USA,United States,1996,Atlanta,Men's Hammer Throw,Throws,M,Silver
USA,United States,1992,Barcelona,Men's 110 metres Hurdles,Hurdles & steeplechase,M,Silver
ETH,Ethiopia,2004,Athina,"Women's 5,000 metres",Distance,F,Gold
ETH,Ethiopia,2008,Beijing,"Women's 5,000 metres",Distance,F,Bronze
ETH,Ethiopia,2012,London,"Women's 5,000 metres",Distance,F,Gold
USA,United States,1948,London,Men's Shot Put,Throws,M,Silver
IRL,Ireland,1956,Melbourne,"Men's 1,500 metres",Middle distance,M,Gold
FRA,France,1964,Tokyo,Men's 4 x 100 metres Relay,Relays,M,Bronze
CUB,Cuba,1980,Moskva,Men's Discus Throw,Throws,M,Bronze
USA,United States,1964,Tokyo,"Men's 5,000 metres",Distance,M,Bronze
USA,United States,2012,London,Women's Long Jump,Jumps,F,Bronze
USA,United States,1988,Seoul,Men's 200 metres,Sprints,M,Gold
FRA,France,1900,Paris,"Men's 1,500 metres",Middle distance,M,Silver
USA,United States,1924,Paris,Men's Marathon,Distance,M,Bronze
BUL,Bulgaria,2016,Rio de Janeiro,Women's High Jump,Jumps,F,Silver
USA,United States,2012,London,Women's 400 metres Hurdles,Hurdles & steeplechase,F,Silver
USA,United States,1984,Los Angeles,Women's Discus Throw,Throws,F,Silver
USA,United States,1920,Antwerpen,Men's 400 metres Hurdles,Hurdles & steeplechase,M,Bronze
CAN,Canada,1904,St. Louis,Men's 56-pound Weight Throw,Throws,M,Gold
USA,United States,1992,Barcelona,Women's 100 metres,Sprints,F,Gold
USA,United States,1996,Atlanta,Women's 100 metres,Sprints,F,Gold
USA,United States,1996,Atlanta,Women's 4 x 100 metres Relay,Relays,F,Gold
GRE,Greece,2004,Athina,Women's Triple Jump,Jumps,F,Silver
GRE,Greece,2008,Beijing,Women's Triple Jump,Jumps,F,Bronze
VEN,Venezuela,1952,Helsinki,Men's Triple Jump,Jumps,M,Bronze
BLR,Belarus,2008,Beijing,Men's Hammer Throw,Throws,M,Silver
USA,United States,1904,St. Louis,Men's Hammer Throw,Throws,M,Silver
SEN,Senegal,1988,Seoul,Men's 400 metres Hurdles,Hurdles & steeplechase,M,Silver
GRE,Greece,1906,Athina,Men's High Jump,Jumps,M,Bronze
ETH,Ethiopia,2004,Athina,"Women's 10,000 metres",Distance,F,Silver
ETH,Ethiopia,2016,Rio de Janeiro,"Women's 1,500 metres",Middle distance,F,Silver
ETH,Ethiopia,2016,Rio de Janeiro,Women's Marathon,Distance,F,Bronze
ETH,Ethiopia,2004,Athina,"Women's 5,000 metres",Distance,F,Bronze
ETH,Ethiopia,2008,Beijing,"Women's 5,000 metres",Distance,F,Gold
ETH,Ethiopia,2008,Beijing,"Women's 10,000 metres",Distance,F,Gold
ETH,Ethiopia,2012,London,"Women's 5,000 metres",Distance,F,Bronze
ETH,Ethiopia,2012,London,"Women's 10,000 metres",Distance,F,Gold
ETH,Ethiopia,2016,Rio de Janeiro,"Women's 10,000 metres",Distance,F,Bronze
USA,United States,1932,Los Angeles,Women's 80 metres Hurdles,Hurdles & steeplechase,F,Gold
USA,United States,1932,Los Angeles,Women's High Jump,Jumps,F,Silver
USA,United States,1932,Los Angeles,Women's Javelin Throw,Throws,F,Gold
USA,United States,1984,Los Angeles,"Men's 3,000 metres Steeplechase",Hurdles & steeplechase,M,Bronze
USA,United States,1948,London,Men's 100 metres,Sprints,M,Gold
USA,United States,1948,London,Men's 4 x 100 metres Relay,Relays,M,Gold
USA,United States,1952,Helsinki,Men's 110 metres Hurdles,Hurdles & steeplechase,M,Gold
USA,United States,1952,Helsinki,Men's 4 x 100 metres Relay,Relays,M,Gold
USA,United States,1952,Helsinki,Men's Discus Throw,Throws,M,Bronze
GBR,Great Britain,1952,Helsinki,"Men's 3,000 metres Steeplechase",Hurdles & steeplechase,M,Bronze
ROU,Romania,2008,Beijing,Women's Marathon,Distance,F,Gold
USA,United States,2008,Beijing,Men's 100 metres,Sprints,M,Bronze
USA,United States,2008,Beijing,Men's 200 metres,Sprints,M,Bronze
USA,United States,1948,London,Men's 110 metres Hurdles,Hurdles & steeplechase,M,Bronze
NZL,New Zealand,1972,Munich,"Men's 1,500 metres",Middle distance,M,Bronze
FRG,West Germany,1988,Seoul,Men's 4 x 400 metres Relay,Relays,M,Bronze
UKR,Ukraine,2008,Beijing,Women's Heptathlon,Combined events,F,Gold
USA,United States,1992,Barcelona,Men's Shot Put,Throws,M,Silver
USA,United States,1928,Amsterdam,Men's Decathlon,Combined events,M,Bronze
TCH,Czechoslovakia,1952,Helsinki,Men's 50 kilometres Walk,Race walk,M,Silver
FRA,France,1924,Paris,"Men's Cross-Country, Team",Distance,M,Bronze
URS,Soviet Union,1980,Moskva,Women's Shot Put,Throws,F,Silver
GDR,East Germany,1980,Moskva,Men's Long Jump,Jumps,M,Gold
GER,Germany,1936,Berlin,"Men's 3,000 metres Steeplechase",Hurdles & steeplechase,M,Bronze
USA,United States,1912,Stockholm,Men's Pentathlon,Combined events,M,Silver
GER,Germany,1960,Roma,Women's 800 metres,Middle distance,F,Bronze
ITA,Italy,2012,London,Men's Triple Jump,Jumps,M,Bronze
CHN,China,2016,Rio de Janeiro,Men's Triple Jump,Jumps,M,Bronze
BUL,Bulgaria,1988,Seoul,Women's 100 metres Hurdles,Hurdles & steeplechase,F,Gold
BUL,Bulgaria,1992,Barcelona,Women's 100 metres Hurdles,Hurdles & steeplechase,F,Bronze
ITA,Italy,1952,Helsinki,Men's 50 kilometres Walk,Race walk,M,Gold
ITA,Italy,1984,Los Angeles,"Women's 1,500 metres",Middle distance,F,Gold
GRE,Greece,1906,Athina,Men's Stone Throw,Throws,M,Bronze
GRE,Greece,1908,London,"Men's Javelin Throw, Freestyle",Throws,M,Silver
GDR,East Germany,1988,Seoul,Women's Marathon,Distance,F,Bronze
AUS,Australia,1968,Mexico City,Men's 800 metres,Middle distance,M,Gold
TCH,Czechoslovakia,1932,Los Angeles,Men's Shot Put,Throws,M,Bronze
USA,United States,1948,London,Men's Long Jump,Jumps,M,Bronze
GBR,Great Britain,1992,Barcelona,Women's 4 x 400 metres Relay,Relays,F,Bronze
USA,United States,2000,Sydney,Women's Pole Vault,Jumps,F,Gold
USA,United States,1936,Berlin,Men's 4 x 100 metres Relay,Relays,M,Gold
USA,United States,1964,Tokyo,Men's 200 metres,Sprints,M,Silver
GDR,East Germany,1988,Seoul,Women's 100 metres,Sprints,F,Bronze
GDR,East Germany,1988,Seoul,Women's 200 metres,Sprints,F,Bronze
GDR,East Germany,1988,Seoul,Women's Long Jump,Jumps,F,Silver
GER,Germany,1992,Barcelona,Women's Long Jump,Jumps,F,Gold
GER,Germany,2000,Sydney,Women's Long Jump,Jumps,F,Gold
GDR,East Germany,1972,Munich,Men's Triple Jump,Jumps,M,Silver
USA,United States,1928,Amsterdam,Men's Pole Vault,Jumps,M,Silver
GDR,East Germany,1980,Moskva,Women's Shot Put,Throws,F,Bronze
USA,United States,2004,Athina,Women's Marathon,Distance,F,Bronze
CAN,Canada,2012,London,Men's High Jump,Jumps,M,Bronze
CAN,Canada,2016,Rio de Janeiro,Men's High Jump,Jumps,M,Gold
USA,United States,1996,Atlanta,Men's 4 x 100 metres Relay,Relays,M,Silver
FRA,France,1972,Munich,Men's 110 metres Hurdles,Hurdles & steeplechase,M,Silver
FRA,France,1976,Montreal,Men's 110 metres Hurdles,Hurdles & steeplechase,M,Gold
BLR,Belarus,1996,Atlanta,Men's Discus Throw,Throws,M,Silver
POL,Poland,1964,Tokyo,Men's 4 x 100 metres Relay,Relays,M,Silver
USA,United States,1956,Melbourne,Men's High Jump,Jumps,M,Gold
URS,Soviet Union,1952,Helsinki,Women's Discus Throw,Throws,F,Bronze
USA,United States,1912,Stockholm,Men's Discus Throw,Throws,M,Bronze
GER,Germany,1906,Athina,Men's 110 metres Hurdles,Hurdles & steeplechase,M,Bronze
POL,Poland,1980,Moskva,Men's 4 x 100 metres Relay,Relays,M,Silver
USA,United States,1936,Berlin,Men's Discus Throw,Throws,M,Silver
BEL,Belgium,1906,Athina,Men's Standing High Jump,Jumps,M,Silver
FRA,France,1964,Tokyo,Women's 800 metres,Middle distance,F,Silver
USA,United States,1904,St. Louis,Men's Pole Vault,Jumps,M,Gold
CZE,Czech Republic,1996,Atlanta,Men's Decathlon,Combined events,M,Bronze
AUS,Australia,2004,Athina,Men's 4 x 400 metres Relay,Relays,M,Silver
USA,United States,1932,Los Angeles,Men's 4 x 100 metres Relay,Relays,M,Gold
URS,Soviet Union,1980,Moskva,Men's Marathon,Distance,M,Bronze
USA,United States,1932,Los Angeles,Men's 400 metres,Sprints,M,Silver
USA,United States,2012,London,Men's Decathlon,Combined events,M,Gold
USA,United States,2016,Rio de Janeiro,Men's Decathlon,Combined events,M,Gold
GER,Germany,1932,Los Angeles,Men's Decathlon,Combined events,M,Bronze
USA,United States,1920,Antwerpen,Men's 800 metres,Middle distance,M,Silver
GDR,East Germany,1976,Montreal,Women's 200 metres,Sprints,F,Gold
GDR,East Germany,1980,Moskva,Women's 200 metres,Sprints,F,Gold
GBR,Great Britain,1920,Antwerpen,Men's 100 metres,Sprints,M,Bronze
GBR,Great Britain,1920,Antwerpen,Men's 200 metres,Sprints,M,Bronze
GBR,Great Britain,1996,Atlanta,Men's Triple Jump,Jumps,M,Silver
GBR,Great Britain,2000,Sydney,Men's Triple Jump,Jumps,M,Gold
JAM,Jamaica,1984,Los Angeles,Men's 4 x 100 metres Relay,Relays,M,Silver
CAN,Canada,1932,Los Angeles,Men's 800 metres,Middle distance,M,Bronze
CAN,Canada,1932,Los Angeles,"Men's 1,500 metres",Middle distance,M,Bronze
CAN,Canada,1936,Berlin,Men's 800 metres,Middle distance,M,Bronze
USA,United States,2000,Sydney,Women's 4 x 100 metres Relay,Relays,F,Bronze
NGR,Nigeria,1984,Los Angeles,Men's 4 x 400 metres Relay,Relays,M,Bronze
FRG,West Germany,1972,Munich,Men's 4 x 100 metres Relay,Relays,M,Bronze
GDR,East Germany,1972,Munich,Women's 100 metres Hurdles,Hurdles & steeplechase,F,Gold
ISL,Iceland,1956,Melbourne,Men's Triple Jump,Jumps,M,Silver
USA,United States,1908,London,"Men's 3,200 metres Steeplechase",Hurdles & steeplechase,M,Bronze
SWE,Sweden,1912,Stockholm,"Men's Cross-Country, Individual",Distance,M,Bronze
SWE,Sweden,1920,Antwerpen,Men's High Jump,Jumps,M,Bronze
MAR,Morocco,2000,Sydney,"Men's 1,500 metres",Middle distance,M,Silver
MAR,Morocco,2004,Athina,"Men's 1,500 metres",Middle distance,M,Gold
MAR,Morocco,2004,Athina,"Men's 5,000 metres",Distance,M,Gold
FRA,France,1928,Amsterdam,Men's Marathon,Distance,M,Gold
MAR,Morocco,1992,Barcelona,"Men's 1,500 metres",Middle distance,M,Silver
MAR,Morocco,1984,Los Angeles,Women's 400 metres Hurdles,Hurdles & steeplechase,F,Gold
SWE,Sweden,1984,Los Angeles,Men's Javelin Throw,Throws,M,Bronze
AUS,Australia,1960,Roma,"Men's 1,500 metres",Middle distance,M,Gold
GBR,Great Britain,1988,Seoul,"Men's 1,500 metres",Middle distance,M,Silver
USA,United States,2016,Rio de Janeiro,Women's 4 x 400 metres Relay,Relays,F,Gold
SWE,Sweden,1948,London,"Men's 3,000 metres Steeplechase",Hurdles & steeplechase,M,Silver
USA,United States,1924,Paris,Men's 800 metres,Middle distance,M,Bronze
SWE,Sweden,1920,Antwerpen,Men's 400 metres,Sprints,M,Bronze
GER,Germany,1928,Amsterdam,Men's 800 metres,Middle distance,M,Bronze
GER,Germany,1928,Amsterdam,Men's 4 x 400 metres Relay,Relays,M,Silver
USA,United States,1904,St. Louis,Men's Triple Jump,Jumps,M,Silver
GBR,Great Britain,2012,London,Women's Heptathlon,Combined events,F,Gold
GBR,Great Britain,2016,Rio de Janeiro,Women's Heptathlon,Combined events,F,Silver
KEN,Kenya,1988,Seoul,Men's 800 metres,Middle distance,M,Gold
SWE,Sweden,1948,London,"Men's 1,500 metres",Middle distance,M,Gold
FIN,Finland,1912,Stockholm,"Men's Cross-Country, Team",Distance,M,Silver
ITA,Italy,1984,Los Angeles,Men's Long Jump,Jumps,M,Bronze
USA,United States,1976,Montreal,Men's 200 metres,Sprints,M,Bronze
USA,United States,1968,Mexico City,Men's 400 metres,Sprints,M,Gold
USA,United States,1968,Mexico City,Men's 4 x 400 metres Relay,Relays,M,Gold
GBR,Great Britain,1932,Los Angeles,"Men's 3,000 metres Steeplechase",Hurdles & steeplechase,M,Silver
USA,United States,1988,Seoul,Men's 400 metres,Sprints,M,Bronze
USA,United States,1988,Seoul,Men's 4 x 400 metres Relay,Relays,M,Gold
FRG,West Germany,1984,Los Angeles,Women's Heptathlon,Combined events,F,Bronze
POR,Portugal,2008,Beijing,Men's Triple Jump,Jumps,M,Gold
USA,United States,1948,London,Men's 100 metres,Sprints,M,Silver
USA,United States,1948,London,Men's 200 metres,Sprints,M,Silver
USA,United States,1900,Paris,Men's Standing High Jump,Jumps,M,Gold
USA,United States,1900,Paris,Men's Standing Long Jump,Jumps,M,Gold
USA,United States,1900,Paris,Men's Standing Triple Jump,Jumps,M,Gold
USA,United States,1904,St. Louis,Men's Standing High Jump,Jumps,M,Gold
USA,United States,1904,St. Louis,Men's Standing Long Jump,Jumps,M,Gold
USA,United States,1904,St. Louis,Men's Standing Triple Jump,Jumps,M,Gold
USA,United States,1906,Athina,Men's Standing High Jump,Jumps,M,Gold
USA,United States,1906,Athina,Men's Standing Long Jump,Jumps,M,Gold
USA,United States,1908,London,Men's Standing High Jump,Jumps,M,Gold
USA,United States,1908,London,Men's Standing Long Jump,Jumps,M,Gold
MAR,Morocco,2000,Sydney,"Men's 3,000 metres Steeplechase",Hurdles & steeplechase,M,Bronze
LAT,Latvia,2000,Sydney,Men's 50 kilometres Walk,Race walk,M,Silver
USA,United States,1952,Helsinki,Women's 4 x 100 metres Relay,Relays,F,Gold
FRA,France,1912,Stockholm,Men's 4 x 400 metres Relay,Relays,M,Silver
FRG,West Germany,1972,Munich,Women's 800 metres,Middle distance,F,Gold
GBR,Great Britain,2012,London,"Men's 5,000 metres",Distance,M,Gold
GBR,Great Britain,2012,London,"Men's 10,000 metres",Distance,M,Gold
GBR,Great Britain,2016,Rio de Janeiro,"Men's 5,000 metres",Distance,M,Gold
GBR,Great Britain,2016,Rio de Janeiro,"Men's 10,000 metres",Distance,M,Gold
USA,United States,1992,Barcelona,Women's 400 metres Hurdles,Hurdles & steeplechase,F,Silver
USA,United States,1968,Mexico City,Men's 800 metres,Middle distance,M,Bronze
SWE,Sweden,1900,Paris,Men's Marathon,Distance,M,Bronze
URS,Soviet Union,1964,Tokyo,Men's Triple Jump,Jumps,M,Silver
USA,United States,2004,Athina,Women's 200 metres,Sprints,F,Silver
USA,United States,2008,Beijing,Women's 200 metres,Sprints,F,Silver
USA,United States,2008,Beijing,Women's 4 x 400 metres Relay,Relays,F,Gold
USA,United States,2012,London,Women's 200 metres,Sprints,F,Gold
USA,United States,2012,London,Women's 4 x 100 metres Relay,Relays,F,Gold
USA,United States,2016,Rio de Janeiro,Women's 400 metres,Sprints,F,Silver
RUS,Russia,2004,Athina,Women's Pole Vault,Jumps,F,Silver
RUS,Russia,2008,Beijing,Women's Pole Vault,Jumps,F,Bronze
USA,United States,1972,Munich,Women's 4 x 400 metres Relay,Relays,F,Silver
BAH,Bahamas,2004,Athina,Women's 200 metres,Sprints,F,Bronze
ESP,Spain,2004,Athina,Men's 20 kilometres Walk,Race walk,M,Silver
USA,United States,1968,Mexico City,Women's 100 metres,Sprints,F,Silver
GBR,Great Britain,1932,Los Angeles,Men's Marathon,Distance,M,Silver
USA,United States,1904,St. Louis,Men's Shot Put,Throws,M,Bronze
TCH,Czechoslovakia,1976,Montreal,Women's Shot Put,Throws,F,Bronze
GDR,East Germany,1988,Seoul,Women's 400 metres Hurdles,Hurdles & steeplechase,F,Bronze
CUB,Cuba,1964,Tokyo,Men's 100 metres,Sprints,M,Silver
CUB,Cuba,1968,Mexico City,Men's 4 x 100 metres Relay,Relays,M,Silver
TCH,Czechoslovakia,1956,Melbourne,Women's Discus Throw,Throws,F,Gold
GBR,Great Britain,1932,Los Angeles,Men's 110 metres Hurdles,Hurdles & steeplechase,M,Bronze
GBR,Great Britain,1936,Berlin,Men's 110 metres Hurdles,Hurdles & steeplechase,M,Silver
RUS,Russia,2008,Beijing,Women's 4 x 400 metres Relay,Relays,F,Silver
USA,United States,1924,Paris,Men's 400 metres,Sprints,M,Silver
USA,United States,1984,Los Angeles,Women's 100 metres Hurdles,Hurdles & steeplechase,F,Gold
CAN,Canada,1932,Los Angeles,Women's 4 x 100 metres Relay,Relays,F,Silver
AUS,Australia,1896,Athina,Men's 800 metres,Middle distance,M,Gold
AUS,Australia,1896,Athina,"Men's 1,500 metres",Middle distance,M,Gold
USA,United States,1900,Paris,Men's Hammer Throw,Throws,M,Gold
USA,United States,1904,St. Louis,Men's 56-pound Weight Throw,Throws,M,Silver
USA,United States,1904,St. Louis,Men's Hammer Throw,Throws,M,Gold
USA,United States,1908,London,Men's Hammer Throw,Throws,M,Gold
USA,United States,2008,Beijing,"Women's 10,000 metres",Distance,F,Silver
GER,Germany,1932,Los Angeles,Women's Javelin Throw,Throws,F,Bronze
GER,Germany,1936,Berlin,Women's Javelin Throw,Throws,F,Gold
AUS,Australia,1988,Seoul,Women's 400 metres Hurdles,Hurdles & steeplechase,F,Gold
ISL,Iceland,2000,Sydney,Women's Pole Vault,Jumps,F,Bronze
USA,United States,1920,Antwerpen,"Men's 3,000 metres Steeplechase",Hurdles & steeplechase,M,Silver
SWE,Sweden,1912,Stockholm,"Men's 3,000 metres, Team",Distance,M,Silver
HUN,Hungary,1952,Helsinki,Men's Long Jump,Jumps,M,Bronze
GER,Germany,1992,Barcelona,Women's Javelin Throw,Throws,F,Bronze
USA,United States,1908,London,Men's Marathon,Distance,M,Bronze
AUS,Australia,1992,Barcelona,Men's High Jump,Jumps,M,Bronze
USA,United States,1968,Mexico City,Men's High Jump,Jumps,M,Gold
USA,United States,1920,Antwerpen,Men's Pole Vault,Jumps,M,Gold
GBR,Great Britain,1976,Montreal,"Men's 10,000 metres",Distance,M,Bronze
CAN,Canada,1948,London,Women's 4 x 100 metres Relay,Relays,F,Bronze
USA,United States,1984,Los Angeles,Men's 110 metres Hurdles,Hurdles & steeplechase,M,Silver
USA,United States,2008,Beijing,Women's Heptathlon,Combined events,F,Silver
USA,United States,1904,St. Louis,Men's Long Jump,Jumps,M,Silver
USA,United States,1906,Athina,Men's Marathon,Distance,M,Bronze
JAM,Jamaica,2008,Beijing,Women's 100 metres,Sprints,F,Gold
JAM,Jamaica,2012,London,Women's 100 metres,Sprints,F,Gold
JAM,Jamaica,2012,London,Women's 200 metres,Sprints,F,Silver
JAM,Jamaica,2016,Rio de Janeiro,Women's 100 metres,Sprints,F,Bronze
USA,United States,1976,Montreal,Men's 400 metres,Sprints,M,Bronze
NAM,Namibia,1992,Barcelona,Men's 100 metres,Sprints,M,Silver
NAM,Namibia,1992,Barcelona,Men's 200 metres,Sprints,M,Silver
NAM,Namibia,1996,Atlanta,Men's 100 metres,Sprints,M,Silver
NAM,Namibia,1996,Atlanta,Men's 200 metres,Sprints,M,Silver
AUS,Australia,1996,Atlanta,Women's 400 metres,Sprints,F,Silver
AUS,Australia,2000,Sydney,Women's 400 metres,Sprints,F,Gold
AUS,Australia,1960,Roma,Men's 20 kilometres Walk,Race walk,M,Silver
USA,United States,1968,Mexico City,Men's 400 metres,Sprints,M,Bronze
GER,Germany,1992,Barcelona,Men's Marathon,Distance,M,Bronze
GDR,East Germany,1980,Moskva,Men's High Jump,Jumps,M,Bronze
GDR,East Germany,1972,Munich,Men's 20 kilometres Walk,Race walk,M,Gold
GDR,East Germany,1976,Montreal,Men's 20 kilometres Walk,Race walk,M,Bronze
USA,United States,1906,Athina,Men's Long Jump,Jumps,M,Bronze
ITA,Italy,1920,Antwerpen,"Men's 3,000 metres Walk",Race walk,M,Gold
ITA,Italy,1920,Antwerpen,Men's 10 kilometres Walk,Race walk,M,Gold
ITA,Italy,1924,Paris,Men's 10 kilometres Walk,Race walk,M,Gold
ITA,Italy,1932,Los Angeles,Men's 50 kilometres Walk,Race walk,M,Bronze
USA,United States,1948,London,Men's Shot Put,Throws,M,Bronze
USA,United States,1952,Helsinki,Men's Shot Put,Throws,M,Bronze
GDR,East Germany,1972,Munich,Women's Javelin Throw,Throws,F,Gold
GDR,East Germany,1976,Montreal,Women's Javelin Throw,Throws,F,Gold
GER,Germany,1956,Melbourne,Men's 4 x 100 metres Relay,Relays,M,Bronze
RUS,Russia,2004,Athina,Women's 4 x 100 metres Relay,Relays,F,Silver
BEL,Belgium,1948,London,Men's Marathon,Distance,M,Bronze
FRA,France,1996,Atlanta,Men's Pole Vault,Jumps,M,Gold
USA,United States,1984,Los Angeles,Women's 800 metres,Middle distance,F,Silver
USA,United States,1988,Seoul,Women's 800 metres,Middle distance,F,Bronze
TUN,Tunisia,1964,Tokyo,"Men's 10,000 metres",Distance,M,Silver
TUN,Tunisia,1968,Mexico City,"Men's 5,000 metres",Distance,M,Gold
TUN,Tunisia,1968,Mexico City,"Men's 10,000 metres",Distance,M,Bronze
TUN,Tunisia,1972,Munich,"Men's 5,000 metres",Distance,M,Silver
GDR,East Germany,1988,Seoul,Women's Discus Throw,Throws,F,Silver
CUB,Cuba,2000,Sydney,Men's 110 metres Hurdles,Hurdles & steeplechase,M,Gold
CUB,Cuba,2004,Athina,Men's 110 metres Hurdles,Hurdles & steeplechase,M,Bronze
ESP,Spain,1992,Barcelona,Men's Pole Vault,Jumps,M,Bronze
CUB,Cuba,2000,Sydney,Men's Triple Jump,Jumps,M,Silver
SWE,Sweden,1976,Montreal,"Men's 3,000 metres Steeplechase",Hurdles & steeplechase,M,Gold
WIF,West Indies Federation,1960,Roma,Men's 4 x 400 metres Relay,Relays,M,Bronze
GBR,Great Britain,1948,London,Women's 80 metres Hurdles,Hurdles & steeplechase,F,Silver
USA,United States,1908,London,Men's 110 metres Hurdles,Hurdles & steeplechase,M,Silver
USA,United States,1908,London,Men's Shot Put,Throws,M,Bronze
USA,United States,1896,Athina,Men's Long Jump,Jumps,M,Silver
USA,United States,1896,Athina,Men's Shot Put,Throws,M,Gold
USA,United States,1896,Athina,Men's Discus Throw,Throws,M,Gold
USA,United States,1900,Paris,Men's Standing Triple Jump,Jumps,M,Bronze
USA,United States,1900,Paris,Men's Shot Put,Throws,M,Bronze
URS,Soviet Union,1988,Seoul,Men's Pole Vault,Jumps,M,Silver
USA,United States,1952,Helsinki,Men's 200 metres,Sprints,M,Bronze
USA,United States,2004,Athina,Men's 100 metres,Sprints,M,Gold
USA,United States,2004,Athina,Men's 200 metres,Sprints,M,Bronze
USA,United States,2012,London,Men's 100 metres,Sprints,M,Bronze
USA,United States,2016,Rio de Janeiro,Men's 100 metres,Sprints,M,Silver
GDR,East Germany,1980,Moskva,Men's 50 kilometres Walk,Race walk,M,Gold
GDR,East Germany,1988,Seoul,Men's 50 kilometres Walk,Race walk,M,Bronze
URS,Soviet Union,1976,Montreal,Men's 400 metres Hurdles,Hurdles & steeplechase,M,Bronze
URS,Soviet Union,1968,Mexico City,Men's High Jump,Jumps,M,Bronze
ETH,Ethiopia,2012,London,"Men's 5,000 metres",Distance,M,Silver
ETH,Ethiopia,2016,Rio de Janeiro,"Men's 5,000 metres",Distance,M,Bronze
ETH,Ethiopia,1996,Atlanta,"Men's 10,000 metres",Distance,M,Gold
ETH,Ethiopia,2000,Sydney,"Men's 10,000 metres",Distance,M,Gold
GER,Germany,1952,Helsinki,Men's 4 x 400 metres Relay,Relays,M,Bronze
ETH,Ethiopia,2012,London,Women's Marathon,Distance,F,Gold
ITA,Italy,1968,Mexico City,Men's Triple Jump,Jumps,M,Bronze
SWE,Sweden,1928,Amsterdam,Women's 800 metres,Middle distance,F,Bronze
GRE,Greece,1904,St. Louis,Men's Discus Throw,Throws,M,Bronze
GRE,Greece,1906,Athina,Men's Stone Throw,Throws,M,Gold
GRE,Greece,1906,Athina,Men's Discus Throw,Throws,M,Silver
GRE,Greece,1906,Athina,"Men's Discus Throw, Greek Style",Throws,M,Silver
MAR,Morocco,2008,Beijing,Men's Marathon,Distance,M,Silver
TUN,Tunisia,2012,London,"Women's 3,000 metres Steeplechase",Hurdles & steeplechase,F,Silver
ITA,Italy,2004,Athina,Men's Pole Vault,Jumps,M,Bronze
USA,United States,1908,London,Men's Discus Throw,Throws,M,Silver
GBR,Great Britain,1928,Amsterdam,Men's 4 x 100 metres Relay,Relays,M,Bronze
CAN,Canada,1912,Stockholm,Men's Hammer Throw,Throws,M,Silver
AUS,Australia,1956,Melbourne,Men's 4 x 400 metres Relay,Relays,M,Silver
FRA,France,1996,Atlanta,Women's 100 metres Hurdles,Hurdles & steeplechase,F,Bronze
NED,Netherlands,1928,Amsterdam,Women's High Jump,Jumps,F,Silver
RSA,South Africa,1912,Stockholm,Men's Marathon,Distance,M,Silver
USA,United States,1976,Montreal,Men's 4 x 100 metres Relay,Relays,M,Gold
USA,United States,1906,Athina,Men's Pole Vault,Jumps,M,Bronze
GBR,Great Britain,1896,Athina,Men's 400 metres,Sprints,M,Bronze
GBR,Great Britain,1980,Moskva,Women's 4 x 100 metres Relay,Relays,F,Bronze
GBR,Great Britain,1984,Los Angeles,Women's 4 x 100 metres Relay,Relays,F,Bronze
SUI,Switzerland,1948,London,Men's 50 kilometres Walk,Race walk,M,Silver
USA,United States,1996,Atlanta,Men's Shot Put,Throws,M,Silver
USA,United States,2000,Sydney,Men's Shot Put,Throws,M,Bronze
GRE,Greece,1896,Athina,Men's 800 metres,Middle distance,M,Bronze
URS,Soviet Union,1952,Helsinki,Women's 80 metres Hurdles,Hurdles & steeplechase,F,Silver
NED,Netherlands,1968,Mexico City,Women's 800 metres,Middle distance,F,Bronze
RUS,Russia,2000,Sydney,Women's 4 x 400 metres Relay,Relays,F,Bronze
HUN,Hungary,1900,Paris,Men's High Jump,Jumps,M,Bronze
HUN,Hungary,1906,Athina,Men's High Jump,Jumps,M,Silver
FRA,France,1906,Athina,Men's Pole Vault,Jumps,M,Gold
CHN,China,2012,London,Women's Shot Put,Throws,F,Bronze
MEX,Mexico,2016,Rio de Janeiro,Women's 20 kilometres Walk,Race walk,F,Silver
MEX,Mexico,1984,Los Angeles,Men's 20 kilometres Walk,Race walk,M,Silver
MEX,Mexico,1984,Los Angeles,Men's 50 kilometres Walk,Race walk,M,Gold
GBR,Great Britain,1924,Paris,Men's 10 kilometres Walk,Race walk,M,Silver
URS,Soviet Union,1952,Helsinki,Women's Javelin Throw,Throws,F,Bronze
URS,Soviet Union,1964,Tokyo,Women's Javelin Throw,Throws,F,Bronze
USA,United States,1948,London,Men's Discus Throw,Throws,M,Bronze
USA,United States,1956,Melbourne,Men's Discus Throw,Throws,M,Silver
USA,United States,1932,Los Angeles,Men's Long Jump,Jumps,M,Gold
TTO,Trinidad and Tobago,2012,London,Men's 400 metres,Sprints,M,Bronze
ARG,Argentina,1952,Helsinki,Men's Marathon,Distance,M,Silver
URS,Soviet Union,1960,Roma,Men's Triple Jump,Jumps,M,Silver
CAN,Canada,1912,Stockholm,Men's 10 kilometres Walk,Race walk,M,Gold
GBR,Great Britain,1896,Athina,Men's 110 metres Hurdles,Hurdles & steeplechase,M,Silver
USA,United States,1924,Paris,Men's Long Jump,Jumps,M,Silver
USA,United States,1952,Helsinki,Men's Long Jump,Jumps,M,Silver
GRE,Greece,1896,Athina,Men's Shot Put,Throws,M,Silver
GBR,Great Britain,2012,London,Men's High Jump,Jumps,M,Bronze
USA,United States,1984,Los Angeles,Men's 100 metres,Sprints,M,Silver
AUT,Austria,2000,Sydney,Women's 800 metres,Middle distance,F,Silver
USA,United States,1924,Paris,Men's Pole Vault,Jumps,M,Silver
USA,United States,1996,Atlanta,Women's 4 x 400 metres Relay,Relays,F,Gold
JAM,Jamaica,2000,Sydney,Women's 400 metres,Sprints,F,Silver
JAM,Jamaica,1992,Barcelona,Men's 400 metres Hurdles,Hurdles & steeplechase,M,Silver
USA,United States,1992,Barcelona,Men's 800 metres,Middle distance,M,Bronze
GBR,Great Britain,1932,Los Angeles,Men's 50 kilometres Walk,Race walk,M,Gold
USA,United States,1968,Mexico City,Men's 100 metres,Sprints,M,Bronze
USA,United States,1968,Mexico City,Men's 4 x 100 metres Relay,Relays,M,Gold
USA,United States,1992,Barcelona,Men's Long Jump,Jumps,M,Bronze
USA,United States,1996,Atlanta,Men's Long Jump,Jumps,M,Bronze
USA,United States,2000,Sydney,Men's 100 metres,Sprints,M,Gold
USA,United States,2004,Athina,Men's 100 metres,Sprints,M,Bronze
USA,United States,1984,Los Angeles,Women's 200 metres,Sprints,F,Silver
USA,United States,1988,Seoul,Women's 100 metres,Sprints,F,Gold
USA,United States,1988,Seoul,Women's 200 metres,Sprints,F,Gold
AUS,Australia,2000,Sydney,Women's Pole Vault,Jumps,F,Silver
GER,Germany,1960,Roma,"Men's 5,000 metres",Distance,M,Silver
GER,Germany,1960,Roma,"Men's 10,000 metres",Distance,M,Silver
USA,United States,1904,St. Louis,Men's 400 metres,Sprints,M,Bronze
YUG,Yugoslavia,1948,London,Men's Hammer Throw,Throws,M,Silver
MEX,Mexico,2004,Athina,Women's 400 metres,Sprints,F,Silver
FRA,France,1920,Antwerpen,"Men's 5,000 metres",Distance,M,Gold
FRA,France,1920,Antwerpen,"Men's 10,000 metres",Distance,M,Silver
URS,Soviet Union,1980,Moskva,Women's Javelin Throw,Throws,F,Silver
USA,United States,1904,St. Louis,Men's All-Around Championship,Other,M,Silver
GBR,Great Britain,1920,Antwerpen,Men's 10 kilometres Walk,Race walk,M,Bronze
GBR,Great Britain,1992,Barcelona,Women's 400 metres Hurdles,Hurdles & steeplechase,F,Gold
SUI,Switzerland,1988,Seoul,Men's Shot Put,Throws,M,Bronze
AUT,Austria,1972,Munich,Women's High Jump,Jumps,F,Bronze
URS,Soviet Union,1968,Mexico City,Men's Shot Put,Throws,M,Bronze
SWE,Sweden,1984,Los Angeles,Men's 50 kilometres Walk,Race walk,M,Silver
USA,United States,1956,Melbourne,Men's Pole Vault,Jumps,M,Silver
USA,United States,1912,Stockholm,Men's Long Jump,Jumps,M,Gold
HUN,Hungary,1948,London,Women's Long Jump,Jumps,F,Gold
GER,Germany,1956,Melbourne,Men's 400 metres,Sprints,M,Silver
IRI,Iran,2012,London,Men's Discus Throw,Throws,M,Silver
SWE,Sweden,1948,London,"Men's 3,000 metres Steeplechase",Hurdles & steeplechase,M,Bronze
USA,United States,1904,St. Louis,Men's 60 metres,Sprints,M,Gold
USA,United States,1904,St. Louis,Men's 100 metres,Sprints,M,Gold
USA,United States,1904,St. Louis,Men's 200 metres,Sprints,M,Gold
USA,United States,1906,Athina,Men's 100 metres,Sprints,M,Gold
NZL,New Zealand,1960,Roma,"Men's 5,000 metres",Distance,M,Gold
USA,United States,1992,Barcelona,Men's 4 x 400 metres Relay,Relays,M,Gold
USA,United States,1900,Paris,Men's 800 metres,Middle distance,M,Bronze
USA,United States,1968,Mexico City,Men's 110 metres Hurdles,Hurdles & steeplechase,M,Silver
USA,United States,1932,Los Angeles,Women's 80 metres Hurdles,Hurdles & steeplechase,F,Silver
GBR,Great Britain,1908,London,"Men's 1,500 metres",Middle distance,M,Bronze
CAN,Canada,1912,Stockholm,Men's Pole Vault,Jumps,M,Bronze
NOR,Norway,1908,London,Men's Javelin Throw,Throws,M,Silver
NOR,Norway,1908,London,"Men's Javelin Throw, Freestyle",Throws,M,Bronze
GBR,Great Britain,1932,Los Angeles,Women's 4 x 100 metres Relay,Relays,F,Bronze
GBR,Great Britain,1906,Athina,Men's 400 metres,Sprints,M,Silver
GBR,Great Britain,1906,Athina,Men's 800 metres,Middle distance,M,Bronze
GBR,Great Britain,1908,London,Men's 400 metres,Sprints,M,Gold
GER,Germany,1936,Berlin,Men's 4 x 400 metres Relay,Relays,M,Bronze
USA,United States,1920,Antwerpen,Men's Decathlon,Combined events,M,Silver
USA,United States,1928,Amsterdam,Men's Long Jump,Jumps,M,Gold
ALG,Algeria,2000,Sydney,Men's High Jump,Jumps,M,Bronze
USA,United States,1972,Munich,Women's 400 metres,Sprints,F,Bronze
GBR,Great Britain,1932,Los Angeles,Men's 800 metres,Middle distance,M,Gold
USA,United States,1976,Montreal,Men's 200 metres,Sprints,M,Silver
GDR,East Germany,1980,Moskva,Men's Javelin Throw,Throws,M,Bronze
USA,United States,1964,Tokyo,Men's Pole Vault,Jumps,M,Gold
NOR,Norway,1924,Paris,Men's Long Jump,Jumps,M,Bronze
FRA,France,1948,London,Men's 800 metres,Middle distance,M,Bronze
JPN,Japan,1936,Berlin,Men's Triple Jump,Jumps,M,Silver
USA,United States,2012,London,Men's Decathlon,Combined events,M,Silver
USA,United States,1932,Los Angeles,Men's 400 metres Hurdles,Hurdles & steeplechase,M,Silver
USA,United States,1936,Berlin,Men's 400 metres Hurdles,Hurdles & steeplechase,M,Gold
USA,United States,1900,Paris,Men's Hammer Throw,Throws,M,Silver
USA,United States,1904,St. Louis,Men's All-Around Championship,Other,M,Bronze
FIN,Finland,2000,Sydney,Men's Shot Put,Throws,M,Gold
FIN,Finland,1984,Los Angeles,Men's Javelin Throw,Throws,M,Gold
USA,United States,2008,Beijing,Women's 100 metres Hurdles,Hurdles & steeplechase,F,Gold
USA,United States,2012,London,Women's 100 metres Hurdles,Hurdles & steeplechase,F,Silver
GBR,Great Britain,1936,Berlin,Men's Marathon,Distance,M,Silver
USA,United States,1984,Los Angeles,Men's 400 metres Hurdles,Hurdles & steeplechase,M,Silver
USA,United States,2004,Athina,Men's 400 metres,Sprints,M,Silver
USA,United States,1996,Atlanta,Men's 4 x 400 metres Relay,Relays,M,Gold
USA,United States,2000,Sydney,Men's 400 metres,Sprints,M,Silver
USA,United States,1996,Atlanta,Men's Triple Jump,Jumps,M,Gold
GER,Germany,2016,Rio de Janeiro,Men's Discus Throw,Throws,M,Gold
GER,Germany,2012,London,Men's Discus Throw,Throws,M,Gold
USA,United States,1924,Paris,Men's Shot Put,Throws,M,Silver
GER,Germany,1960,Roma,Men's 100 metres,Sprints,M,Gold
USA,Chicago Athletic Association,1904,St. Louis,"Men's 4 mile, Team",Other,M,Silver
JAM,Jamaica,2000,Sydney,Men's 400 metres,Sprints,M,Bronze
USA,United States,1912,Stockholm,Men's 110 metres Hurdles,Hurdles & steeplechase,M,Bronze
GBR,Great Britain,1906,Athina,Men's 5 mile,Other,M,Gold
USA,United States,1964,Tokyo,Men's 100 metres,Sprints,M,Gold
USA,United States,2004,Athina,Women's 100 metres Hurdles,Hurdles & steeplechase,F,Gold
USA,United States,1908,London,Men's Marathon,Distance,M,Gold
GBR,Great Britain,1906,Athina,Men's 110 metres Hurdles,Hurdles & steeplechase,M,Silver
USA,United States,1904,St. Louis,"Men's 1,500 metres",Middle distance,M,Bronze
GBR,Great Britain,1984,Los Angeles,Women's Long Jump,Jumps,F,Bronze
GBR,Great Britain,1964,Tokyo,Men's Marathon,Distance,M,Silver
USA,United States,1928,Amsterdam,Men's High Jump,Jumps,M,Silver
RSA,South Africa,1908,London,Men's Marathon,Distance,M,Silver
GER,Germany,2012,London,Women's Hammer Throw,Throws,F,Bronze
GER,Germany,1936,Berlin,Men's Hammer Throw,Throws,M,Gold
GER,Germany,1960,Roma,Women's 200 metres,Sprints,F,Silver
GDR,East Germany,1972,Munich,Women's 4 x 100 metres Relay,Relays,F,Silver
FRA,France,1948,London,Men's Decathlon,Combined events,M,Silver
CZE,Czech Republic,2012,London,Women's 400 metres Hurdles,Hurdles & steeplechase,F,Bronze
BEL,Belgium,2008,Beijing,Women's High Jump,Jumps,F,Gold
GDR,East Germany,1988,Seoul,Women's Discus Throw,Throws,F,Gold
FIN,Finland,1956,Melbourne,Men's 400 metres,Sprints,M,Bronze
SWE,Sweden,1906,Athina,"Men's 1,500 metres",Middle distance,M,Bronze
GDR,East Germany,1968,Mexico City,Women's Shot Put,Throws,F,Gold
GDR,East Germany,1972,Munich,Women's Shot Put,Throws,F,Silver
FRG,West Germany,1976,Montreal,Women's 100 metres,Sprints,F,Bronze
FRG,West Germany,1976,Montreal,Women's 4 x 100 metres Relay,Relays,F,Silver
GBR,Great Britain,1968,Mexico City,Men's 400 metres Hurdles,Hurdles & steeplechase,M,Gold
GBR,Great Britain,1972,Munich,Men's 400 metres Hurdles,Hurdles & steeplechase,M,Bronze
GBR,Great Britain,1972,Munich,Men's 4 x 400 metres Relay,Relays,M,Silver
USA,United States,2004,Athina,Men's High Jump,Jumps,M,Silver
JAM,Jamaica,1996,Atlanta,Women's 400 metres Hurdles,Hurdles & steeplechase,F,Gold
JAM,Jamaica,2000,Sydney,Women's 400 metres Hurdles,Hurdles & steeplechase,F,Silver
USA,United States,2016,Rio de Janeiro,Men's Long Jump,Jumps,M,Gold
USA,United States,2004,Athina,Women's 4 x 400 metres Relay,Relays,F,Gold
GBR,Great Britain,1912,Stockholm,Men's 4 x 400 metres Relay,Relays,M,Bronze
FRG,West Germany,1968,Mexico City,Men's 400 metres Hurdles,Hurdles & steeplechase,M,Silver
FRG,West Germany,1968,Mexico City,Men's 4 x 400 metres Relay,Relays,M,Bronze
RSA,South Africa,2000,Sydney,Men's 400 metres Hurdles,Hurdles & steeplechase,M,Bronze
MEX,Mexico,2000,Sydney,Men's 20 kilometres Walk,Race walk,M,Silver
CUB,Cuba,1992,Barcelona,Men's 4 x 400 metres Relay,Relays,M,Silver
GDR,East Germany,1988,Seoul,"Men's 1,500 metres",Middle distance,M,Bronze
GBR,Great Britain,1964,Tokyo,"Men's 3,000 metres Steeplechase",Hurdles & steeplechase,M,Silver
FRG,West Germany,1976,Montreal,Men's 4 x 400 metres Relay,Relays,M,Bronze
USA,United States,1904,St. Louis,Men's Marathon,Distance,M,Gold
GBR,Great Britain,1956,Melbourne,Men's 4 x 400 metres Relay,Relays,M,Bronze
FRG,West Germany,1976,Montreal,"Men's 5,000 metres",Distance,M,Bronze
GBR,Great Britain,1920,Antwerpen,Men's 800 metres,Middle distance,M,Gold
GBR,Great Britain,1920,Antwerpen,"Men's 1,500 metres",Middle distance,M,Gold
USA,United States,1932,Los Angeles,"Men's 5,000 metres",Distance,M,Silver
USA,United States,1972,Munich,Men's 110 metres Hurdles,Hurdles & steeplechase,M,Bronze
USA,United States,1904,St. Louis,Men's 400 metres,Sprints,M,Gold
USA,United States,1904,St. Louis,Men's 200 metres Hurdles,Hurdles & steeplechase,M,Gold
USA,United States,1904,St. Louis,Men's 400 metres Hurdles,Hurdles & steeplechase,M,Gold
USA,United States,1908,London,Men's 400 metres Hurdles,Hurdles & steeplechase,M,Silver
USA,United States,1924,Paris,Men's Shot Put,Throws,M,Bronze
CAN,Canada,1984,Los Angeles,Men's 4 x 100 metres Relay,Relays,M,Bronze
USA,United States,1968,Mexico City,Men's 100 metres,Sprints,M,Gold
FRG,West Germany,1984,Los Angeles,Men's Decathlon,Combined events,M,Silver
GDR,East Germany,1976,Montreal,Women's Discus Throw,Throws,F,Bronze
GER,Germany,1928,Amsterdam,Men's Shot Put,Throws,M,Bronze
MAR,Morocco,1996,Atlanta,"Men's 10,000 metres",Distance,M,Bronze
GBR,Great Britain,2016,Rio de Janeiro,Women's Hammer Throw,Throws,F,Bronze
JPN,Japan,1928,Amsterdam,Women's 800 metres,Middle distance,F,Silver
FIN,Finland,1936,Berlin,"Men's 5,000 metres",Distance,M,Gold
GBR,Great Britain,1920,Antwerpen,"Men's 3,000 metres Steeplechase",Hurdles & steeplechase,M,Gold
USA,United States,2012,London,Men's Shot Put,Throws,M,Bronze
GDR,East Germany,1972,Munich,Women's 800 metres,Middle distance,F,Bronze
GDR,East Germany,1972,Munich,"Women's 1,500 metres",Middle distance,F,Silver
GDR,East Germany,1976,Montreal,"Women's 1,500 metres",Middle distance,F,Silver
GER,Germany,1896,Athina,Men's 100 metres,Sprints,M,Silver
AUS,Australia,1956,Melbourne,Men's 100 metres,Sprints,M,Bronze
USA,United States,1904,St. Louis,Men's 60 metres,Sprints,M,Silver
USA,United States,1904,St. Louis,Men's 100 metres,Sprints,M,Bronze
USA,United States,1904,St. Louis,Men's 200 metres,Sprints,M,Bronze
GDR,East Germany,1968,Mexico City,Men's 50 kilometres Walk,Race walk,M,Gold
GER,Germany,1928,Amsterdam,Women's 4 x 100 metres Relay,Relays,F,Bronze
GER,Germany,1964,Tokyo,Men's Decathlon,Combined events,M,Gold
USA,United States,1900,Paris,Men's 400 metres,Sprints,M,Silver
NZL,New Zealand,1952,Helsinki,Men's 400 metres Hurdles,Hurdles & steeplechase,M,Bronze
SWE,Sweden,2004,Athina,Men's High Jump,Jumps,M,Gold
SWE,Sweden,1912,Stockholm,Men's Decathlon,Combined events,M,Bronze
GBR,Great Britain,2000,Sydney,Women's 800 metres,Middle distance,F,Bronze
GBR,Great Britain,2004,Athina,Women's 800 metres,Middle distance,F,Gold
GBR,Great Britain,2004,Athina,"Women's 1,500 metres",Middle distance,F,Gold
SWE,Sweden,1920,Antwerpen,Men's 4 x 100 metres Relay,Relays,M,Bronze
URS,Soviet Union,1960,Roma,Men's 20 kilometres Walk,Race walk,M,Gold
URS,Soviet Union,1964,Tokyo,Men's 20 kilometres Walk,Race walk,M,Bronze
URS,Soviet Union,1968,Mexico City,Men's 20 kilometres Walk,Race walk,M,Gold
URS,Soviet Union,1972,Munich,Men's 20 kilometres Walk,Race walk,M,Silver
GER,Germany,2012,London,Men's Pole Vault,Jumps,M,Bronze
GDR,East Germany,1980,Moskva,Women's Javelin Throw,Throws,F,Bronze
AUS,Australia,1984,Los Angeles,Men's Long Jump,Jumps,M,Silver
AUS,Australia,2008,Beijing,Men's Pole Vault,Jumps,M,Gold
USA,United States,1952,Helsinki,Men's Shot Put,Throws,M,Silver
GBR,Great Britain,1956,Melbourne,Women's High Jump,Jumps,F,Silver
GBR,Great Britain,1908,London,Men's Shot Put,Throws,M,Silver
USA,United States,1912,Stockholm,Men's High Jump,Jumps,M,Bronze
USA,United States,1908,London,Men's Discus Throw,Throws,M,Bronze
USA,United States,1908,London,"Men's Discus Throw, Greek Style",Throws,M,Silver
USA,United States,1924,Paris,Men's Shot Put,Throws,M,Gold
USA,United States,1924,Paris,Men's Discus Throw,Throws,M,Gold
USA,United States,1928,Amsterdam,Men's Discus Throw,Throws,M,Gold
UKR,Ukraine,2000,Sydney,Women's Triple Jump,Jumps,F,Bronze
USA,United States,1960,Roma,Men's 400 metres Hurdles,Hurdles & steeplechase,M,Bronze
USA,United States,1992,Barcelona,Women's 4 x 400 metres Relay,Relays,F,Silver
USA,United States,1896,Athina,Men's Pole Vault,Jumps,M,Gold
GBR,Great Britain,1980,Moskva,Women's 4 x 400 metres Relay,Relays,F,Bronze
CHN,China,1992,Barcelona,Women's Shot Put,Throws,F,Silver
USA,United States,1924,Paris,Men's Long Jump,Jumps,M,Gold
GER,Germany,1960,Roma,Women's Shot Put,Throws,F,Silver
TCH,Czechoslovakia,1968,Mexico City,Women's High Jump,Jumps,F,Gold
USA,United States,1960,Roma,Women's 4 x 100 metres Relay,Relays,F,Gold
USA,United States,2000,Sydney,Men's Decathlon,Combined events,M,Bronze
USA,United States,1984,Los Angeles,Women's High Jump,Jumps,F,Bronze
GBR,Great Britain,1912,Stockholm,"Men's 5,000 metres",Distance,M,Bronze
KOR,South Korea,1992,Barcelona,Men's Marathon,Distance,M,Gold
GBR,Great Britain,1960,Roma,Women's 100 metres,Sprints,F,Silver
GBR,Great Britain,1960,Roma,Women's 200 metres,Sprints,F,Bronze
USA,United States,2000,Sydney,Men's Pole Vault,Jumps,M,Gold
FIN,Finland,1952,Helsinki,Men's Javelin Throw,Throws,M,Bronze
COL,Colombia,2012,London,Women's Triple Jump,Jumps,F,Silver
COL,Colombia,2016,Rio de Janeiro,Women's Triple Jump,Jumps,F,Gold
GBR,Great Britain,1956,Melbourne,"Men's 5,000 metres",Distance,M,Bronze
NGR,Nigeria,1992,Barcelona,Women's 4 x 100 metres Relay,Relays,F,Bronze
NGR,Nigeria,2008,Beijing,Women's 4 x 100 metres Relay,Relays,F,Bronze
GBR,Great Britain,2008,Beijing,Men's Triple Jump,Jumps,M,Silver
URS,Soviet Union,1956,Melbourne,Men's 400 metres,Sprints,M,Bronze
MAR,Morocco,2012,London,"Men's 1,500 metres",Middle distance,M,Bronze
USA,United States,1952,Helsinki,Men's Discus Throw,Throws,M,Gold
TCH,Czechoslovakia,1952,Helsinki,Women's Javelin Throw,Throws,F,Gold
TCH,Czechoslovakia,1960,Roma,Women's Javelin Throw,Throws,F,Silver
ROU,Romania,1984,Los Angeles,Women's Long Jump,Jumps,F,Silver
USA,United States,1908,London,Men's Long Jump,Jumps,M,Gold
RUS,Russia,2004,Athina,Women's Pole Vault,Jumps,F,Gold
RUS,Russia,2008,Beijing,Women's Pole Vault,Jumps,F,Gold
RUS,Russia,2012,London,Women's Pole Vault,Jumps,F,Bronze
SUD,Sudan,2008,Beijing,Men's 800 metres,Middle distance,M,Silver
FIN,Finland,1932,Los Angeles,"Men's 10,000 metres",Distance,M,Silver
FIN,Finland,1932,Los Angeles,"Men's 3,000 metres Steeplechase",Hurdles & steeplechase,M,Gold
FIN,Finland,1936,Berlin,"Men's 10,000 metres",Distance,M,Bronze
FIN,Finland,1936,Berlin,"Men's 3,000 metres Steeplechase",Hurdles & steeplechase,M,Gold
ROU,Romania,1988,Seoul,"Women's 1,500 metres",Middle distance,F,Gold
ROU,Romania,1988,Seoul,"Women's 3,000 metres",Distance,F,Silver
URS,Soviet Union,1988,Seoul,Men's 50 kilometres Walk,Race walk,M,Gold
RUS,Russia,2004,Athina,Women's 20 kilometres Walk,Race walk,F,Silver
URS,Soviet Union,1980,Moskva,Men's 50 kilometres Walk,Race walk,M,Bronze
GBR,Great Britain,1912,Stockholm,"Men's 1,500 metres",Middle distance,M,Gold
USA,United States,2008,Beijing,Men's 400 metres Hurdles,Hurdles & steeplechase,M,Bronze
GBR,Great Britain,1988,Seoul,Men's 110 metres Hurdles,Hurdles & steeplechase,M,Silver
AUS,Australia,1952,Helsinki,Women's 100 metres,Sprints,F,Gold
AUS,Australia,1952,Helsinki,Women's 200 metres,Sprints,F,Gold
JAM,Jamaica,2016,Rio de Janeiro,Women's 400 metres,Sprints,F,Bronze
JAM,Jamaica,1988,Seoul,Women's 200 metres,Sprints,F,Silver
USA,United States,1908,London,Men's Pole Vault,Jumps,M,Bronze
USA,United States,2016,Rio de Janeiro,"Men's 3,000 metres Steeplechase",Hurdles & steeplechase,M,Silver
FRG,West Germany,1972,Munich,Women's 400 metres,Sprints,F,Silver
BRN,Bahrain,2012,London,"Women's 1,500 metres",Middle distance,F,Bronze
GRN,Grenada,2012,London,Men's 400 metres,Sprints,M,Gold
GRN,Grenada,2016,Rio de Janeiro,Men's 400 metres,Sprints,M,Silver
USA,United States,1968,Mexico City,Men's 400 metres,Sprints,M,Silver
USA,United States,1896,Athina,Men's 400 metres,Sprints,M,Silver
BOH,Bohemia,1900,Paris,Men's Discus Throw,Throws,M,Silver
AUT,Austria,1968,Mexico City,Women's Javelin Throw,Throws,F,Bronze
SWE,Sweden,1920,Antwerpen,Men's Triple Jump,Jumps,M,Silver
SWE,Sweden,1952,Helsinki,Men's Marathon,Distance,M,Bronze
POL,Poland,1976,Montreal,Men's 4 x 400 metres Relay,Relays,M,Silver
FIN,Finland,1928,Amsterdam,Men's Decathlon,Combined events,M,Silver
FIN,Finland,1932,Los Angeles,Men's Decathlon,Combined events,M,Silver
FIN,Finland,1932,Los Angeles,Men's Javelin Throw,Throws,M,Gold
FIN,Finland,1906,Athina,Men's Discus Throw,Throws,M,Bronze
FIN,Finland,1906,Athina,"Men's Discus Throw, Greek Style",Throws,M,Gold
FIN,Finland,1908,London,"Men's Discus Throw, Greek Style",Throws,M,Bronze
USA,United States,1900,Paris,Men's 100 metres,Sprints,M,Gold
GER,Germany,2016,Rio de Janeiro,Men's Discus Throw,Throws,M,Bronze
URS,Soviet Union,1956,Melbourne,Women's Javelin Throw,Throws,F,Gold
SRI,Sri Lanka,2000,Sydney,Women's 200 metres,Sprints,F,Silver
FRA,France,1960,Roma,"Men's 1,500 metres",Middle distance,M,Silver
BRN,Bahrain,2016,Rio de Janeiro,"Women's 3,000 metres Steeplechase",Hurdles & steeplechase,F,Gold
USA,United States,1932,Los Angeles,Men's Pole Vault,Jumps,M,Bronze
USA,United States,1984,Los Angeles,Men's 200 metres,Sprints,M,Bronze
KEN,Kenya,2008,Beijing,Women's 800 metres,Middle distance,F,Gold
USA,United States,1956,Melbourne,Men's 400 metres,Sprints,M,Gold
USA,United States,1976,Montreal,Men's Decathlon,Combined events,M,Gold
USA,United States,1992,Barcelona,"Women's 10,000 metres",Distance,F,Bronze
KEN,Kenya,2008,Beijing,"Women's 3,000 metres Steeplechase",Hurdles & steeplechase,F,Silver
KEN,Kenya,2008,Beijing,Women's 800 metres,Middle distance,F,Silver
KEN,Kenya,2012,London,Women's Marathon,Distance,F,Silver
CAN,Canada,1964,Tokyo,Men's 100 metres,Sprints,M,Bronze
USA,United States,2012,London,Women's 100 metres,Sprints,F,Silver
USA,United States,2012,London,Women's 200 metres,Sprints,F,Bronze
KEN,Kenya,1972,Munich,"Men's 3,000 metres Steeplechase",Hurdles & steeplechase,M,Silver
SWE,Sweden,1948,London,Men's 10 kilometres Walk,Race walk,M,Silver
FIN,Finland,1920,Antwerpen,Men's Javelin Throw,Throws,M,Bronze
GDR,East Germany,1988,Seoul,Women's Heptathlon,Combined events,F,Silver
USA,United States,1996,Atlanta,Men's 110 metres Hurdles,Hurdles & steeplechase,M,Gold
CAN,Canada,1984,Los Angeles,Men's 100 metres,Sprints,M,Bronze
USA,United States,1920,Antwerpen,Men's Long Jump,Jumps,M,Silver
USA,United States,1936,Berlin,Men's High Jump,Jumps,M,Gold
USA,United States,1992,Barcelona,Men's Decathlon,Combined events,M,Bronze
GBR,Great Britain,1956,Melbourne,Men's 800 metres,Middle distance,M,Silver
USA,United States,1924,Paris,"Men's Cross-Country, Individual",Distance,M,Bronze
USA,United States,1972,Munich,Men's Pole Vault,Jumps,M,Bronze
USA,United States,2000,Sydney,Men's Pole Vault,Jumps,M,Silver
GBR,Great Britain,1948,London,Men's 50 kilometres Walk,Race walk,M,Bronze
USA,United States,1996,Atlanta,Men's 200 metres,Sprints,M,Gold
USA,United States,1996,Atlanta,Men's 400 metres,Sprints,M,Gold
USA,United States,2000,Sydney,Men's 400 metres,Sprints,M,Gold
USA,United States,1956,Melbourne,Men's Decathlon,Combined events,M,Silver
USA,United States,1960,Roma,Men's Decathlon,Combined events,M,Gold
USA,United States,2008,Beijing,Women's 400 metres Hurdles,Hurdles & steeplechase,F,Silver
GER,Germany,1932,Los Angeles,Men's 100 metres,Sprints,M,Bronze
AUS,Australia,1960,Roma,Women's 800 metres,Middle distance,F,Silver
GBR,Great Britain,1960,Roma,Men's 4 x 100 metres Relay,Relays,M,Bronze
USA,United States,1984,Los Angeles,Men's 800 metres,Middle distance,M,Bronze
USA,United States,1960,Roma,Men's 110 metres Hurdles,Hurdles & steeplechase,M,Bronze
USA,United States,1964,Tokyo,Men's 110 metres Hurdles,Hurdles & steeplechase,M,Gold
USA,United States,1904,St. Louis,Men's High Jump,Jumps,M,Gold
SWE,Sweden,1936,Berlin,"Men's 5,000 metres",Distance,M,Bronze
CAN,Canada,1976,Montreal,Men's High Jump,Jumps,M,Silver
USA,United States,1984,Los Angeles,Men's Triple Jump,Jumps,M,Gold
USA,United States,1984,Los Angeles,Women's Heptathlon,Combined events,F,Silver
USA,United States,1988,Seoul,Women's Long Jump,Jumps,F,Gold
USA,United States,1988,Seoul,Women's Heptathlon,Combined events,F,Gold
USA,United States,1992,Barcelona,Women's Long Jump,Jumps,F,Bronze
USA,United States,1992,Barcelona,Women's Heptathlon,Combined events,F,Gold
USA,United States,1996,Atlanta,Women's Long Jump,Jumps,F,Bronze
POL,Poland,1960,Roma,Women's High Jump,Jumps,F,Silver
CUB,Cuba,1976,Montreal,Men's 400 metres,Sprints,M,Gold
CUB,Cuba,1976,Montreal,Men's 800 metres,Middle distance,M,Gold
GDR,East Germany,1972,Munich,Men's High Jump,Jumps,M,Silver
URS,Soviet Union,1952,Helsinki,Men's 10 kilometres Walk,Race walk,M,Bronze
URS,Soviet Union,1956,Melbourne,Men's 20 kilometres Walk,Race walk,M,Bronze
GER,Germany,1960,Roma,Men's 4 x 400 metres Relay,Relays,M,Silver
URS,Soviet Union,1960,Roma,Women's Long Jump,Jumps,F,Gold
URS,Soviet Union,1960,Roma,Women's Javelin Throw,Throws,F,Bronze
FIN,Finland,1976,Montreal,Men's Pole Vault,Jumps,M,Silver
URS,Soviet Union,1952,Helsinki,Men's 4 x 100 metres Relay,Relays,M,Silver
UGA,Uganda,1996,Atlanta,Men's 400 metres,Sprints,M,Bronze
RUS,Russia,2008,Beijing,Women's 20 kilometres Walk,Race walk,F,Gold
RUS,Russia,2012,London,Women's 20 kilometres Walk,Race walk,F,Silver
FRG,West Germany,1972,Munich,Men's 50 kilometres Walk,Race walk,M,Gold
FIN,Finland,1972,Munich,"Men's 3,000 metres Steeplechase",Hurdles & steeplechase,M,Bronze
EST,Estonia,2008,Beijing,Men's Discus Throw,Throws,M,Gold
EST,Estonia,2012,London,Men's Discus Throw,Throws,M,Bronze
BLR,Belarus,1996,Atlanta,Men's Discus Throw,Throws,M,Bronze
RUS,Russia,2000,Sydney,Men's Triple Jump,Jumps,M,Bronze
KEN,Kenya,1988,Seoul,"Men's 3,000 metres Steeplechase",Hurdles & steeplechase,M,Gold
KAZ,Kazakhstan,2004,Athina,Men's Decathlon,Combined events,M,Bronze
FIN,Finland,1956,Melbourne,Men's Marathon,Distance,M,Bronze
URS,Soviet Union,1956,Melbourne,Men's High Jump,Jumps,M,Bronze
GDR,East Germany,1972,Munich,Women's 4 x 400 metres Relay,Relays,F,Gold
CZE,Czech Republic,1996,Atlanta,Women's Triple Jump,Jumps,F,Bronze
FIN,Finland,1948,London,Men's Pole Vault,Jumps,M,Silver
POL,Poland,1972,Munich,Men's Decathlon,Combined events,M,Bronze
FIN,Finland,1924,Paris,"Men's 3,000 metres Steeplechase",Hurdles & steeplechase,M,Silver
FIN,Finland,1924,Paris,"Men's 3,000 metres, Team",Distance,M,Gold
GER,Germany,1960,Roma,Men's 400 metres,Sprints,M,Silver
GER,Germany,1936,Berlin,Women's High Jump,Jumps,F,Bronze
URS,Soviet Union,1976,Montreal,Women's 800 metres,Middle distance,F,Gold
URS,Soviet Union,1976,Montreal,"Women's 1,500 metres",Middle distance,F,Gold
URS,Soviet Union,1980,Moskva,"Women's 1,500 metres",Middle distance,F,Gold
URS,Soviet Union,1952,Helsinki,"Men's 3,000 metres Steeplechase",Hurdles & steeplechase,M,Silver
ETH,Ethiopia,2008,Beijing,Men's Marathon,Distance,M,Bronze
ETH,Ethiopia,1980,Moskva,"Men's 10,000 metres",Distance,M,Bronze
USA,United States,2004,Athina,Men's Marathon,Distance,M,Silver
KEN,Kenya,1968,Mexico City,"Men's 1,500 metres",Middle distance,M,Gold
KEN,Kenya,1968,Mexico City,"Men's 5,000 metres",Distance,M,Silver
KEN,Kenya,1972,Munich,"Men's 1,500 metres",Middle distance,M,Silver
KEN,Kenya,1972,Munich,"Men's 3,000 metres Steeplechase",Hurdles & steeplechase,M,Gold
FRA,France,2004,Athina,Men's 400 metres Hurdles,Hurdles & steeplechase,M,Bronze
GRE,Greece,2000,Sydney,Women's Discus Throw,Throws,F,Silver
GRE,Greece,2004,Athina,Women's Discus Throw,Throws,F,Silver
HUN,Hungary,1896,Athina,Men's Marathon,Distance,M,Bronze
USA,United States,1908,London,Men's Long Jump,Jumps,M,Silver
USA,United States,1912,Stockholm,Men's 110 metres Hurdles,Hurdles & steeplechase,M,Gold
KEN,Kenya,2004,Athina,"Men's 3,000 metres Steeplechase",Hurdles & steeplechase,M,Gold
KEN,Kenya,2012,London,"Men's 3,000 metres Steeplechase",Hurdles & steeplechase,M,Gold
USA,United States,2016,Rio de Janeiro,Men's Pole Vault,Jumps,M,Bronze
GRE,Greece,2000,Sydney,Men's 200 metres,Sprints,M,Gold
CAN,Canada,1908,London,Men's 100 metres,Sprints,M,Bronze
CAN,Canada,1908,London,Men's 200 metres,Sprints,M,Gold
WIF,West Indies Federation,1960,Roma,Men's 800 metres,Middle distance,M,Bronze
ANZ,Australasia,1908,London,"Men's 3,500 metres Walk",Race walk,M,Bronze
USA,United States,1906,Athina,Men's High Jump,Jumps,M,Bronze
KEN,Kenya,1996,Atlanta,"Men's 3,000 metres Steeplechase",Hurdles & steeplechase,M,Gold
GRE,Greece,2004,Athina,Women's 400 metres Hurdles,Hurdles & steeplechase,F,Gold
URS,Soviet Union,1972,Munich,Men's Hammer Throw,Throws,M,Bronze
URS,Soviet Union,1952,Helsinki,Women's 200 metres,Sprints,F,Bronze
URS,Soviet Union,1956,Melbourne,Women's Long Jump,Jumps,F,Bronze
BLR,Belarus,2008,Beijing,Women's Shot Put,Throws,F,Silver
BUL,Bulgaria,1972,Munich,Women's Shot Put,Throws,F,Bronze
BUL,Bulgaria,1976,Montreal,Women's Shot Put,Throws,F,Gold
BUL,Bulgaria,1988,Seoul,Women's Discus Throw,Throws,F,Bronze
BUL,Bulgaria,1992,Barcelona,Women's Discus Throw,Throws,F,Silver
RUS,Russia,1996,Atlanta,Women's Shot Put,Throws,F,Bronze
KEN,Kenya,2016,Rio de Janeiro,"Women's 1,500 metres",Middle distance,F,Gold
POL,Poland,1980,Moskva,Women's High Jump,Jumps,F,Silver
GBR,Great Britain,1904,St. Louis,Men's All-Around Championship,Other,M,Gold
AUT,Austria,1996,Atlanta,"Women's 1,500 metres",Middle distance,F,Bronze
AUS,Australia,1964,Tokyo,Women's 80 metres Hurdles,Hurdles & steeplechase,F,Bronze
AUS,Australia,1968,Mexico City,Women's 80 metres Hurdles,Hurdles & steeplechase,F,Silver
KEN,Kenya,1988,Seoul,"Men's 10,000 metres",Distance,M,Bronze
JPN,Japan,1968,Mexico City,Men's Marathon,Distance,M,Silver
USA,United States,1928,Amsterdam,Men's High Jump,Jumps,M,Gold
USA,United States,1904,St. Louis,Men's Standing Long Jump,Jumps,M,Silver
USA,United States,1904,St. Louis,Men's Standing Triple Jump,Jumps,M,Silver
AUS,Australia,1948,London,Women's 4 x 100 metres Relay,Relays,F,Silver
USA,United States,1984,Los Angeles,Men's 110 metres Hurdles,Hurdles & steeplechase,M,Gold
USA,United States,1988,Seoul,Men's 110 metres Hurdles,Hurdles & steeplechase,M,Gold
FIN,Finland,1968,Mexico City,Men's Javelin Throw,Throws,M,Silver
USA,United States,1924,Paris,Men's 110 metres Hurdles,Hurdles & steeplechase,M,Gold
KEN,Kenya,2004,Athina,"Men's 5,000 metres",Distance,M,Bronze
KEN,Kenya,2008,Beijing,"Men's 5,000 metres",Distance,M,Silver
KEN,Kenya,2016,Rio de Janeiro,Men's Marathon,Distance,M,Gold
DEN,Denmark,2000,Sydney,Men's 800 metres,Middle distance,M,Silver
DEN,Denmark,2004,Athina,Men's 800 metres,Middle distance,M,Bronze
KEN,Kenya,1996,Atlanta,"Men's 1,500 metres",Middle distance,M,Bronze
KEN,Kenya,2008,Beijing,"Men's 1,500 metres",Middle distance,M,Gold
KEN,Kenya,1992,Barcelona,Men's 800 metres,Middle distance,M,Silver
UGA,Uganda,2012,London,Men's Marathon,Distance,M,Gold
KEN,Kenya,2012,London,Men's Marathon,Distance,M,Bronze
KEN,Kenya,1964,Tokyo,Men's 800 metres,Middle distance,M,Bronze
KEN,Kenya,1968,Mexico City,Men's 800 metres,Middle distance,M,Silver
KEN,Kenya,2004,Athina,"Men's 3,000 metres Steeplechase",Hurdles & steeplechase,M,Silver
KEN,Kenya,2008,Beijing,"Men's 3,000 metres Steeplechase",Hurdles & steeplechase,M,Gold
KEN,Kenya,2016,Rio de Janeiro,"Men's 3,000 metres Steeplechase",Hurdles & steeplechase,M,Gold
KEN,Kenya,1996,Atlanta,"Men's 3,000 metres Steeplechase",Hurdles & steeplechase,M,Silver
KEN,Kenya,2012,London,"Women's 10,000 metres",Distance,F,Silver
RUS,Russia,2012,London,Men's 50 kilometres Walk,Race walk,M,Gold
USA,United States,1920,Antwerpen,Men's 100 metres,Sprints,M,Silver
USA,United States,1920,Antwerpen,Men's 4 x 100 metres Relay,Relays,M,Gold
URS,Soviet Union,1980,Moskva,Men's 800 metres,Middle distance,M,Bronze
GDR,East Germany,1980,Moskva,Women's High Jump,Jumps,F,Bronze
KEN,Kenya,2012,London,Men's Marathon,Distance,M,Silver
BRN,Bahrain,2016,Rio de Janeiro,Women's Marathon,Distance,F,Silver
HUN,Hungary,1968,Mexico City,Men's 50 kilometres Walk,Race walk,M,Silver
HUN,Hungary,1996,Atlanta,Men's Hammer Throw,Throws,M,Gold
KEN,Kenya,2012,London,Men's 800 metres,Middle distance,M,Bronze
KEN,Kenya,1992,Barcelona,Men's 400 metres,Sprints,M,Bronze
FIN,Finland,1928,Amsterdam,Men's Discus Throw,Throws,M,Silver
USA,United States,1912,Stockholm,"Men's 1,500 metres",Middle distance,M,Silver
KEN,Kenya,2016,Rio de Janeiro,"Women's 3,000 metres Steeplechase",Hurdles & steeplechase,F,Silver
GDR,East Germany,1976,Montreal,"Women's 1,500 metres",Middle distance,F,Bronze
HUN,Hungary,1968,Mexico City,Women's Discus Throw,Throws,F,Bronze
GER,Germany,1952,Helsinki,Women's 4 x 100 metres Relay,Relays,F,Silver
GER,Germany,2004,Athina,Women's Shot Put,Throws,F,Silver
URS,Soviet Union,1964,Tokyo,Men's Hammer Throw,Throws,M,Gold
URS,Soviet Union,1968,Mexico City,Men's Hammer Throw,Throws,M,Silver
SWE,Sweden,2004,Athina,Women's Heptathlon,Combined events,F,Gold
EST,Estonia,1924,Paris,Men's Decathlon,Combined events,M,Bronze
RUS,Russia,2000,Sydney,Men's High Jump,Jumps,M,Gold
POL,Poland,1964,Tokyo,Women's 100 metres,Sprints,F,Bronze
GDR,East Germany,1988,Seoul,Women's Javelin Throw,Throws,F,Bronze
USA,United States,1956,Melbourne,Men's Discus Throw,Throws,M,Bronze
GDR,East Germany,1980,Moskva,Women's 400 metres,Sprints,F,Gold
HUN,Hungary,1912,Stockholm,Men's Javelin Throw,Throws,M,Bronze
KEN,Kenya,2004,Athina,"Men's 3,000 metres Steeplechase",Hurdles & steeplechase,M,Bronze
KEN,Kenya,1988,Seoul,"Men's 3,000 metres Steeplechase",Hurdles & steeplechase,M,Silver
KEN,Kenya,1968,Mexico City,"Men's 3,000 metres Steeplechase",Hurdles & steeplechase,M,Silver
KEN,Kenya,2008,Beijing,"Men's 10,000 metres",Distance,M,Bronze
GER,Germany,1956,Melbourne,Women's 80 metres Hurdles,Hurdles & steeplechase,F,Silver
GER,Germany,1960,Roma,Women's 80 metres Hurdles,Hurdles & steeplechase,F,Bronze
GDR,East Germany,1976,Montreal,Men's 4 x 100 metres Relay,Relays,M,Silver
CRO,Croatia,2016,Rio de Janeiro,Women's Javelin Throw,Throws,F,Gold
FIN,Finland,1912,Stockholm,"Men's 5,000 metres",Distance,M,Gold
FIN,Finland,1912,Stockholm,"Men's 10,000 metres",Distance,M,Gold
FIN,Finland,1912,Stockholm,"Men's Cross-Country, Individual",Distance,M,Gold
FIN,Finland,1920,Antwerpen,Men's Marathon,Distance,M,Gold
RUS,Russia,2012,London,Women's Shot Put,Throws,F,Silver
URS,Soviet Union,1980,Moskva,Women's Long Jump,Jumps,F,Gold
POL,Poland,1972,Munich,Men's Shot Put,Throws,M,Gold
URS,Soviet Union,1980,Moskva,Women's 100 metres Hurdles,Hurdles & steeplechase,F,Gold
URS,Soviet Union,1980,Moskva,Women's 100 metres,Sprints,F,Gold
URS,Soviet Union,1988,Seoul,Women's 4 x 100 metres Relay,Relays,F,Bronze
KEN,Kenya,1996,Atlanta,"Women's 5,000 metres",Distance,F,Silver
POL,Poland,1928,Amsterdam,Women's Discus Throw,Throws,F,Gold
URS,Soviet Union,1956,Melbourne,Women's Javelin Throw,Throws,F,Bronze
KEN,Kenya,1984,Los Angeles,"Men's 3,000 metres Steeplechase",Hurdles & steeplechase,M,Gold
FIN,Finland,1988,Seoul,Men's Javelin Throw,Throws,M,Gold
GER,Germany,1928,Amsterdam,Men's 200 metres,Sprints,M,Bronze
POL,Poland,1996,Atlanta,Men's 50 kilometres Walk,Race walk,M,Gold
POL,Poland,2000,Sydney,Men's 20 kilometres Walk,Race walk,M,Gold
POL,Poland,2000,Sydney,Men's 50 kilometres Walk,Race walk,M,Gold
POL,Poland,2004,Athina,Men's 50 kilometres Walk,Race walk,M,Gold
KEN,Kenya,2000,Sydney,"Men's 3,000 metres Steeplechase",Hurdles & steeplechase,M,Gold
FIN,Finland,1920,Antwerpen,"Men's Cross-Country, Team",Distance,M,Gold
BUL,Bulgaria,1988,Seoul,Women's High Jump,Jumps,F,Silver
BUL,Bulgaria,1996,Atlanta,Women's High Jump,Jumps,F,Gold
RUS,Russia,2000,Sydney,Women's Long Jump,Jumps,F,Bronze
RUS,Russia,2004,Athina,Women's Long Jump,Jumps,F,Bronze
USA,United States,2016,Rio de Janeiro,Men's Shot Put,Throws,M,Silver
HUN,Hungary,1956,Melbourne,"Men's 10,000 metres",Distance,M,Silver
HUN,Hungary,1968,Mexico City,Women's Pentathlon,Combined events,F,Bronze
HUN,Hungary,2004,Athina,Men's Discus Throw,Throws,M,Silver
URS,Soviet Union,1988,Seoul,Men's Triple Jump,Jumps,M,Bronze
LAT,Latvia,2008,Beijing,Men's Javelin Throw,Throws,M,Silver
POL,Poland,1980,Moskva,Men's Pole Vault,Jumps,M,Gold
SLO,Slovenia,2008,Beijing,Men's Hammer Throw,Throws,M,Gold
SLO,Slovenia,2012,London,Men's Hammer Throw,Throws,M,Silver
URS,Soviet Union,1968,Mexico City,Women's High Jump,Jumps,F,Bronze
USA,United States,1900,Paris,Men's 60 metres,Sprints,M,Gold
USA,United States,1900,Paris,Men's 110 metres Hurdles,Hurdles & steeplechase,M,Gold
USA,United States,1900,Paris,Men's 200 metres Hurdles,Hurdles & steeplechase,M,Gold
USA,United States,1900,Paris,Men's Long Jump,Jumps,M,Gold
TCH,Czechoslovakia,1980,Moskva,Women's 400 metres,Sprints,F,Silver
FRG,West Germany,1976,Montreal,Men's Decathlon,Combined events,M,Silver
GER,Germany,1936,Berlin,Women's 100 metres,Sprints,F,Bronze
FRG,West Germany,1972,Munich,Women's 4 x 100 metres Relay,Relays,F,Gold
BLR,Belarus,2008,Beijing,Men's Decathlon,Combined events,M,Silver
URS,Soviet Union,1964,Tokyo,Men's Triple Jump,Jumps,M,Bronze
EUN,Unified Team,1992,Barcelona,Women's Long Jump,Jumps,F,Silver
UKR,Ukraine,1996,Atlanta,Women's Triple Jump,Jumps,F,Gold
URS,Soviet Union,1956,Melbourne,Men's Triple Jump,Jumps,M,Bronze
URS,Soviet Union,1960,Roma,Men's Triple Jump,Jumps,M,Bronze
EUN,Unified Team,1992,Barcelona,Women's Shot Put,Throws,F,Gold
URS,Soviet Union,1956,Melbourne,Men's Hammer Throw,Throws,M,Silver
RSA,South Africa,2000,Sydney,Men's Discus Throw,Throws,M,Bronze
GER,Germany,1936,Berlin,Women's Javelin Throw,Throws,F,Silver
GER,Germany,1960,Roma,Men's Javelin Throw,Throws,M,Silver
UKR,Ukraine,1996,Atlanta,Men's Hammer Throw,Throws,M,Bronze
POL,Poland,1956,Melbourne,Women's Long Jump,Jumps,F,Gold
POL,Poland,1960,Roma,Women's Long Jump,Jumps,F,Silver
POL,Poland,1960,Roma,"Men's 3,000 metres Steeplechase",Hurdles & steeplechase,M,Gold
USA,United States,1928,Amsterdam,Men's Shot Put,Throws,M,Gold
URS,Soviet Union,1980,Moskva,Men's Javelin Throw,Throws,M,Gold
HUN,Hungary,1960,Roma,Men's Javelin Throw,Throws,M,Bronze
HUN,Hungary,1964,Tokyo,Men's Javelin Throw,Throws,M,Silver
HUN,Hungary,1968,Mexico City,Men's Javelin Throw,Throws,M,Bronze
GER,Germany,1996,Atlanta,Women's Shot Put,Throws,F,Gold
GER,Germany,2000,Sydney,Women's Shot Put,Throws,F,Bronze
GDR,East Germany,1988,Seoul,"Men's 5,000 metres",Distance,M,Bronze
URS,Soviet Union,1980,Moskva,Women's Pentathlon,Combined events,F,Bronze
POL,Poland,1932,Los Angeles,"Men's 10,000 metres",Distance,M,Gold
URS,Soviet Union,1956,Melbourne,"Men's 5,000 metres",Distance,M,Gold
URS,Soviet Union,1956,Melbourne,"Men's 10,000 metres",Distance,M,Gold
URS,Soviet Union,1980,Moskva,Men's Decathlon,Combined events,M,Silver
RUS,Russia,2000,Sydney,Women's Hammer Throw,Throws,F,Silver
RUS,Russia,2004,Athina,Women's Hammer Throw,Throws,F,Gold
URS,Soviet Union,1956,Melbourne,Men's Decathlon,Combined events,M,Bronze
URS,Soviet Union,1960,Roma,Men's Decathlon,Combined events,M,Bronze
POL,Poland,1936,Berlin,Women's Javelin Throw,Throws,F,Bronze
USA,United States,2012,London,Men's High Jump,Jumps,M,Silver
URS,Soviet Union,1980,Moskva,Men's Shot Put,Throws,M,Gold
PAN,Panama,1948,London,Men's 100 metres,Sprints,M,Bronze
PAN,Panama,1948,London,Men's 200 metres,Sprints,M,Bronze
USA,United States,1932,Los Angeles,Men's Discus Throw,Throws,M,Silver
FRA,France,1928,Amsterdam,"Men's 1,500 metres",Middle distance,M,Silver
KEN,Kenya,2000,Sydney,"Men's 1,500 metres",Middle distance,M,Bronze
KEN,Kenya,2004,Athina,"Men's 1,500 metres",Middle distance,M,Silver
MAR,Morocco,2000,Sydney,"Men's 5,000 metres",Distance,M,Bronze
FIN,Finland,1920,Antwerpen,Men's Pentathlon,Combined events,M,Bronze
JAM,Jamaica,1952,Helsinki,Men's 4 x 400 metres Relay,Relays,M,Gold
ITA,Italy,1996,Atlanta,"Men's 3,000 metres Steeplechase",Hurdles & steeplechase,M,Bronze
GER,Germany,1928,Amsterdam,Men's 100 metres,Sprints,M,Bronze
AUS,Australia,1968,Mexico City,Women's 200 metres,Sprints,F,Bronze
USA,United States,1920,Antwerpen,Men's High Jump,Jumps,M,Gold
FIN,Finland,1960,Roma,Men's Pole Vault,Jumps,M,Bronze
AUS,Australia,1956,Melbourne,"Men's 1,500 metres",Middle distance,M,Bronze
USA,United States,1896,Athina,Men's 100 metres,Sprints,M,Bronze
KEN,Kenya,2008,Beijing,"Women's 1,500 metres",Middle distance,F,Gold
GDR,East Germany,1968,Mexico City,Women's Shot Put,Throws,F,Silver
POL,Poland,1980,Moskva,Women's 100 metres Hurdles,Hurdles & steeplechase,F,Bronze
ITA,Italy,1936,Berlin,Men's 800 metres,Middle distance,M,Silver
URS,Soviet Union,1988,Seoul,Men's Triple Jump,Jumps,M,Silver
GBR,Great Britain,1908,London,"Men's 3,500 metres Walk",Race walk,M,Gold
GBR,Great Britain,1908,London,Men's 10 mile Walk,Race walk,M,Gold
USA,United States,1964,Tokyo,Men's 400 metres,Sprints,M,Gold
NOR,Norway,1908,London,Men's Triple Jump,Jumps,M,Bronze
NOR,Norway,1956,Melbourne,"Men's 3,000 metres Steeplechase",Hurdles & steeplechase,M,Bronze
SWE,Sweden,1948,London,Men's 400 metres Hurdles,Hurdles & steeplechase,M,Bronze
FIN,Finland,1928,Amsterdam,"Men's 1,500 metres",Middle distance,M,Gold
RUS,Russia,2012,London,Women's 20 kilometres Walk,Race walk,F,Gold
RUS,Russia,1996,Atlanta,Women's Triple Jump,Jumps,F,Silver
GER,Germany,1960,Roma,Women's Long Jump,Jumps,F,Bronze
USA,United States,1984,Los Angeles,Men's Shot Put,Throws,M,Bronze
FRA,France,2012,London,Men's Pole Vault,Jumps,M,Gold
FRA,France,2016,Rio de Janeiro,Men's Pole Vault,Jumps,M,Silver
AUS,Australia,1956,Melbourne,"Men's 10,000 metres",Distance,M,Bronze
JAM,Jamaica,2000,Sydney,Women's 100 metres,Sprints,F,Silver
USA,United States,1952,Helsinki,Men's Pole Vault,Jumps,M,Silver
GBR,Great Britain,1906,Athina,Men's High Jump,Jumps,M,Gold
GBR,Great Britain,1906,Athina,Men's Triple Jump,Jumps,M,Silver
GBR,Great Britain,1908,London,Men's High Jump,Jumps,M,Silver
GBR,Great Britain,1900,Paris,Men's High Jump,Jumps,M,Silver
GBR,Great Britain,1900,Paris,Men's Long Jump,Jumps,M,Bronze
USA,United States,1906,Athina,Men's 110 metres Hurdles,Hurdles & steeplechase,M,Gold
URS,Soviet Union,1976,Montreal,Women's 100 metres Hurdles,Hurdles & steeplechase,F,Bronze
RUS,Russia,2000,Sydney,Women's Triple Jump,Jumps,F,Silver
RUS,Russia,2004,Athina,Women's Long Jump,Jumps,F,Gold
RUS,Russia,2004,Athina,Women's Triple Jump,Jumps,F,Bronze
RUS,Russia,2008,Beijing,Women's Long Jump,Jumps,F,Silver
RUS,Russia,2008,Beijing,Women's Triple Jump,Jumps,F,Silver
CAN,Canada,1992,Barcelona,Men's 20 kilometres Walk,Race walk,M,Silver
URS,Soviet Union,1988,Seoul,Women's 400 metres Hurdles,Hurdles & steeplechase,F,Silver
KOR,South Korea,1996,Atlanta,Men's Marathon,Distance,M,Silver
USA,United States,1924,Paris,Men's Pentathlon,Combined events,M,Bronze
GER,Germany,1964,Tokyo,Men's Pole Vault,Jumps,M,Bronze
FIN,Finland,1932,Los Angeles,"Men's 5,000 metres",Distance,M,Gold
FIN,Finland,1936,Berlin,"Men's 5,000 metres",Distance,M,Silver
FIN,Finland,1920,Antwerpen,Men's Pentathlon,Combined events,M,Gold
FIN,Finland,1924,Paris,Men's Pentathlon,Combined events,M,Gold
POR,Portugal,1984,Los Angeles,"Men's 5,000 metres",Distance,M,Bronze
FRA,France,2012,London,Men's 4 x 100 metres Relay,Relays,M,Bronze
FRA,France,2016,Rio de Janeiro,Men's 200 metres,Sprints,M,Bronze
SWE,Sweden,1906,Athina,Men's Shot Put,Throws,M,Bronze
SWE,Sweden,1906,Athina,"Men's Javelin Throw, Freestyle",Throws,M,Gold
SWE,Sweden,1906,Athina,Men's Pentathlon (Ancient),Combined events,M,Bronze
SWE,Sweden,1908,London,Men's Javelin Throw,Throws,M,Gold
SWE,Sweden,1908,London,"Men's Javelin Throw, Freestyle",Throws,M,Gold
SWE,Sweden,1912,Stockholm,Men's Javelin Throw,Throws,M,Gold
CUB,Cuba,1980,Moskva,Men's 100 metres,Sprints,M,Silver
ITA,Italy,1960,Roma,Women's 100 metres,Sprints,F,Bronze
FRA,France,1896,Athina,"Men's 1,500 metres",Middle distance,M,Bronze
GBR,Great Britain,1952,Helsinki,Women's High Jump,Jumps,F,Silver
URS,Soviet Union,1980,Moskva,Women's Discus Throw,Throws,F,Bronze
FRA,France,1924,Paris,Men's High Jump,Jumps,M,Bronze
USA,United States,1984,Los Angeles,Men's 100 metres,Sprints,M,Gold
USA,United States,1984,Los Angeles,Men's 200 metres,Sprints,M,Gold
USA,United States,1984,Los Angeles,Men's Long Jump,Jumps,M,Gold
USA,United States,1988,Seoul,Men's 100 metres,Sprints,M,Gold
USA,United States,1988,Seoul,Men's 200 metres,Sprints,M,Silver
USA,United States,1988,Seoul,Men's Long Jump,Jumps,M,Gold
USA,United States,1992,Barcelona,Men's Long Jump,Jumps,M,Gold
USA,United States,1996,Atlanta,Men's Long Jump,Jumps,M,Gold
GBR,Great Britain,1996,Atlanta,Women's Heptathlon,Combined events,F,Bronze
GBR,Great Britain,2000,Sydney,Women's Heptathlon,Combined events,F,Gold
USA,United States,1988,Seoul,Men's 400 metres,Sprints,M,Gold
USA,United States,1992,Barcelona,Men's 400 metres,Sprints,M,Silver
SWE,Sweden,1948,London,Women's Long Jump,Jumps,F,Bronze
CHN,China,1992,Barcelona,Women's 10 kilometres Walk,Race walk,F,Bronze
CHN,China,1988,Seoul,Women's Shot Put,Throws,F,Bronze
CHN,China,2012,London,Women's Discus Throw,Throws,F,Bronze
GBR,Great Britain,1924,Paris,Men's 200 metres,Sprints,M,Bronze
GBR,Great Britain,1924,Paris,Men's 400 metres,Sprints,M,Gold
USA,United States,1924,Paris,Men's Discus Throw,Throws,M,Bronze
GER,Germany,1912,Stockholm,Men's High Jump,Jumps,M,Silver
USA,United States,1904,St. Louis,Men's 800 metres,Middle distance,M,Gold
USA,United States,1904,St. Louis,"Men's 1,500 metres",Middle distance,M,Gold
USA,United States,1904,St. Louis,"Men's 2,590 metres Steeplechase",Hurdles & steeplechase,M,Gold
USA,United States,1906,Athina,Men's 800 metres,Middle distance,M,Silver
USA,United States,1906,Athina,"Men's 1,500 metres",Middle distance,M,Gold
FIN,Finland,1920,Antwerpen,"Men's Cross-Country, Individual",Distance,M,Bronze
ETH,Ethiopia,2016,Rio de Janeiro,Men's Marathon,Distance,M,Silver
FIN,Finland,1984,Los Angeles,Women's Javelin Throw,Throws,F,Silver
SWE,Sweden,1920,Antwerpen,Men's 56-pound Weight Throw,Throws,M,Bronze
SWE,Sweden,1920,Antwerpen,Men's Hammer Throw,Throws,M,Silver
USA,United States,1912,Stockholm,Men's 400 metres,Sprints,M,Bronze
USA,United States,1912,Stockholm,Men's 4 x 400 metres Relay,Relays,M,Gold
SWE,Sweden,1906,Athina,"Men's Javelin Throw, Freestyle",Throws,M,Silver
SWE,Sweden,1912,Stockholm,Men's 4 x 100 metres Relay,Relays,M,Silver
SWE,Sweden,1912,Stockholm,Men's Triple Jump,Jumps,M,Gold
CAN,Canada,1906,Athina,"Men's 1,500 metres Walk",Race walk,M,Silver
USA,United States,1964,Tokyo,Men's 110 metres Hurdles,Hurdles & steeplechase,M,Silver
GER,Germany,1964,Tokyo,Men's 20 kilometres Walk,Race walk,M,Silver
SWE,Sweden,1924,Paris,Men's Javelin Throw,Throws,M,Silver
USA,United States,1912,Stockholm,Men's 100 metres,Sprints,M,Bronze
USA,United States,1912,Stockholm,Men's 200 metres,Sprints,M,Silver
UKR,Ukraine,2008,Beijing,"Women's 1,500 metres",Middle distance,F,Silver
BEL,Belgium,1972,Munich,Men's Marathon,Distance,M,Silver
BEL,Belgium,1976,Montreal,Men's Marathon,Distance,M,Bronze
URS,Soviet Union,1988,Seoul,Women's Shot Put,Throws,F,Gold
URS,Soviet Union,1952,Helsinki,Men's 400 metres Hurdles,Hurdles & steeplechase,M,Silver
URS,Soviet Union,1980,Moskva,Men's Hammer Throw,Throws,M,Silver
URS,Soviet Union,1988,Seoul,Men's Hammer Throw,Throws,M,Gold
CHN,China,2016,Rio de Janeiro,Women's 20 kilometres Walk,Race walk,F,Gold
CHN,China,2004,Athina,Men's 110 metres Hurdles,Hurdles & steeplechase,M,Gold
USA,United States,1920,Antwerpen,Men's Shot Put,Throws,M,Bronze
SWE,Sweden,1948,London,Men's 50 kilometres Walk,Race walk,M,Gold
SWE,Sweden,1956,Melbourne,Men's 50 kilometres Walk,Race walk,M,Bronze
SWE,Sweden,1960,Roma,Men's 50 kilometres Walk,Race walk,M,Silver
ESP,Spain,1980,Moskva,Men's 50 kilometres Walk,Race walk,M,Silver
JAM,Jamaica,2008,Beijing,Women's 4 x 400 metres Relay,Relays,F,Bronze
CAN,Canada,1936,Berlin,Men's 400 metres Hurdles,Hurdles & steeplechase,M,Silver
ROU,Romania,1984,Los Angeles,Women's Shot Put,Throws,F,Silver
SWE,Sweden,1912,Stockholm,Men's Decathlon,Combined events,M,Silver
GBR,Great Britain,1928,Amsterdam,Men's 100 metres,Sprints,M,Silver
USA,United States,1960,Roma,Men's Shot Put,Throws,M,Bronze
USA,United States,1964,Tokyo,Men's Shot Put,Throws,M,Gold
GER,Germany,1936,Berlin,Men's Long Jump,Jumps,M,Silver
USA,United States,1900,Paris,Men's 400 metres,Sprints,M,Gold
KEN,Kenya,2012,London,"Men's 5,000 metres",Distance,M,Bronze
USA,United States,1920,Antwerpen,Men's 400 metres Hurdles,Hurdles & steeplechase,M,Gold
POR,Portugal,1976,Montreal,"Men's 10,000 metres",Distance,M,Silver
POR,Portugal,1984,Los Angeles,Men's Marathon,Distance,M,Gold
CAN,Canada,2008,Beijing,Women's 100 metres Hurdles,Hurdles & steeplechase,F,Bronze
FRG,West Germany,1984,Los Angeles,Women's Shot Put,Throws,F,Gold
EST,Estonia,1920,Antwerpen,Men's Marathon,Distance,M,Silver
GER,Germany,1964,Tokyo,Women's Discus Throw,Throws,F,Silver
GRE,Greece,1896,Athina,Men's Marathon,Distance,M,Gold
FIN,Finland,1928,Amsterdam,"Men's 3,000 metres Steeplechase",Hurdles & steeplechase,M,Gold
HUN,Hungary,1968,Mexico City,Men's Hammer Throw,Throws,M,Bronze
NZL,New Zealand,1936,Berlin,"Men's 1,500 metres",Middle distance,M,Gold
ROU,Romania,1984,Los Angeles,Women's 800 metres,Middle distance,F,Bronze
GBR,Great Britain,1924,Paris,Men's 800 metres,Middle distance,M,Gold
GBR,Great Britain,1928,Amsterdam,Men's 800 metres,Middle distance,M,Gold
NOR,Norway,1920,Antwerpen,Men's Decathlon,Combined events,M,Gold
CHN,China,2016,Rio de Janeiro,Women's 20 kilometres Walk,Race walk,F,Bronze
GER,Germany,1952,Helsinki,"Men's 1,500 metres",Middle distance,M,Bronze
CAN,Canada,1912,Stockholm,Men's Pentathlon,Combined events,M,Bronze
RUS,Russia,2008,Beijing,Men's Pole Vault,Jumps,M,Silver
SWE,Sweden,1952,Helsinki,Men's Pole Vault,Jumps,M,Bronze
SWE,Sweden,1928,Amsterdam,Men's Javelin Throw,Throws,M,Gold
ITA,Italy,1908,London,Men's 800 metres,Middle distance,M,Silver
URS,Soviet Union,1964,Tokyo,Men's Javelin Throw,Throws,M,Bronze
URS,Soviet Union,1968,Mexico City,Men's Javelin Throw,Throws,M,Gold
URS,Soviet Union,1972,Munich,Men's Javelin Throw,Throws,M,Silver
USA,United States,1936,Berlin,Men's 400 metres,Sprints,M,Bronze
EUN,Unified Team,1992,Barcelona,Men's Shot Put,Throws,M,Bronze
URS,Soviet Union,1960,Roma,Women's 800 metres,Middle distance,F,Gold
RUS,Russia,2012,London,Women's Hammer Throw,Throws,F,Gold
URS,Soviet Union,1972,Munich,Men's Decathlon,Combined events,M,Silver
FIN,Finland,1980,Moskva,"Men's 5,000 metres",Distance,M,Bronze
FIN,Finland,1980,Moskva,"Men's 10,000 metres",Distance,M,Silver
CAN,Canada,1908,London,Men's Triple Jump,Jumps,M,Silver
USA,United States,2004,Athina,Men's Pole Vault,Jumps,M,Gold
USA,United States,2016,Rio de Janeiro,Women's Long Jump,Jumps,F,Gold
NZL,New Zealand,1960,Roma,Men's Marathon,Distance,M,Bronze
BRA,Brazil,2008,Beijing,Women's Long Jump,Jumps,F,Gold
SWE,Sweden,1912,Stockholm,"Men's Discus Throw, Both Hands",Throws,M,Bronze
FRA,France,1984,Los Angeles,"Men's 3,000 metres Steeplechase",Hurdles & steeplechase,M,Silver
POL,Poland,2008,Beijing,Men's Shot Put,Throws,M,Gold
POL,Poland,2012,London,Men's Shot Put,Throws,M,Gold
URS,Soviet Union,1980,Moskva,Men's Javelin Throw,Throws,M,Silver
RUS,Russia,2000,Sydney,Men's Javelin Throw,Throws,M,Bronze
RUS,Russia,2004,Athina,Men's Javelin Throw,Throws,M,Bronze
ALG,Algeria,2012,London,"Men's 1,500 metres",Middle distance,M,Gold
ALG,Algeria,2016,Rio de Janeiro,Men's 800 metres,Middle distance,M,Silver
ALG,Algeria,2016,Rio de Janeiro,"Men's 1,500 metres",Middle distance,M,Silver
POL,Poland,1976,Montreal,"Men's 3,000 metres Steeplechase",Hurdles & steeplechase,M,Silver
POL,Poland,1980,Moskva,"Men's 3,000 metres Steeplechase",Hurdles & steeplechase,M,Gold
ITA,Italy,1980,Moskva,Men's 4 x 400 metres Relay,Relays,M,Bronze
USA,United States,2012,London,Men's 4 x 400 metres Relay,Relays,M,Silver
GRE,Greece,2000,Sydney,Women's Javelin Throw,Throws,F,Silver
GRE,Greece,2004,Athina,Women's Javelin Throw,Throws,F,Bronze
GBR,Great Britain,1948,London,Women's 100 metres,Sprints,F,Silver
USA,United States,1972,Munich,Men's 400 metres Hurdles,Hurdles & steeplechase,M,Silver
USA,United States,1968,Mexico City,Women's 800 metres,Middle distance,F,Gold
ROU,Romania,1960,Roma,Women's Discus Throw,Throws,F,Bronze
ROU,Romania,1964,Tokyo,Women's Discus Throw,Throws,F,Bronze
ROU,Romania,1968,Mexico City,Women's Discus Throw,Throws,F,Gold
RSA,South Africa,2016,Rio de Janeiro,Men's Long Jump,Jumps,M,Silver
USA,United States,2012,London,"Men's 1,500 metres",Middle distance,M,Silver
FRA,France,1988,Seoul,Men's 4 x 100 metres Relay,Relays,M,Bronze
BUL,Bulgaria,2000,Sydney,Women's Triple Jump,Jumps,F,Gold
URS,Soviet Union,1980,Moskva,Men's 400 metres,Sprints,M,Gold
RUS,Russia,1996,Atlanta,Men's 20 kilometres Walk,Race walk,M,Silver
BUL,Bulgaria,1988,Seoul,Men's Triple Jump,Jumps,M,Gold
USA,United States,1992,Barcelona,Men's 200 metres,Sprints,M,Gold
CUB,Cuba,1992,Barcelona,Women's Discus Throw,Throws,F,Gold
USA,United States,1992,Barcelona,Women's 100 metres Hurdles,Hurdles & steeplechase,F,Silver
SUI,Switzerland,1924,Paris,Men's 800 metres,Middle distance,M,Silver
AUS,Australia,1988,Seoul,Women's Marathon,Distance,F,Silver
ESP,Spain,2004,Athina,Men's Long Jump,Jumps,M,Bronze
ESP,Spain,2004,Athina,Men's Shot Put,Throws,M,Bronze
HUN,Hungary,2016,Rio de Janeiro,Women's Shot Put,Throws,F,Bronze
FIN,Finland,1928,Amsterdam,Men's Marathon,Distance,M,Bronze
KEN,Kenya,2008,Beijing,"Women's 10,000 metres",Distance,F,Bronze
URS,Soviet Union,1956,Melbourne,Men's 50 kilometres Walk,Race walk,M,Silver
GBR,Great Britain,2008,Beijing,Men's High Jump,Jumps,M,Silver
AUS,Australia,1964,Tokyo,Women's High Jump,Jumps,F,Silver
ESP,Spain,1996,Atlanta,Men's 50 kilometres Walk,Race walk,M,Bronze
RUS,Russia,1996,Atlanta,Women's 800 metres,Middle distance,F,Gold
RUS,Russia,1996,Atlanta,"Women's 1,500 metres",Middle distance,F,Gold
KEN,Kenya,2008,Beijing,"Men's 3,000 metres Steeplechase",Hurdles & steeplechase,M,Bronze
ZAM,Zambia,1996,Atlanta,Men's 400 metres Hurdles,Hurdles & steeplechase,M,Silver
AUS,Australia,1956,Melbourne,Women's 100 metres,Sprints,F,Bronze
AUS,Australia,1956,Melbourne,Women's 200 metres,Sprints,F,Bronze
USA,United States,1948,London,Men's Decathlon,Combined events,M,Gold
USA,United States,1952,Helsinki,Men's Decathlon,Combined events,M,Gold
USA,United States,1952,Helsinki,Men's 400 metres,Sprints,M,Bronze
USA,United States,1964,Tokyo,Men's Shot Put,Throws,M,Silver
USA,United States,1968,Mexico City,Men's Shot Put,Throws,M,Gold
GBR,Great Britain,1964,Tokyo,Men's 20 kilometres Walk,Race walk,M,Gold
USA,United States,1972,Munich,Men's 400 metres,Sprints,M,Gold
GER,Germany,1936,Berlin,Women's Discus Throw,Throws,F,Gold
ITA,Italy,1996,Atlanta,Women's Long Jump,Jumps,F,Silver
ITA,Italy,2000,Sydney,Women's Long Jump,Jumps,F,Silver
USA,United States,1960,Roma,Men's 110 metres Hurdles,Hurdles & steeplechase,M,Silver
FRA,France,2016,Rio de Janeiro,Men's Decathlon,Combined events,M,Silver
FRA,France,1948,London,Women's Discus Throw,Throws,F,Bronze
POL,Poland,2008,Beijing,Men's Discus Throw,Throws,M,Silver
POL,Poland,2016,Rio de Janeiro,Men's Discus Throw,Throws,M,Silver
CMR,Cameroon,2004,Athina,Women's Triple Jump,Jumps,F,Gold
CMR,Cameroon,2008,Beijing,Women's Triple Jump,Jumps,F,Gold
RSA,South Africa,1912,Stockholm,Men's Marathon,Distance,M,Gold
NZL,New Zealand,2016,Rio de Janeiro,Women's Pole Vault,Jumps,F,Bronze
USA,United States,1932,Los Angeles,"Men's 3,000 metres Steeplechase",Hurdles & steeplechase,M,Bronze
GBR,Great Britain,1988,Seoul,"Women's 10,000 metres",Distance,F,Silver
USA,United States,1900,Paris,Men's Shot Put,Throws,M,Silver
USA,United States,1900,Paris,Men's Hammer Throw,Throws,M,Bronze
USA,United States,1956,Melbourne,Women's High Jump,Jumps,F,Gold
JAM,Jamaica,2000,Sydney,Women's 200 metres,Sprints,F,Bronze
USA,United States,1912,Stockholm,Men's Shot Put,Throws,M,Gold
USA,United States,1912,Stockholm,"Men's Shot Put, Both Hands",Throws,M,Silver
USA,United States,1920,Antwerpen,Men's 56-pound Weight Throw,Throws,M,Gold
JAM,Jamaica,2004,Athina,Men's 400 metres Hurdles,Hurdles & steeplechase,M,Silver
USA,United States,1928,Amsterdam,Men's Pole Vault,Jumps,M,Bronze
GBR,Great Britain,1906,Athina,"Men's 1,500 metres",Middle distance,M,Silver
USA,United States,1908,London,Men's Hammer Throw,Throws,M,Silver
USA,United States,1912,Stockholm,Men's Hammer Throw,Throws,M,Gold
USA,United States,1924,Paris,Men's Hammer Throw,Throws,M,Silver
USA,United States,1964,Tokyo,Women's 100 metres,Sprints,F,Silver
USA,United States,1964,Tokyo,Women's 200 metres,Sprints,F,Gold
USA,United States,1964,Tokyo,Women's 4 x 100 metres Relay,Relays,F,Silver
USA,United States,1984,Los Angeles,Men's 400 metres,Sprints,M,Bronze
JAM,Jamaica,1948,London,Men's 400 metres,Sprints,M,Silver
JAM,Jamaica,1952,Helsinki,Men's 100 metres,Sprints,M,Silver
JAM,Jamaica,1952,Helsinki,Men's 400 metres,Sprints,M,Silver
CAN,Canada,1992,Barcelona,Men's 110 metres Hurdles,Hurdles & steeplechase,M,Gold
USA,United States,1900,Paris,Men's 110 metres Hurdles,Hurdles & steeplechase,M,Silver
AUS,Australia,2008,Beijing,Women's 100 metres Hurdles,Hurdles & steeplechase,F,Silver
AUS,Australia,2012,London,Women's 100 metres Hurdles,Hurdles & steeplechase,F,Gold
GBR,Great Britain,1984,Los Angeles,"Men's 10,000 metres",Distance,M,Silver
JAM,Jamaica,2016,Rio de Janeiro,Men's 110 metres Hurdles,Hurdles & steeplechase,M,Gold
RSA,South Africa,1924,Paris,Men's 10 kilometres Walk,Race walk,M,Bronze
USA,United States,1976,Montreal,Women's Long Jump,Jumps,F,Silver
USA,United States,1952,Helsinki,"Men's 1,500 metres",Middle distance,M,Silver
CAN,Canada,1932,Los Angeles,Men's High Jump,Jumps,M,Gold
AUS,Australia,1996,Atlanta,Women's Javelin Throw,Throws,F,Silver
USA,United States,1936,Berlin,Men's Pole Vault,Jumps,M,Gold
ROU,Romania,1976,Montreal,Men's Javelin Throw,Throws,M,Bronze
GDR,East Germany,1988,Seoul,Women's Javelin Throw,Throws,F,Gold
FRA,France,2008,Beijing,"Men's 3,000 metres Steeplechase",Hurdles & steeplechase,M,Silver
FRA,France,2012,London,"Men's 3,000 metres Steeplechase",Hurdles & steeplechase,M,Silver
FRA,France,2016,Rio de Janeiro,"Men's 3,000 metres Steeplechase",Hurdles & steeplechase,M,Bronze
SWE,Sweden,1906,Athina,Men's Pentathlon (Ancient),Combined events,M,Gold
URS,Soviet Union,1972,Munich,Women's Discus Throw,Throws,F,Gold
FRA,France,1928,Amsterdam,Men's High Jump,Jumps,M,Bronze
CUB,Cuba,2000,Sydney,Women's Javelin Throw,Throws,F,Bronze
CUB,Cuba,2004,Athina,Women's Javelin Throw,Throws,F,Gold
ROU,Romania,1972,Munich,Women's Discus Throw,Throws,F,Silver
BLR,Belarus,2008,Beijing,Women's Hammer Throw,Throws,F,Gold
ITA,Italy,1972,Munich,Men's 200 metres,Sprints,M,Bronze
ITA,Italy,1980,Moskva,Men's 200 metres,Sprints,M,Gold
ALG,Algeria,2000,Sydney,"Women's 1,500 metres",Middle distance,F,Gold
MEX,Mexico,1992,Barcelona,Men's 50 kilometres Walk,Race walk,M,Silver
USA,United States,1912,Stockholm,Men's 800 metres,Middle distance,M,Gold
USA,United States,2012,London,Men's 110 metres Hurdles,Hurdles & steeplechase,M,Gold
USA,United States,2008,Beijing,Men's 400 metres,Sprints,M,Gold
USA,United States,2016,Rio de Janeiro,Men's 400 metres,Sprints,M,Bronze
GBR,Great Britain,2000,Sydney,Women's 400 metres,Sprints,F,Bronze
AUS,Australia,1936,Berlin,Men's Triple Jump,Jumps,M,Bronze
USA,United States,1932,Los Angeles,Men's 100 metres,Sprints,M,Silver
USA,United States,1932,Los Angeles,Men's 200 metres,Sprints,M,Bronze
USA,United States,1936,Berlin,Men's 100 metres,Sprints,M,Silver
USA,United States,1912,Stockholm,Men's 100 metres,Sprints,M,Silver
RSA,South Africa,1992,Barcelona,"Women's 10,000 metres",Distance,F,Silver
FRG,West Germany,1972,Munich,Women's High Jump,Jumps,F,Gold
FRG,West Germany,1984,Los Angeles,Women's High Jump,Jumps,F,Gold
ETH,Ethiopia,2000,Sydney,"Men's 10,000 metres",Distance,M,Bronze
FRG,West Germany,1968,Mexico City,Women's Pentathlon,Combined events,F,Gold
YUG,Yugoslavia,1956,Melbourne,Men's Marathon,Distance,M,Silver
SWE,Sweden,1948,London,Men's 10 kilometres Walk,Race walk,M,Gold
SWE,Sweden,1952,Helsinki,Men's 10 kilometres Walk,Race walk,M,Gold
URS,Soviet Union,1956,Melbourne,Men's 20 kilometres Walk,Race walk,M,Silver
URS,Soviet Union,1964,Tokyo,Men's 110 metres Hurdles,Hurdles & steeplechase,M,Bronze
USA,United States,1972,Munich,Men's 110 metres Hurdles,Hurdles & steeplechase,M,Gold
GDR,East Germany,1968,Mexico City,Men's Discus Throw,Throws,M,Silver
USA,United States,1932,Los Angeles,Men's Pole Vault,Jumps,M,Gold
USA,United States,1952,Helsinki,Men's Javelin Throw,Throws,M,Silver
JAM,Jamaica,1968,Mexico City,Men's 100 metres,Sprints,M,Silver
JAM,Jamaica,1972,Munich,Men's 100 metres,Sprints,M,Bronze
BAH,Bahamas,2016,Rio de Janeiro,Women's 400 metres,Sprints,F,Gold
USA,United States,1964,Tokyo,"Men's 10,000 metres",Distance,M,Gold
FRA,France,1948,London,"Men's 10,000 metres",Distance,M,Silver
FRA,France,1952,Helsinki,"Men's 5,000 metres",Distance,M,Silver
FRA,France,1952,Helsinki,"Men's 10,000 metres",Distance,M,Silver
FRA,France,1956,Melbourne,Men's Marathon,Distance,M,Gold
URS,Soviet Union,1976,Montreal,Men's Shot Put,Throws,M,Silver
USA,United States,1904,St. Louis,Men's 56-pound Weight Throw,Throws,M,Bronze
USA,United States,1992,Barcelona,Men's 100 metres,Sprints,M,Bronze
AUS,Australia,1980,Moskva,Men's 400 metres,Sprints,M,Silver
BEL,Belgium,1960,Roma,Men's 800 metres,Middle distance,M,Silver
USA,United States,2004,Athina,Men's Long Jump,Jumps,M,Silver
FRG,West Germany,1984,Los Angeles,Men's High Jump,Jumps,M,Gold
RSA,South Africa,2008,Beijing,Men's Long Jump,Jumps,M,Silver
GER,Germany,1936,Berlin,Women's Discus Throw,Throws,F,Bronze
NZL,New Zealand,1992,Barcelona,Women's Marathon,Distance,F,Bronze
USA,United States,1900,Paris,Men's 110 metres Hurdles,Hurdles & steeplechase,M,Bronze
ITA,Italy,1948,London,Men's 4 x 100 metres Relay,Relays,M,Bronze
USA,United States,1952,Helsinki,Men's 400 metres Hurdles,Hurdles & steeplechase,M,Gold
ITA,Italy,1964,Tokyo,Men's 400 metres Hurdles,Hurdles & steeplechase,M,Bronze
ALG,Algeria,1996,Atlanta,"Men's 1,500 metres",Middle distance,M,Gold
CUB,Cuba,2004,Athina,Women's Hammer Throw,Throws,F,Silver
CUB,Cuba,2008,Beijing,Women's Hammer Throw,Throws,F,Silver
JPN,Japan,1992,Barcelona,Men's Marathon,Distance,M,Silver
USA,United States,1936,Berlin,Men's Decathlon,Combined events,M,Gold
USA,United States,1960,Roma,Men's Pole Vault,Jumps,M,Silver
USA,United States,2016,Rio de Janeiro,Women's Pole Vault,Jumps,F,Silver
USA,United States,2000,Sydney,Women's 100 metres Hurdles,Hurdles & steeplechase,F,Bronze
USA,United States,2004,Athina,Women's 100 metres Hurdles,Hurdles & steeplechase,F,Bronze
USA,United States,1956,Melbourne,Men's 100 metres,Sprints,M,Gold
USA,United States,1956,Melbourne,Men's 200 metres,Sprints,M,Gold
USA,United States,1976,Montreal,Men's 400 metres Hurdles,Hurdles & steeplechase,M,Gold
USA,United States,1984,Los Angeles,Men's 400 metres Hurdles,Hurdles & steeplechase,M,Gold
USA,United States,1988,Seoul,Men's 400 metres Hurdles,Hurdles & steeplechase,M,Bronze
POR,Portugal,1984,Los Angeles,Women's Marathon,Distance,F,Bronze
POR,Portugal,1988,Seoul,Women's Marathon,Distance,F,Gold
TTO,Trinidad and Tobago,1964,Tokyo,Men's 400 metres,Sprints,M,Silver
USA,United States,1904,St. Louis,Men's 60 metres,Sprints,M,Bronze
USA,United States,1906,Athina,Men's 100 metres,Sprints,M,Silver
CUB,Cuba,1992,Barcelona,Men's Discus Throw,Throws,M,Bronze
HUN,Hungary,1906,Athina,"Men's Discus Throw, Greek Style",Throws,M,Bronze
HUN,Hungary,1906,Athina,Men's Pentathlon (Ancient),Combined events,M,Silver
USA,United States,2016,Rio de Janeiro,Women's 400 metres Hurdles,Hurdles & steeplechase,F,Gold
RSA,South Africa,2004,Athina,Men's 800 metres,Middle distance,M,Silver
AUS,Australia,1984,Los Angeles,Women's Shot Put,Throws,F,Bronze
USA,United States,1920,Antwerpen,Men's High Jump,Jumps,M,Silver
GER,Germany,1906,Athina,"Men's 3,000 metres Walk",Race walk,M,Silver
GDR,East Germany,1988,Seoul,Women's 400 metres,Sprints,F,Silver
GER,Germany,2000,Sydney,Women's Hammer Throw,Throws,F,Bronze
GDR,East Germany,1980,Moskva,Men's 110 metres Hurdles,Hurdles & steeplechase,M,Gold
USA,New York Athletic Club,1904,St. Louis,"Men's 4 mile, Team",Other,M,Gold
JPN,Japan,2004,Athina,Men's Hammer Throw,Throws,M,Gold
JPN,Japan,2012,London,Men's Hammer Throw,Throws,M,Bronze
USA,United States,2016,Rio de Janeiro,Men's 800 metres,Middle distance,M,Bronze
USA,United States,1912,Stockholm,Men's Pole Vault,Jumps,M,Bronze
USA,United States,1920,Antwerpen,Men's 110 metres Hurdles,Hurdles & steeplechase,M,Bronze
GBR,Great Britain,1988,Seoul,"Women's 3,000 metres",Distance,F,Bronze
ROU,Romania,2000,Sydney,Women's High Jump,Jumps,F,Bronze
KEN,Kenya,1984,Los Angeles,"Men's 10,000 metres",Distance,M,Bronze
KEN,Kenya,2012,London,"Men's 3,000 metres Steeplechase",Hurdles & steeplechase,M,Bronze
MOZ,Mozambique,1996,Atlanta,Women's 800 metres,Middle distance,F,Bronze
MOZ,Mozambique,2000,Sydney,Women's 800 metres,Middle distance,F,Gold
KEN,Kenya,1992,Barcelona,"Men's 3,000 metres Steeplechase",Hurdles & steeplechase,M,Bronze
USA,United States,1920,Antwerpen,Men's Pole Vault,Jumps,M,Bronze
USA,United States,1988,Seoul,Men's Long Jump,Jumps,M,Bronze
FIN,Finland,1920,Antwerpen,Men's Javelin Throw,Throws,M,Gold
FIN,Finland,1924,Paris,Men's Javelin Throw,Throws,M,Gold
JPN,Japan,1936,Berlin,Men's Marathon,Distance,M,Bronze
JPN,Japan,1932,Los Angeles,Men's Long Jump,Jumps,M,Bronze
JPN,Japan,1932,Los Angeles,Men's Triple Jump,Jumps,M,Gold
SWE,Sweden,1996,Atlanta,Women's 100 metres Hurdles,Hurdles & steeplechase,F,Gold
TJK,Tajikistan,2016,Rio de Janeiro,Men's Hammer Throw,Throws,M,Gold
URS,Soviet Union,1988,Seoul,Women's 400 metres,Sprints,F,Bronze
KEN,Kenya,2004,Athina,Women's Marathon,Distance,F,Silver
KEN,Kenya,2008,Beijing,Women's Marathon,Distance,F,Silver
GDR,East Germany,1988,Seoul,Women's Shot Put,Throws,F,Silver
GER,Germany,1992,Barcelona,Women's Shot Put,Throws,F,Bronze
USA,United States,2000,Sydney,Men's Shot Put,Throws,M,Silver
USA,United States,2004,Athina,Men's Shot Put,Throws,M,Gold
USA,United States,1912,Stockholm,Men's Pole Vault,Jumps,M,Silver
HUN,Hungary,1948,London,Men's Hammer Throw,Throws,M,Gold
HUN,Hungary,1952,Helsinki,Men's Hammer Throw,Throws,M,Bronze
HUN,Hungary,1976,Montreal,Men's Javelin Throw,Throws,M,Gold
HUN,Hungary,1968,Mexico City,Women's Javelin Throw,Throws,F,Gold
GER,Germany,2004,Athina,Women's Javelin Throw,Throws,F,Silver
BLR,Belarus,2004,Athina,Women's 100 metres,Sprints,F,Gold
FIN,Finland,1964,Tokyo,Men's Javelin Throw,Throws,M,Gold
USA,United States,2008,Beijing,Men's 400 metres,Sprints,M,Bronze
USA,United States,1976,Montreal,Men's 400 metres,Sprints,M,Silver
USA,United States,1904,St. Louis,Men's Marathon,Distance,M,Bronze
USA,United States,1904,St. Louis,"Men's 2,590 metres Steeplechase",Hurdles & steeplechase,M,Bronze
KEN,Kenya,2000,Sydney,"Men's 1,500 metres",Middle distance,M,Gold
KEN,Kenya,1988,Seoul,"Men's 5,000 metres",Distance,M,Gold
USA,United States,1956,Melbourne,Men's Shot Put,Throws,M,Silver
USA,United States,1960,Roma,Men's Shot Put,Throws,M,Gold
GBR,Great Britain,1964,Tokyo,Men's 50 kilometres Walk,Race walk,M,Silver
FIN,Finland,1924,Paris,Men's Discus Throw,Throws,M,Silver
NED,Netherlands,1980,Moskva,Men's Marathon,Distance,M,Silver
FIN,Finland,1936,Berlin,Men's Javelin Throw,Throws,M,Silver
FIN,Finland,1912,Stockholm,"Men's Shot Put, Both Hands",Throws,M,Bronze
FIN,Finland,1912,Stockholm,"Men's Discus Throw, Both Hands",Throws,M,Silver
FIN,Finland,1920,Antwerpen,Men's Shot Put,Throws,M,Silver
FIN,Finland,1920,Antwerpen,Men's Discus Throw,Throws,M,Gold
EUN,Unified Team,1992,Barcelona,Women's 10 kilometres Walk,Race walk,F,Silver
RUS,Russia,1996,Atlanta,Women's 10 kilometres Walk,Race walk,F,Gold
EUN,Unified Team,1992,Barcelona,Men's Hammer Throw,Throws,M,Bronze
SWE,Sweden,1908,London,Men's Javelin Throw,Throws,M,Bronze
JPN,Japan,1932,Los Angeles,Men's Pole Vault,Jumps,M,Silver
JPN,Japan,1936,Berlin,Men's Pole Vault,Jumps,M,Silver
BDI,Burundi,1996,Atlanta,"Men's 5,000 metres",Distance,M,Gold
BDI,Burundi,2016,Rio de Janeiro,Women's 800 metres,Middle distance,F,Silver
RUS,Russia,2004,Athina,Men's 50 kilometres Walk,Race walk,M,Silver
RUS,Russia,2008,Beijing,Men's 50 kilometres Walk,Race walk,M,Bronze
JPN,Japan,2004,Athina,Women's Marathon,Distance,F,Gold
GBR,Great Britain,1924,Paris,Men's Hammer Throw,Throws,M,Bronze
EST,Estonia,2000,Sydney,Men's Decathlon,Combined events,M,Gold
GDR,East Germany,1968,Mexico City,Men's Pole Vault,Jumps,M,Bronze
GDR,East Germany,1972,Munich,Men's Pole Vault,Jumps,M,Gold
AUS,Australia,1968,Mexico City,Men's 200 metres,Sprints,M,Silver
GER,Germany,1964,Tokyo,"Men's 5,000 metres",Distance,M,Silver
USA,United States,1924,Paris,Men's Decathlon,Combined events,M,Silver
USA,United States,1920,Antwerpen,Men's 400 metres Hurdles,Hurdles & steeplechase,M,Silver
POL,Poland,2016,Rio de Janeiro,Men's Hammer Throw,Throws,M,Bronze
AUS,Australia,1984,Los Angeles,Women's Heptathlon,Combined events,F,Gold
FIN,Finland,1920,Antwerpen,"Men's 5,000 metres",Distance,M,Silver
FIN,Finland,1920,Antwerpen,"Men's 10,000 metres",Distance,M,Gold
FIN,Finland,1920,Antwerpen,"Men's Cross-Country, Individual",Distance,M,Gold
FIN,Finland,1924,Paris,"Men's 1,500 metres",Middle distance,M,Gold
FIN,Finland,1924,Paris,"Men's 5,000 metres",Distance,M,Gold
FIN,Finland,1924,Paris,"Men's Cross-Country, Individual",Distance,M,Gold
FIN,Finland,1928,Amsterdam,"Men's 5,000 metres",Distance,M,Silver
FIN,Finland,1928,Amsterdam,"Men's 10,000 metres",Distance,M,Gold
FIN,Finland,1928,Amsterdam,"Men's 3,000 metres Steeplechase",Hurdles & steeplechase,M,Silver
EUN,Unified Team,1992,Barcelona,Women's 800 metres,Middle distance,F,Silver
TAN,Tanzania,1980,Moskva,"Men's 5,000 metres",Distance,M,Silver
GBR,Great Britain,1980,Moskva,Men's 400 metres Hurdles,Hurdles & steeplechase,M,Bronze
USA,United States,1996,Atlanta,Men's Decathlon,Combined events,M,Gold
USA,United States,1952,Helsinki,Men's Shot Put,Throws,M,Gold
USA,United States,1956,Melbourne,Men's Shot Put,Throws,M,Gold
USA,United States,1960,Roma,Men's Shot Put,Throws,M,Silver
GER,Germany,2008,Beijing,Women's Javelin Throw,Throws,F,Bronze
GER,Germany,2012,London,Women's Javelin Throw,Throws,F,Silver
USA,United States,1924,Paris,Men's Javelin Throw,Throws,M,Bronze
ITA,Italy,1936,Berlin,Men's Discus Throw,Throws,M,Bronze
POR,Portugal,2004,Athina,Men's 100 metres,Sprints,M,Silver
KEN,Kenya,2016,Rio de Janeiro,"Women's 5,000 metres",Distance,F,Silver
IRL,Ireland,1928,Amsterdam,Men's Hammer Throw,Throws,M,Gold
IRL,Ireland,1932,Los Angeles,Men's Hammer Throw,Throws,M,Gold
GBR,Great Britain,1906,Athina,Men's Long Jump,Jumps,M,Silver
GBR,Great Britain,1906,Athina,Men's Triple Jump,Jumps,M,Gold
KEN,Kenya,2004,Athina,"Women's 5,000 metres",Distance,F,Silver
JPN,Japan,1928,Amsterdam,Men's Triple Jump,Jumps,M,Gold
GBR,Great Britain,1936,Berlin,Women's High Jump,Jumps,F,Silver
GBR,Great Britain,1948,London,Women's High Jump,Jumps,F,Silver
TCH,Czechoslovakia,1964,Tokyo,"Men's 1,500 metres",Middle distance,M,Silver
JPN,Japan,1936,Berlin,Men's Pole Vault,Jumps,M,Bronze
GDR,East Germany,1980,Moskva,Women's 100 metres,Sprints,F,Silver
USA,United States,1956,Melbourne,Men's Discus Throw,Throws,M,Gold
USA,United States,1960,Roma,Men's Discus Throw,Throws,M,Gold
USA,United States,1964,Tokyo,Men's Discus Throw,Throws,M,Gold
USA,United States,1968,Mexico City,Men's Discus Throw,Throws,M,Gold
NGR,Nigeria,1996,Atlanta,Women's 400 metres,Sprints,F,Bronze
SWE,Sweden,1920,Antwerpen,Men's Decathlon,Combined events,M,Bronze
GBR,Great Britain,2008,Beijing,Women's 400 metres,Sprints,F,Gold
GBR,Great Britain,2012,London,Women's 400 metres,Sprints,F,Silver
NGR,Nigeria,2008,Beijing,Women's Long Jump,Jumps,F,Bronze
URS,Soviet Union,1968,Mexico City,Women's High Jump,Jumps,F,Silver
USA,United States,2008,Beijing,Men's 110 metres Hurdles,Hurdles & steeplechase,M,Bronze
URS,Soviet Union,1980,Moskva,Women's 800 metres,Middle distance,F,Gold
URS,Soviet Union,1980,Moskva,"Women's 1,500 metres",Middle distance,F,Bronze
DEN,Denmark,2004,Athina,Men's Shot Put,Throws,M,Silver
SWE,Sweden,2004,Athina,Men's Triple Jump,Jumps,M,Gold
NGR,Nigeria,1996,Atlanta,Women's 200 metres,Sprints,F,Bronze
KEN,Kenya,1996,Atlanta,Men's 800 metres,Middle distance,M,Bronze
ROU,Romania,2004,Athina,Men's Triple Jump,Jumps,M,Silver
ESP,Spain,2016,Rio de Janeiro,Men's 110 metres Hurdles,Hurdles & steeplechase,M,Silver
CAN,Canada,1900,Paris,Men's 400 metres Hurdles,Hurdles & steeplechase,M,Bronze
CAN,Canada,1900,Paris,"Men's 2,500 metres Steeplechase",Hurdles & steeplechase,M,Gold
IRL,Ireland,2000,Sydney,"Women's 5,000 metres",Distance,F,Silver
USA,United States,1924,Paris,Men's High Jump,Jumps,M,Gold
USA,United States,1924,Paris,Men's Decathlon,Combined events,M,Gold
USA,United States,1932,Los Angeles,Women's Discus Throw,Throws,F,Silver
NED,Netherlands,1936,Berlin,Men's 100 metres,Sprints,M,Bronze
NED,Netherlands,1936,Berlin,Men's 200 metres,Sprints,M,Bronze
JPN,Japan,1932,Los Angeles,Men's Triple Jump,Jumps,M,Bronze
BLR,Belarus,2008,Beijing,Women's Shot Put,Throws,F,Bronze
FRA,France,1948,London,Women's High Jump,Jumps,F,Bronze
FRA,France,1948,London,Women's Shot Put,Throws,F,Gold
FRA,France,1948,London,Women's Discus Throw,Throws,F,Gold
JAM,Jamaica,1980,Moskva,Women's 200 metres,Sprints,F,Bronze
JAM,Jamaica,1984,Los Angeles,Women's 100 metres,Sprints,F,Bronze
JAM,Jamaica,1984,Los Angeles,Women's 200 metres,Sprints,F,Bronze
JAM,Jamaica,1992,Barcelona,Women's 200 metres,Sprints,F,Bronze
JAM,Jamaica,1996,Atlanta,Women's 100 metres,Sprints,F,Silver
JAM,Jamaica,1996,Atlanta,Women's 200 metres,Sprints,F,Silver
JAM,Jamaica,2000,Sydney,Women's 100 metres,Sprints,F,Bronze
GBR,Great Britain,1984,Los Angeles,Men's Javelin Throw,Throws,M,Silver
GER,Germany,2012,London,Men's Pole Vault,Jumps,M,Silver
ITA,Italy,1968,Mexico City,Men's 110 metres Hurdles,Hurdles & steeplechase,M,Bronze
UKR,Ukraine,2004,Athina,Women's 100 metres Hurdles,Hurdles & steeplechase,F,Silver
GBR,Great Britain,1980,Moskva,Men's 800 metres,Middle distance,M,Gold
GBR,Great Britain,1980,Moskva,"Men's 1,500 metres",Middle distance,M,Bronze
GBR,Great Britain,1908,London,Men's 5 mile,Other,M,Silver
USA,United States,1936,Berlin,Men's 100 metres,Sprints,M,Gold
USA,United States,1936,Berlin,Men's 200 metres,Sprints,M,Gold
USA,United States,1936,Berlin,Men's Long Jump,Jumps,M,Gold
URS,Soviet Union,1960,Roma,Women's Javelin Throw,Throws,F,Gold
GBR,Great Britain,1964,Tokyo,Women's 400 metres,Sprints,F,Silver
GBR,Great Britain,1964,Tokyo,Women's 800 metres,Middle distance,F,Gold
USA,United States,1920,Antwerpen,Men's 100 metres,Sprints,M,Gold
USA,United States,1920,Antwerpen,Men's 200 metres,Sprints,M,Silver
USA,United States,1924,Paris,Men's 200 metres,Sprints,M,Silver
ITA,Italy,1960,Roma,Men's 50 kilometres Walk,Race walk,M,Bronze
ITA,Italy,1964,Tokyo,Men's 50 kilometres Walk,Race walk,M,Gold
GRE,Greece,1896,Athina,Men's Shot Put,Throws,M,Bronze
GRE,Greece,1896,Athina,Men's Discus Throw,Throws,M,Silver
JAM,Jamaica,2012,London,Men's 110 metres Hurdles,Hurdles & steeplechase,M,Bronze
AUS,Australia,1920,Antwerpen,"Men's 3,000 metres Walk",Race walk,M,Silver
USA,United States,1936,Berlin,Men's Decathlon,Combined events,M,Bronze
GBR,Great Britain,1968,Mexico City,Women's Long Jump,Jumps,F,Silver
HUN,Hungary,2012,London,Men's Hammer Throw,Throws,M,Gold
POL,Poland,1992,Barcelona,Men's High Jump,Jumps,M,Bronze
POL,Poland,1996,Atlanta,Men's High Jump,Jumps,M,Silver
FIN,Finland,1948,London,Women's Javelin Throw,Throws,F,Silver
GDR,East Germany,1980,Moskva,Men's Long Jump,Jumps,M,Silver
GRE,Greece,1992,Barcelona,Women's 100 metres Hurdles,Hurdles & steeplechase,F,Gold
USA,United States,1948,London,Women's 200 metres,Sprints,F,Bronze
USA,United States,1948,London,Men's 200 metres,Sprints,M,Gold
NOR,Norway,1948,London,Men's High Jump,Jumps,M,Silver
USA,United States,2008,Beijing,Men's 110 metres Hurdles,Hurdles & steeplechase,M,Silver
USA,United States,1920,Antwerpen,Men's 10 kilometres Walk,Race walk,M,Silver
URS,Soviet Union,1968,Mexico City,Women's 400 metres,Sprints,F,Bronze
MEX,Mexico,1968,Mexico City,Men's 20 kilometres Walk,Race walk,M,Silver
CUB,Cuba,2000,Sydney,Men's Long Jump,Jumps,M,Gold
RUS,Russia,2000,Sydney,Women's Shot Put,Throws,F,Silver
FIN,Finland,1912,Stockholm,"Men's Javelin Throw, Both Hands",Throws,M,Bronze
FIN,Finland,1920,Antwerpen,Men's Javelin Throw,Throws,M,Silver
ESP,Spain,1992,Barcelona,Men's Decathlon,Combined events,M,Silver
ROU,Romania,1964,Tokyo,Women's Javelin Throw,Throws,F,Gold
ROU,Romania,1968,Mexico City,Women's Javelin Throw,Throws,F,Silver
FIN,Finland,1932,Los Angeles,Men's Javelin Throw,Throws,M,Bronze
FRA,France,1992,Barcelona,Women's 400 metres,Sprints,F,Gold
FRA,France,1996,Atlanta,Women's 200 metres,Sprints,F,Gold
FRA,France,1996,Atlanta,Women's 400 metres,Sprints,F,Gold
ECU,Ecuador,1996,Atlanta,Men's 20 kilometres Walk,Race walk,M,Gold
ECU,Ecuador,2008,Beijing,Men's 20 kilometres Walk,Race walk,M,Silver
CRO,Croatia,2012,London,Women's Discus Throw,Throws,F,Gold
CRO,Croatia,2016,Rio de Janeiro,Women's Discus Throw,Throws,F,Gold
EUN,Unified Team,1992,Barcelona,Men's 50 kilometres Walk,Race walk,M,Gold
ITA,Italy,1996,Atlanta,Women's 10 kilometres Walk,Race walk,F,Silver
GRE,Greece,1896,Athina,Men's Triple Jump,Jumps,M,Bronze
GBR,Great Britain,1972,Munich,Women's Pentathlon,Combined events,F,Gold
DEN,Denmark,1920,Antwerpen,Men's Pole Vault,Jumps,M,Silver
SWE,Sweden,1920,Antwerpen,Men's Long Jump,Jumps,M,Gold
BUL,Bulgaria,1980,Moskva,Men's 100 metres,Sprints,M,Bronze
RUS,Russia,2012,London,Women's Marathon,Distance,F,Bronze
SWE,Sweden,1964,Tokyo,Men's 50 kilometres Walk,Race walk,M,Bronze
SWE,Sweden,1924,Paris,Men's 110 metres Hurdles,Hurdles & steeplechase,M,Bronze
USA,United States,1988,Seoul,Men's 400 metres Hurdles,Hurdles & steeplechase,M,Gold
USA,United States,2004,Athina,Men's Long Jump,Jumps,M,Gold
UKR,Ukraine,2012,London,Men's Javelin Throw,Throws,M,Silver
ITA,Italy,1948,London,Women's Shot Put,Throws,F,Silver
URS,Soviet Union,1980,Moskva,Men's Long Jump,Jumps,M,Bronze
USA,United States,1992,Barcelona,Men's 110 metres Hurdles,Hurdles & steeplechase,M,Bronze
ITA,Italy,1972,Munich,"Women's 1,500 metres",Middle distance,F,Bronze
USA,United States,1906,Athina,Men's 400 metres,Sprints,M,Gold
USA,United States,1906,Athina,Men's 800 metres,Middle distance,M,Gold
GBR,Great Britain,1956,Melbourne,"Men's 5,000 metres",Distance,M,Silver
URS,Soviet Union,1956,Melbourne,Women's High Jump,Jumps,F,Silver
RUS,Russia,2012,London,Women's Discus Throw,Throws,F,Silver
FIN,Finland,2008,Beijing,Men's Javelin Throw,Throws,M,Bronze
ESP,Spain,1992,Barcelona,Men's 20 kilometres Walk,Race walk,M,Gold
CHI,Chile,1928,Amsterdam,Men's Marathon,Distance,M,Silver
FRG,West Germany,1984,Los Angeles,Men's Hammer Throw,Throws,M,Bronze
USA,United States,1904,St. Louis,Men's 200 metres Hurdles,Hurdles & steeplechase,M,Bronze
USA,United States,1904,St. Louis,Men's 400 metres Hurdles,Hurdles & steeplechase,M,Bronze
URS,Soviet Union,1980,Moskva,Men's 20 kilometres Walk,Race walk,M,Silver
RUS,Russia,2012,London,Women's 800 metres,Middle distance,F,Bronze
GDR,East Germany,1972,Munich,Women's Pentathlon,Combined events,F,Bronze
GDR,East Germany,1976,Montreal,Women's Pentathlon,Combined events,F,Bronze
USA,United States,1936,Berlin,Men's 110 metres Hurdles,Hurdles & steeplechase,M,Bronze
USA,United States,1920,Antwerpen,Men's Discus Throw,Throws,M,Bronze
FIN,Finland,1920,Antwerpen,Men's Shot Put,Throws,M,Gold
FIN,Finland,1932,Los Angeles,Men's Hammer Throw,Throws,M,Silver
NZL,New Zealand,1924,Paris,Men's 100 metres,Sprints,M,Bronze
USA,United States,1948,London,Men's 110 metres Hurdles,Hurdles & steeplechase,M,Gold
AUS,Australia,1956,Melbourne,Men's High Jump,Jumps,M,Silver
USA,United States,1908,London,Men's High Jump,Jumps,M,Gold
CZE,Czech Republic,2004,Athina,Women's Discus Throw,Throws,F,Bronze
URS,Soviet Union,1988,Seoul,Men's High Jump,Jumps,M,Bronze
USA,United States,1976,Montreal,Men's Discus Throw,Throws,M,Bronze
USA,United States,1984,Los Angeles,Men's Discus Throw,Throws,M,Bronze
USA,United States,1988,Seoul,Men's Long Jump,Jumps,M,Silver
USA,United States,1992,Barcelona,Men's Long Jump,Jumps,M,Silver
AUS,Australia,1960,Roma,"Men's 10,000 metres",Distance,M,Bronze
URS,Soviet Union,1960,Roma,Women's 80 metres Hurdles,Hurdles & steeplechase,F,Gold
URS,Soviet Union,1964,Tokyo,Women's Pentathlon,Combined events,F,Gold
URS,Soviet Union,1960,Roma,Women's Shot Put,Throws,F,Gold
URS,Soviet Union,1960,Roma,Women's Discus Throw,Throws,F,Silver
URS,Soviet Union,1964,Tokyo,Women's Shot Put,Throws,F,Gold
URS,Soviet Union,1964,Tokyo,Women's Discus Throw,Throws,F,Gold
TCH,Czechoslovakia,1988,Seoul,Men's 20 kilometres Walk,Race walk,M,Gold
USA,United States,1900,Paris,Men's Long Jump,Jumps,M,Silver
USA,United States,1900,Paris,Men's Triple Jump,Jumps,M,Gold
USA,United States,1904,St. Louis,Men's Long Jump,Jumps,M,Gold
USA,United States,1904,St. Louis,Men's Triple Jump,Jumps,M,Gold
USA,United States,1906,Athina,Men's Long Jump,Jumps,M,Gold
IND,India,1900,Paris,Men's 200 metres,Sprints,M,Silver
IND,India,1900,Paris,Men's 200 metres Hurdles,Hurdles & steeplechase,M,Silver
EUN,Unified Team,1992,Barcelona,Women's 100 metres,Sprints,F,Bronze
RUS,Russia,2000,Sydney,Women's 400 metres Hurdles,Hurdles & steeplechase,F,Gold
RUS,Russia,2000,Sydney,Women's Heptathlon,Combined events,F,Silver
BLR,Belarus,2000,Sydney,Women's Shot Put,Throws,F,Gold
URS,Soviet Union,1980,Moskva,Women's 800 metres,Middle distance,F,Bronze
BRA,Brazil,1968,Mexico City,Men's Triple Jump,Jumps,M,Silver
BRA,Brazil,1972,Munich,Men's Triple Jump,Jumps,M,Bronze
URS,Soviet Union,1980,Moskva,Men's 110 metres Hurdles,Hurdles & steeplechase,M,Bronze
ROU,Romania,1984,Los Angeles,"Women's 1,500 metres",Middle distance,F,Bronze
ROU,Romania,1984,Los Angeles,"Women's 3,000 metres",Distance,F,Gold
FIN,Finland,1928,Amsterdam,"Men's 1,500 metres",Middle distance,M,Bronze
BEL,Belgium,1972,Munich,"Men's 10,000 metres",Distance,M,Silver
CHN,China,2012,London,Women's 20 kilometres Walk,Race walk,F,Bronze
CHN,China,1992,Barcelona,"Women's 1,500 metres",Middle distance,F,Bronze
JAM,Jamaica,1976,Montreal,Men's 100 metres,Sprints,M,Silver
JAM,Jamaica,1976,Montreal,Men's 200 metres,Sprints,M,Gold
JAM,Jamaica,1980,Moskva,Men's 200 metres,Sprints,M,Bronze
NZL,New Zealand,1976,Montreal,"Men's 5,000 metres",Distance,M,Silver
CUB,Cuba,1996,Atlanta,Men's Triple Jump,Jumps,M,Bronze
FRA,France,1984,Los Angeles,Men's Pole Vault,Jumps,M,Gold
CUB,Cuba,1992,Barcelona,Women's High Jump,Jumps,F,Bronze
GBR,Great Britain,1960,Roma,Women's 80 metres Hurdles,Hurdles & steeplechase,F,Silver
CUB,Cuba,1992,Barcelona,Women's 800 metres,Middle distance,F,Bronze
CUB,Cuba,1996,Atlanta,Women's 800 metres,Middle distance,F,Silver
GBR,Great Britain,1960,Roma,Men's 100 metres,Sprints,M,Bronze
GER,Germany,1928,Amsterdam,Women's 800 metres,Middle distance,F,Gold
USA,United States,1964,Tokyo,Men's High Jump,Jumps,M,Bronze
GBR,Great Britain,1928,Amsterdam,Men's 200 metres,Sprints,M,Silver
FIN,Finland,1996,Atlanta,Women's Javelin Throw,Throws,F,Gold
URS,Soviet Union,1980,Moskva,Men's Discus Throw,Throws,M,Gold
FIN,Finland,1988,Seoul,Men's Javelin Throw,Throws,M,Bronze
FIN,Finland,1992,Barcelona,Men's Javelin Throw,Throws,M,Silver
FIN,Finland,1996,Atlanta,Men's Javelin Throw,Throws,M,Bronze
FIN,Finland,1948,London,Men's Javelin Throw,Throws,M,Gold
NZL,New Zealand,1956,Melbourne,Men's 50 kilometres Walk,Race walk,M,Gold
USA,United States,1908,London,Men's 100 metres,Sprints,M,Silver
USA,United States,1932,Los Angeles,Men's Long Jump,Jumps,M,Silver
GER,Germany,1992,Barcelona,Women's High Jump,Jumps,F,Gold
USA,United States,2012,London,Women's Long Jump,Jumps,F,Gold
USA,United States,2016,Rio de Janeiro,Women's Long Jump,Jumps,F,Silver
USA,United States,1912,Stockholm,Men's 400 metres,Sprints,M,Gold
BEL,Belgium,1948,London,"Men's 5,000 metres",Distance,M,Gold
GDR,East Germany,1972,Munich,Men's 20 kilometres Walk,Race walk,M,Bronze
GDR,East Germany,1976,Montreal,Men's 20 kilometres Walk,Race walk,M,Silver
GER,Germany,1964,Tokyo,Men's Pole Vault,Jumps,M,Silver
USA,United States,1920,Antwerpen,"Men's 3,000 metres Walk",Race walk,M,Bronze
USA,United States,1952,Helsinki,Men's 100 metres,Sprints,M,Gold
GER,Germany,1992,Barcelona,Women's Javelin Throw,Throws,F,Gold
COL,Colombia,1992,Barcelona,Women's 400 metres,Sprints,F,Bronze
USA,United States,1988,Seoul,Men's 400 metres,Sprints,M,Silver
JAM,Jamaica,1952,Helsinki,Men's 400 metres,Sprints,M,Gold
POR,Portugal,1996,Atlanta,"Women's 10,000 metres",Distance,F,Gold
POR,Portugal,2000,Sydney,"Women's 10,000 metres",Distance,F,Bronze
USA,United States,1912,Stockholm,Men's High Jump,Jumps,M,Gold
USA,United States,1948,London,Men's Pole Vault,Jumps,M,Bronze
USA,United States,1952,Helsinki,Men's Pole Vault,Jumps,M,Gold
USA,United States,1956,Melbourne,Men's Pole Vault,Jumps,M,Gold
GBR,Great Britain,1948,London,Men's Marathon,Distance,M,Silver
USA,United States,2008,Beijing,Women's 400 metres,Sprints,F,Bronze
USA,United States,2012,London,Women's 400 metres,Sprints,F,Gold
USA,United States,2012,London,Men's 110 metres Hurdles,Hurdles & steeplechase,M,Silver
GER,Germany,1964,Tokyo,Women's 80 metres Hurdles,Hurdles & steeplechase,F,Gold
GDR,East Germany,1972,Munich,Women's 100 metres Hurdles,Hurdles & steeplechase,F,Bronze
FRG,West Germany,1976,Montreal,Women's 100 metres,Sprints,F,Gold
FRG,West Germany,1976,Montreal,Women's 200 metres,Sprints,F,Silver
GER,Germany,1956,Melbourne,"Men's 1,500 metres",Middle distance,M,Silver
GER,Germany,1996,Atlanta,Men's Discus Throw,Throws,M,Gold
GER,Germany,2000,Sydney,Men's Discus Throw,Throws,M,Silver
FRG,West Germany,1984,Los Angeles,Men's Hammer Throw,Throws,M,Silver
ITA,Italy,2008,Beijing,Women's 20 kilometres Walk,Race walk,F,Bronze
USA,United States,1924,Paris,Men's 400 metres Hurdles,Hurdles & steeplechase,M,Bronze
GBR,Great Britain,1900,Paris,"Men's 4,000 metres Steeplechase",Hurdles & steeplechase,M,Gold
FIN,Finland,1924,Paris,"Men's 5,000 metres",Distance,M,Silver
FIN,Finland,1924,Paris,"Men's 10,000 metres",Distance,M,Gold
FIN,Finland,1924,Paris,"Men's 3,000 metres Steeplechase",Hurdles & steeplechase,M,Gold
FIN,Finland,1924,Paris,"Men's Cross-Country, Individual",Distance,M,Silver
FIN,Finland,1928,Amsterdam,"Men's 5,000 metres",Distance,M,Gold
FIN,Finland,1928,Amsterdam,"Men's 10,000 metres",Distance,M,Silver
USA,United States,1988,Seoul,Women's High Jump,Jumps,F,Gold
ETH,Ethiopia,1996,Atlanta,Women's Marathon,Distance,F,Gold
RSA,South Africa,1952,Helsinki,Women's 100 metres,Sprints,F,Silver
USA,United States,1960,Roma,Men's Long Jump,Jumps,M,Silver
FRA,France,2016,Rio de Janeiro,Women's Discus Throw,Throws,F,Silver
USA,United States,1976,Montreal,Men's Pole Vault,Jumps,M,Bronze
TTO,Trinidad and Tobago,1964,Tokyo,Men's 200 metres,Sprints,M,Bronze
GBR,Great Britain,1908,London,"Men's 3,200 metres Steeplechase",Hurdles & steeplechase,M,Silver
USA,United States,1904,St. Louis,Men's Standing High Jump,Jumps,M,Bronze
USA,United States,1906,Athina,Men's Standing High Jump,Jumps,M,Silver
USA,United States,1906,Athina,Men's Standing Long Jump,Jumps,M,Bronze
USA,United States,1972,Munich,Men's Long Jump,Jumps,M,Bronze
USA,United States,1976,Montreal,Men's Long Jump,Jumps,M,Gold
USA,United States,1928,Amsterdam,Women's 100 metres,Sprints,F,Gold
USA,United States,1936,Berlin,Men's 200 metres,Sprints,M,Silver
GBR,Great Britain,1900,Paris,"Men's 2,500 metres Steeplechase",Hurdles & steeplechase,M,Silver
GBR,Great Britain,1900,Paris,"Men's 4,000 metres Steeplechase",Hurdles & steeplechase,M,Bronze
CUB,Cuba,2008,Beijing,Men's 110 metres Hurdles,Hurdles & steeplechase,M,Gold
NOR,Norway,1996,Atlanta,Men's 800 metres,Middle distance,M,Gold
BEL,Belgium,1964,Tokyo,"Men's 3,000 metres Steeplechase",Hurdles & steeplechase,M,Gold
EUN,Unified Team,1992,Barcelona,"Women's 1,500 metres",Middle distance,F,Silver
POL,Poland,2004,Athina,Women's Pole Vault,Jumps,F,Bronze
GER,Germany,2016,Rio de Janeiro,Men's Javelin Throw,Throws,M,Gold
VEN,Venezuela,2016,Rio de Janeiro,Women's Triple Jump,Jumps,F,Silver
HUN,Hungary,1952,Helsinki,Men's 50 kilometres Walk,Race walk,M,Bronze
USA,United States,2016,Rio de Janeiro,Women's 100 metres Hurdles,Hurdles & steeplechase,F,Gold
EUN,Unified Team,1992,Barcelona,"Women's 3,000 metres",Distance,F,Gold
URS,Soviet Union,1952,Helsinki,Women's Discus Throw,Throws,F,Gold
URS,Soviet Union,1956,Melbourne,Women's Discus Throw,Throws,F,Bronze
URS,Soviet Union,1960,Roma,Women's Discus Throw,Throws,F,Gold
KEN,Kenya,1988,Seoul,"Men's 1,500 metres",Middle distance,M,Gold
USA,United States,1904,St. Louis,Men's Shot Put,Throws,M,Gold
USA,United States,1904,St. Louis,Men's Discus Throw,Throws,M,Silver
USA,United States,1904,St. Louis,Men's Hammer Throw,Throws,M,Bronze
USA,United States,1908,London,Men's Shot Put,Throws,M,Gold
USA,United States,1912,Stockholm,Men's Shot Put,Throws,M,Silver
USA,United States,1912,Stockholm,"Men's Shot Put, Both Hands",Throws,M,Gold
FRG,West Germany,1972,Munich,Women's Long Jump,Jumps,F,Gold
FRG,West Germany,1972,Munich,Women's Pentathlon,Combined events,F,Silver
CAN,Canada,1928,Amsterdam,Women's 100 metres,Sprints,F,Silver
USA,United States,1932,Los Angeles,Men's Shot Put,Throws,M,Silver
GRE,Greece,1956,Melbourne,Men's Pole Vault,Jumps,M,Bronze
GBR,Great Britain,1988,Seoul,"Men's 3,000 metres Steeplechase",Hurdles & steeplechase,M,Bronze
AUS,Australia,1900,Paris,Men's 60 metres,Sprints,M,Bronze
AUS,Australia,1900,Paris,Men's 100 metres,Sprints,M,Bronze
AUS,Australia,1900,Paris,Men's 200 metres,Sprints,M,Bronze
AUS,Amateur Athletic Association,1900,Paris,"Men's 5,000 metres, Team",Distance,M,Gold
HUN,Hungary,1960,Roma,"Men's 1,500 metres",Middle distance,M,Bronze
HUN,Hungary,1956,Melbourne,"Men's 3,000 metres Steeplechase",Hurdles & steeplechase,M,Silver
RSA,South Africa,1920,Antwerpen,Men's 400 metres,Sprints,M,Gold
RSA,South Africa,1920,Antwerpen,Men's 800 metres,Middle distance,M,Bronze
URS,Soviet Union,1960,Roma,Men's Hammer Throw,Throws,M,Gold
KEN,Kenya,2012,London,Men's 800 metres,Middle distance,M,Gold
KEN,Kenya,2016,Rio de Janeiro,Men's 800 metres,Middle distance,M,Gold
USA,United States,1960,Roma,Women's 100 metres,Sprints,F,Gold
USA,United States,1960,Roma,Women's 200 metres,Sprints,F,Gold
URS,Soviet Union,1980,Moskva,Women's Pentathlon,Combined events,F,Silver
USA,United States,2012,London,"Men's 10,000 metres",Distance,M,Silver
USA,United States,2016,Rio de Janeiro,Men's Marathon,Distance,M,Bronze
GBR,Great Britain,1908,London,"Men's 3,200 metres Steeplechase",Hurdles & steeplechase,M,Gold
POL,Poland,1960,Roma,Men's Hammer Throw,Throws,M,Bronze
BAH,Bahamas,1992,Barcelona,Men's Triple Jump,Jumps,M,Bronze
GBR,Great Britain,2012,London,Men's Long Jump,Jumps,M,Gold
GBR,Great Britain,2016,Rio de Janeiro,Men's Long Jump,Jumps,M,Bronze
FIN,Finland,2012,London,Men's Javelin Throw,Throws,M,Bronze
NZL,New Zealand,1968,Mexico City,Men's Marathon,Distance,M,Bronze
USA,United States,1920,Antwerpen,Men's 56-pound Weight Throw,Throws,M,Silver
USA,United States,1920,Antwerpen,Men's Hammer Throw,Throws,M,Gold
RUS,Russia,2008,Beijing,Men's High Jump,Jumps,M,Bronze
SUI,Switzerland,1984,Los Angeles,"Men's 5,000 metres",Distance,M,Silver
KAZ,Kazakhstan,2012,London,Women's Triple Jump,Jumps,F,Gold
KAZ,Kazakhstan,2016,Rio de Janeiro,Women's Triple Jump,Jumps,F,Bronze
USA,United States,1968,Mexico City,"Men's 1,500 metres",Middle distance,M,Silver
URS,Soviet Union,1960,Roma,"Men's 3,000 metres Steeplechase",Hurdles & steeplechase,M,Bronze
FIN,Finland,1912,Stockholm,Men's Javelin Throw,Throws,M,Silver
FIN,Finland,1912,Stockholm,"Men's Javelin Throw, Both Hands",Throws,M,Gold
URS,Soviet Union,1972,Munich,Women's 800 metres,Middle distance,F,Silver
GDR,East Germany,1972,Munich,Men's Hammer Throw,Throws,M,Silver
RUS,Russia,1996,Atlanta,Women's Discus Throw,Throws,F,Silver
RUS,Russia,2004,Athina,Women's Discus Throw,Throws,F,Gold
ALG,Algeria,2000,Sydney,Men's 800 metres,Middle distance,M,Bronze
ALG,Algeria,2000,Sydney,"Men's 5,000 metres",Distance,M,Silver
PAN,Panama,2008,Beijing,Men's Long Jump,Jumps,M,Gold
UKR,Ukraine,2012,London,Women's Triple Jump,Jumps,F,Bronze
DJI,Djibouti,1988,Seoul,Men's Marathon,Distance,M,Bronze
USA,United States,1932,Los Angeles,Men's 110 metres Hurdles,Hurdles & steeplechase,M,Gold
FIN,Finland,1936,Berlin,"Men's 10,000 metres",Distance,M,Gold
RUS,Russia,2008,Beijing,"Women's 3,000 metres Steeplechase",Hurdles & steeplechase,F,Gold
URS,Soviet Union,1988,Seoul,"Women's 1,500 metres",Middle distance,F,Bronze
URS,Soviet Union,1988,Seoul,"Women's 3,000 metres",Distance,F,Gold
EUN,Unified Team,1992,Barcelona,"Women's 3,000 metres",Distance,F,Silver
URS,Soviet Union,1956,Melbourne,Men's Hammer Throw,Throws,M,Bronze
USA,United States,1904,St. Louis,Men's Pole Vault,Jumps,M,Silver
DOM,Dominican Republic,2004,Athina,Men's 400 metres Hurdles,Hurdles & steeplechase,M,Gold
DOM,Dominican Republic,2012,London,Men's 400 metres Hurdles,Hurdles & steeplechase,M,Gold
MEX,Mexico,2000,Sydney,Men's 50 kilometres Walk,Race walk,M,Bronze
GER,Germany,1952,Helsinki,Women's 80 metres Hurdles,Hurdles & steeplechase,F,Bronze
GBR,Great Britain,1984,Los Angeles,Women's Javelin Throw,Throws,F,Gold
BAH,Bahamas,2008,Beijing,Men's Triple Jump,Jumps,M,Bronze
URS,Soviet Union,1968,Mexico City,Men's Triple Jump,Jumps,M,Gold
URS,Soviet Union,1972,Munich,Men's Triple Jump,Jumps,M,Gold
URS,Soviet Union,1976,Montreal,Men's Triple Jump,Jumps,M,Gold
URS,Soviet Union,1980,Moskva,Men's Triple Jump,Jumps,M,Silver
KEN,Kenya,1972,Munich,Men's 400 metres,Sprints,M,Bronze
KEN,Kenya,1992,Barcelona,"Men's 3,000 metres Steeplechase",Hurdles & steeplechase,M,Silver
DOM,Dominican Republic,2012,London,Men's 400 metres,Sprints,M,Silver
TUR,Turkey,1948,London,Men's Triple Jump,Jumps,M,Bronze
GRE,Greece,1906,Athina,"Men's 3,000 metres Walk",Race walk,M,Bronze
AUS,Australia,2004,Athina,Women's 20 kilometres Walk,Race walk,F,Bronze
RUS,Russia,2012,London,Women's 800 metres,Middle distance,F,Gold
BLR,Belarus,1996,Atlanta,Women's Heptathlon,Combined events,F,Silver
BLR,Belarus,2000,Sydney,Women's Heptathlon,Combined events,F,Bronze
GER,Germany,1952,Helsinki,"Men's 5,000 metres",Distance,M,Bronze
GDR,East Germany,1980,Moskva,Men's 400 metres,Sprints,M,Bronze
AUT,Austria,1948,London,Women's Shot Put,Throws,F,Bronze
GDR,East Germany,1976,Montreal,Women's 100 metres Hurdles,Hurdles & steeplechase,F,Gold
GDR,East Germany,1980,Moskva,Women's 100 metres Hurdles,Hurdles & steeplechase,F,Silver
SUI,Switzerland,1924,Paris,"Men's 1,500 metres",Middle distance,M,Silver
GDR,East Germany,1988,Seoul,Men's Decathlon,Combined events,M,Gold
NED,Netherlands,2016,Rio de Janeiro,Women's 200 metres,Sprints,F,Silver
FRG,West Germany,1968,Mexico City,Men's Pole Vault,Jumps,M,Silver
GDR,East Germany,1976,Montreal,Women's Discus Throw,Throws,F,Gold
GDR,East Germany,1980,Moskva,Women's Discus Throw,Throws,F,Gold
FRG,West Germany,1984,Los Angeles,Men's 400 metres Hurdles,Hurdles & steeplechase,M,Bronze
USA,United States,1972,Munich,Men's Javelin Throw,Throws,M,Bronze
USA,United States,1972,Munich,Women's Javelin Throw,Throws,F,Bronze
USA,United States,1976,Montreal,Women's Javelin Throw,Throws,F,Bronze
GDR,East Germany,1976,Montreal,Men's Discus Throw,Throws,M,Silver
GDR,East Germany,1980,Moskva,Women's Shot Put,Throws,F,Gold
USA,United States,1924,Paris,Men's 100 metres,Sprints,M,Silver
USA,United States,1924,Paris,Men's 200 metres,Sprints,M,Gold
USA,United States,1964,Tokyo,"Men's 5,000 metres",Distance,M,Gold
USA,United States,1904,St. Louis,Men's 110 metres Hurdles,Hurdles & steeplechase,M,Gold
GDR,East Germany,1988,Seoul,Men's Discus Throw,Throws,M,Gold
GER,Germany,1992,Barcelona,Men's Discus Throw,Throws,M,Silver
DEN,Denmark,1900,Paris,Men's 400 metres,Sprints,M,Bronze
GER,Germany,2000,Sydney,Men's 800 metres,Middle distance,M,Gold
SUI,Switzerland,1936,Berlin,Men's 50 kilometres Walk,Race walk,M,Silver
SUI,Switzerland,1948,London,Men's 10 kilometres Walk,Race walk,M,Bronze
SUI,Switzerland,1952,Helsinki,Men's 10 kilometres Walk,Race walk,M,Silver
GER,Germany,1996,Atlanta,Men's 110 metres Hurdles,Hurdles & steeplechase,M,Bronze
GER,Germany,2012,London,Women's Heptathlon,Combined events,F,Silver
ITA,Italy,2008,Beijing,Men's 50 kilometres Walk,Race walk,M,Gold
USA,United States,1948,London,Men's 110 metres Hurdles,Hurdles & steeplechase,M,Silver
USA,United States,1968,Mexico City,Men's Pole Vault,Jumps,M,Gold
USA,United States,1972,Munich,Men's Pole Vault,Jumps,M,Silver
CZE,Czech Republic,2000,Sydney,Men's Decathlon,Combined events,M,Silver
CZE,Czech Republic,2004,Athina,Men's Decathlon,Combined events,M,Gold
MEX,Mexico,1996,Atlanta,Men's 20 kilometres Walk,Race walk,M,Bronze
RSA,South Africa,2012,London,Women's 800 metres,Middle distance,F,Silver
RSA,South Africa,2016,Rio de Janeiro,Women's 800 metres,Middle distance,F,Gold
RSA,South Africa,1996,Atlanta,Men's 800 metres,Middle distance,M,Silver
USA,United States,1904,St. Louis,Men's High Jump,Jumps,M,Silver
USA,United States,1932,Los Angeles,Men's Shot Put,Throws,M,Gold
FRA,France,1960,Roma,Men's 200 metres,Sprints,M,Bronze
USA,United States,1948,London,Men's Javelin Throw,Throws,M,Silver
USA,United States,1956,Melbourne,Men's 110 metres Hurdles,Hurdles & steeplechase,M,Bronze
URS,Soviet Union,1960,Roma,Men's High Jump,Jumps,M,Gold
USA,United States,1908,London,Men's 110 metres Hurdles,Hurdles & steeplechase,M,Bronze
URS,Soviet Union,1964,Tokyo,Women's Long Jump,Jumps,F,Bronze
RUS,Russia,1996,Atlanta,Men's 50 kilometres Walk,Race walk,M,Silver
URS,Soviet Union,1952,Helsinki,Men's Triple Jump,Jumps,M,Silver
UKR,Ukraine,2000,Sydney,Men's Long Jump,Jumps,M,Bronze
USA,United States,1900,Paris,Men's Shot Put,Throws,M,Gold
USA,United States,1900,Paris,Men's Discus Throw,Throws,M,Bronze
USA,United States,1900,Paris,Men's Standing High Jump,Jumps,M,Bronze
USA,United States,1900,Paris,Men's Triple Jump,Jumps,M,Bronze
USA,United States,1908,London,Men's 800 metres,Middle distance,M,Gold
USA,United States,1908,London,"Men's 1,500 metres",Middle distance,M,Gold
USA,United States,1912,Stockholm,Men's 800 metres,Middle distance,M,Silver
USA,United States,1904,St. Louis,Men's Discus Throw,Throws,M,Gold
USA,United States,1906,Athina,Men's Standing Long Jump,Jumps,M,Silver
USA,United States,1906,Athina,Men's Shot Put,Throws,M,Gold
USA,United States,1906,Athina,Men's Stone Throw,Throws,M,Silver
USA,United States,1906,Athina,Men's Discus Throw,Throws,M,Gold
USA,United States,1908,London,Men's Standing Long Jump,Jumps,M,Bronze
USA,United States,1908,London,Men's Discus Throw,Throws,M,Gold
USA,United States,1908,London,"Men's Discus Throw, Greek Style",Throws,M,Gold
CAN,Canada,1906,Athina,Men's Marathon,Distance,M,Gold
GBR,Great Britain,1968,Mexico City,Men's 400 metres Hurdles,Hurdles & steeplechase,M,Bronze
USA,United States,1904,St. Louis,Men's 110 metres Hurdles,Hurdles & steeplechase,M,Silver
USA,United States,1920,Antwerpen,"Men's 1,500 metres",Middle distance,M,Bronze
EUN,Unified Team,1992,Barcelona,Women's Javelin Throw,Throws,F,Silver
USA,United States,1932,Los Angeles,Women's High Jump,Jumps,F,Gold
USA,United States,1976,Montreal,Men's 400 metres Hurdles,Hurdles & steeplechase,M,Silver
GBR,Great Britain,1960,Roma,Women's High Jump,Jumps,F,Silver
KAZ,Kazakhstan,2000,Sydney,Women's 100 metres Hurdles,Hurdles & steeplechase,F,Gold
RUS,Russia,2012,London,Women's High Jump,Jumps,F,Bronze
USA,United States,1972,Munich,Men's Marathon,Distance,M,Gold
USA,United States,1976,Montreal,Men's Marathon,Distance,M,Silver
SYR,Syria,1996,Atlanta,Women's Heptathlon,Combined events,F,Gold
BUL,Bulgaria,1976,Montreal,Women's 800 metres,Middle distance,F,Silver
CHN,China,2012,London,Men's 50 kilometres Walk,Race walk,M,Bronze
POL,Poland,1956,Melbourne,Men's Javelin Throw,Throws,M,Silver
GDR,East Germany,1988,Seoul,Women's 100 metres Hurdles,Hurdles & steeplechase,F,Silver
URS,Soviet Union,1976,Montreal,Men's Hammer Throw,Throws,M,Gold
URS,Soviet Union,1980,Moskva,Men's Hammer Throw,Throws,M,Gold
URS,Soviet Union,1988,Seoul,Men's Hammer Throw,Throws,M,Silver
GDR,East Germany,1976,Montreal,Women's Pentathlon,Combined events,F,Gold
ETH,Ethiopia,2004,Athina,"Men's 10,000 metres",Distance,M,Silver
ETH,Ethiopia,2008,Beijing,"Men's 10,000 metres",Distance,M,Silver
FIN,Finland,1912,Stockholm,"Men's Javelin Throw, Both Hands",Throws,M,Silver
FIN,Finland,1976,Montreal,Men's Javelin Throw,Throws,M,Silver
ROU,Romania,1968,Mexico City,Women's 800 metres,Middle distance,F,Silver
RUS,Russia,2008,Beijing,Men's High Jump,Jumps,M,Gold
POR,Portugal,2004,Athina,"Men's 1,500 metres",Middle distance,M,Bronze
CUB,Cuba,2012,London,Women's Pole Vault,Jumps,F,Silver
USA,United States,1972,Munich,Men's Discus Throw,Throws,M,Silver
RUS,Russia,2004,Athina,Women's Long Jump,Jumps,F,Silver
USA,United States,1960,Roma,Men's 100 metres,Sprints,M,Silver
ITA,Italy,1976,Montreal,Women's High Jump,Jumps,F,Silver
ITA,Italy,1980,Moskva,Women's High Jump,Jumps,F,Gold
ITA,Italy,1984,Los Angeles,Women's High Jump,Jumps,F,Silver
USA,United States,1948,London,Men's Decathlon,Combined events,M,Bronze
USA,United States,1952,Helsinki,Men's Decathlon,Combined events,M,Bronze
ROU,Romania,2000,Sydney,Women's Marathon,Distance,F,Silver
ARG,Argentina,1948,London,Women's Long Jump,Jumps,F,Silver
USA,United States,1992,Barcelona,Men's Triple Jump,Jumps,M,Silver
USA,United States,1932,Los Angeles,Men's 200 metres,Sprints,M,Silver
JAM,Jamaica,2008,Beijing,Women's 100 metres,Sprints,F,Silver
FIN,Finland,1932,Los Angeles,Men's Javelin Throw,Throws,M,Silver
SWE,Sweden,1984,Los Angeles,Men's High Jump,Jumps,M,Silver
SWE,Sweden,1988,Seoul,Men's High Jump,Jumps,M,Bronze
SWE,Sweden,1992,Barcelona,Men's High Jump,Jumps,M,Silver
SWE,Sweden,1948,London,"Men's 3,000 metres Steeplechase",Hurdles & steeplechase,M,Gold
URS,Soviet Union,1980,Moskva,Women's Long Jump,Jumps,F,Bronze
MAR,Morocco,1992,Barcelona,"Men's 10,000 metres",Distance,M,Gold
SWE,Sweden,1928,Amsterdam,Men's Hammer Throw,Throws,M,Silver
TCH,Czechoslovakia,1956,Melbourne,Men's Shot Put,Throws,M,Bronze
POL,Poland,2000,Sydney,Women's Hammer Throw,Throws,F,Gold
LTU,Lithuania,2004,Athina,Women's Heptathlon,Combined events,F,Silver
RUS,Russia,2004,Athina,Women's High Jump,Jumps,F,Gold
NED,Netherlands,1948,London,"Men's 1,500 metres",Middle distance,M,Bronze
NED,Netherlands,1948,London,"Men's 5,000 metres",Distance,M,Bronze
DEN,Denmark,2016,Rio de Janeiro,Women's 400 metres Hurdles,Hurdles & steeplechase,F,Silver
POL,Poland,1976,Montreal,Men's Pole Vault,Jumps,M,Gold
POL,Poland,1980,Moskva,Men's Pole Vault,Jumps,M,Silver
GBR,Great Britain,1984,Los Angeles,"Women's 3,000 metres",Distance,F,Silver
URS,Soviet Union,1968,Mexico City,Men's 20 kilometres Walk,Race walk,M,Bronze
GBR,Great Britain,1984,Los Angeles,Women's 400 metres,Sprints,F,Bronze
USA,United States,1988,Seoul,Men's 100 metres,Sprints,M,Bronze
CAN,Canada,1928,Amsterdam,Women's 100 metres,Sprints,F,Bronze
USA,United States,1948,London,Men's Pole Vault,Jumps,M,Gold
GBR,Great Britain,1996,Atlanta,Men's High Jump,Jumps,M,Bronze
USA,United States,1968,Mexico City,Men's 200 metres,Sprints,M,Gold
USA,United States,1908,London,Men's 110 metres Hurdles,Hurdles & steeplechase,M,Gold
NZL,New Zealand,1960,Roma,Men's 800 metres,Middle distance,M,Gold
NZL,New Zealand,1964,Tokyo,Men's 800 metres,Middle distance,M,Gold
NZL,New Zealand,1964,Tokyo,"Men's 1,500 metres",Middle distance,M,Gold
SWE,Sweden,1906,Athina,Men's Pole Vault,Jumps,M,Silver
SWE,Sweden,1906,Athina,"Men's Javelin Throw, Freestyle",Throws,M,Bronze
SWE,Sweden,1908,London,Men's Pole Vault,Jumps,M,Bronze
KEN,Kenya,2008,Beijing,"Men's 5,000 metres",Distance,M,Bronze
URS,Soviet Union,1960,Roma,"Men's 3,000 metres Steeplechase",Hurdles & steeplechase,M,Silver
RUS,Russia,2012,London,Women's Long Jump,Jumps,F,Silver
NOR,Norway,1996,Atlanta,Women's Javelin Throw,Throws,F,Bronze
NOR,Norway,2000,Sydney,Women's Javelin Throw,Throws,F,Gold
URS,Soviet Union,1972,Munich,Men's 50 kilometres Walk,Race walk,M,Silver
HUN,Hungary,1924,Paris,Men's Pentathlon,Combined events,M,Silver
HUN,Hungary,1908,London,Men's High Jump,Jumps,M,Silver
JPN,Japan,1936,Berlin,Men's Marathon,Distance,M,Gold
GBR,Great Britain,2004,Athina,Women's Heptathlon,Combined events,F,Bronze
CUB,Cuba,1992,Barcelona,Men's High Jump,Jumps,M,Gold
CUB,Cuba,2000,Sydney,Men's High Jump,Jumps,M,Silver
USA,United States,1956,Melbourne,Men's 400 metres Hurdles,Hurdles & steeplechase,M,Silver
SRB,Serbia,2016,Rio de Janeiro,Women's Long Jump,Jumps,F,Bronze
GBR,Great Britain,1984,Los Angeles,Men's Marathon,Distance,M,Bronze
RSA,South Africa,1960,Roma,Men's 400 metres,Sprints,M,Bronze
USA,United States,2016,Rio de Janeiro,Women's 400 metres Hurdles,Hurdles & steeplechase,F,Bronze
GBR,Great Britain,1908,London,Men's 10 mile Walk,Race walk,M,Bronze
GRE,Greece,1906,Athina,"Men's 1,500 metres Walk",Race walk,M,Bronze
URS,Soviet Union,1976,Montreal,Men's Hammer Throw,Throws,M,Silver
URS,Soviet Union,1956,Melbourne,Men's 20 kilometres Walk,Race walk,M,Gold
CZE,Czech Republic,2008,Beijing,Women's Javelin Throw,Throws,F,Gold
CZE,Czech Republic,2012,London,Women's Javelin Throw,Throws,F,Gold
CZE,Czech Republic,2016,Rio de Janeiro,Women's Javelin Throw,Throws,F,Bronze
USA,United States,1904,St. Louis,Men's Standing High Jump,Jumps,M,Silver
USA,United States,1904,St. Louis,Men's Standing Triple Jump,Jumps,M,Bronze
GER,Germany,2012,London,Women's Javelin Throw,Throws,F,Bronze
GBR,Great Britain,1924,Paris,"Men's 1,500 metres",Middle distance,M,Bronze
NED,Netherlands,1984,Los Angeles,Women's Discus Throw,Throws,F,Gold
ROU,Romania,1984,Los Angeles,Women's Long Jump,Jumps,F,Gold
USA,United States,1952,Helsinki,Men's 200 metres,Sprints,M,Gold
USA,United States,1956,Melbourne,Men's 200 metres,Sprints,M,Silver
USA,United States,1904,St. Louis,Men's Long Jump,Jumps,M,Bronze
USA,United States,1904,St. Louis,Men's Triple Jump,Jumps,M,Bronze
USA,United States,1948,London,Men's High Jump,Jumps,M,Bronze
GDR,East Germany,1972,Munich,Women's 100 metres,Sprints,F,Gold
GDR,East Germany,1972,Munich,Women's 200 metres,Sprints,F,Gold
GDR,East Germany,1976,Montreal,Women's 100 metres,Sprints,F,Silver
GDR,East Germany,1976,Montreal,Women's 200 metres,Sprints,F,Bronze
USA,United States,1948,London,Men's Long Jump,Jumps,M,Gold
CAN,Canada,1988,Seoul,Men's Decathlon,Combined events,M,Bronze
GRE,Greece,2016,Rio de Janeiro,Women's Pole Vault,Jumps,F,Gold
FIN,Finland,1912,Stockholm,"Men's 10,000 metres",Distance,M,Bronze
FIN,Finland,1924,Paris,Men's Marathon,Distance,M,Gold
USA,United States,1936,Berlin,Women's 100 metres,Sprints,F,Gold
GER,Germany,1936,Berlin,Women's 80 metres Hurdles,Hurdles & steeplechase,F,Silver
USA,United States,2004,Athina,Men's Pole Vault,Jumps,M,Silver
GBR,Great Britain,1972,Munich,"Men's 5,000 metres",Distance,M,Bronze
JAM,Jamaica,2008,Beijing,Women's 200 metres,Sprints,F,Bronze
GER,Germany,1936,Berlin,Men's Shot Put,Throws,M,Bronze
GER,Germany,1936,Berlin,Men's Javelin Throw,Throws,M,Gold
BUL,Bulgaria,1972,Munich,Women's Discus Throw,Throws,F,Bronze
GDR,East Germany,1980,Moskva,"Women's 1,500 metres",Middle distance,F,Silver
USA,United States,1972,Munich,Men's High Jump,Jumps,M,Bronze
USA,United States,1976,Montreal,Men's High Jump,Jumps,M,Bronze
UKR,Ukraine,2004,Athina,Women's High Jump,Jumps,F,Bronze
RSA,South Africa,2000,Sydney,Women's High Jump,Jumps,F,Silver
RSA,South Africa,2004,Athina,Women's High Jump,Jumps,F,Silver
GER,Germany,1952,Helsinki,Men's Hammer Throw,Throws,M,Silver
GER,Germany,2012,London,Men's Shot Put,Throws,M,Silver
SWE,Sweden,1948,London,"Men's 1,500 metres",Middle distance,M,Silver
GDR,East Germany,1980,Moskva,"Men's 1,500 metres",Middle distance,M,Silver
AUS,Australia,1948,London,Women's 100 metres,Sprints,F,Bronze
AUS,Australia,1948,London,Women's 80 metres Hurdles,Hurdles & steeplechase,F,Bronze
AUS,Australia,1952,Helsinki,Women's 100 metres,Sprints,F,Bronze
AUS,Australia,1952,Helsinki,Women's 80 metres Hurdles,Hurdles & steeplechase,F,Gold
AUS,Australia,1956,Melbourne,Women's 80 metres Hurdles,Hurdles & steeplechase,F,Gold
CAN,Canada,1932,Los Angeles,Women's 100 metres,Sprints,F,Silver
USA,United States,1912,Stockholm,Men's Marathon,Distance,M,Bronze
GBR,Great Britain,1984,Los Angeles,Women's 100 metres Hurdles,Hurdles & steeplechase,F,Silver
GDR,East Germany,1976,Montreal,Women's 400 metres,Sprints,F,Bronze
GER,Germany,1956,Melbourne,Women's 100 metres,Sprints,F,Silver
GER,Germany,1956,Melbourne,Women's 200 metres,Sprints,F,Silver
USA,United States,2008,Beijing,Women's Pole Vault,Jumps,F,Silver
USA,United States,2012,London,Women's Pole Vault,Jumps,F,Gold
USA,United States,1992,Barcelona,Men's Shot Put,Throws,M,Gold
CUB,Cuba,2008,Beijing,Men's Decathlon,Combined events,M,Bronze
CUB,Cuba,2012,London,Men's Decathlon,Combined events,M,Bronze
CHN,China,1996,Atlanta,Women's Shot Put,Throws,F,Silver
QAT,Qatar,1992,Barcelona,"Men's 1,500 metres",Middle distance,M,Bronze
KEN,Kenya,2016,Rio de Janeiro,Women's Marathon,Distance,F,Gold
NOR,Norway,1928,Amsterdam,Men's Javelin Throw,Throws,M,Bronze
TCH,Czechoslovakia,1972,Munich,Women's Long Jump,Jumps,F,Bronze
SWE,Sweden,1906,Athina,Men's 5 mile,Other,M,Silver
SWE,Sweden,1906,Athina,Men's Marathon,Distance,M,Silver
SWE,Sweden,1908,London,Men's 5 mile,Other,M,Bronze
SWE,Sweden,1928,Amsterdam,Women's Discus Throw,Throws,F,Bronze
SWE,Sweden,1932,Los Angeles,Men's Triple Jump,Jumps,M,Silver
AUT,Austria,1968,Mexico City,Women's Pentathlon,Combined events,F,Silver
URS,Soviet Union,1980,Moskva,Women's 800 metres,Middle distance,F,Silver
ROU,Romania,1996,Atlanta,"Women's 1,500 metres",Middle distance,F,Silver
ROU,Romania,2000,Sydney,"Women's 1,500 metres",Middle distance,F,Bronze
ROU,Romania,2000,Sydney,"Women's 5,000 metres",Distance,F,Gold
HUN,Hungary,1928,Amsterdam,Men's Javelin Throw,Throws,M,Silver
POL,Poland,1964,Tokyo,Women's 200 metres,Sprints,F,Silver
POL,Poland,1964,Tokyo,Women's Long Jump,Jumps,F,Silver
POL,Poland,1968,Mexico City,Women's 100 metres,Sprints,F,Bronze
POL,Poland,1968,Mexico City,Women's 200 metres,Sprints,F,Gold
POL,Poland,1972,Munich,Women's 200 metres,Sprints,F,Bronze
POL,Poland,1976,Montreal,Women's 400 metres,Sprints,F,Gold
POL,Poland,1960,Roma,Men's Triple Jump,Jumps,M,Gold
POL,Poland,1964,Tokyo,Men's Triple Jump,Jumps,M,Gold
HUN,Hungary,1896,Athina,Men's 100 metres,Sprints,M,Bronze
HUN,Hungary,1906,Athina,"Men's 3,000 metres Walk",Race walk,M,Gold
USA,United States,1912,Stockholm,"Men's 1,500 metres",Middle distance,M,Bronze
ROU,Romania,1984,Los Angeles,Women's Discus Throw,Throws,F,Bronze
ERI,Eritrea,2004,Athina,"Men's 10,000 metres",Distance,M,Bronze
FIN,Finland,1912,Stockholm,Men's Discus Throw,Throws,M,Gold
FIN,Finland,1912,Stockholm,"Men's Discus Throw, Both Hands",Throws,M,Gold
FIN,Finland,1920,Antwerpen,Men's Discus Throw,Throws,M,Silver
JPN,Japan,1936,Berlin,Men's Long Jump,Jumps,M,Bronze
JPN,Japan,1936,Berlin,Men's Triple Jump,Jumps,M,Gold
JPN,Japan,2000,Sydney,Women's Marathon,Distance,F,Gold
AUS,Australia,2008,Beijing,Men's 20 kilometres Walk,Race walk,M,Bronze
AUS,Australia,2008,Beijing,Men's 50 kilometres Walk,Race walk,M,Silver
AUS,Australia,2012,London,Men's 50 kilometres Walk,Race walk,M,Silver
AUS,Australia,2016,Rio de Janeiro,Men's 50 kilometres Walk,Race walk,M,Silver
URS,Soviet Union,1968,Mexico City,Women's Long Jump,Jumps,F,Bronze
URS,Soviet Union,1980,Moskva,Men's Hammer Throw,Throws,M,Bronze
URS,Soviet Union,1988,Seoul,Men's Hammer Throw,Throws,M,Bronze
EST,Estonia,2004,Athina,Men's Discus Throw,Throws,M,Bronze
KEN,Kenya,2016,Rio de Janeiro,"Men's 10,000 metres",Distance,M,Silver
KEN,Kenya,1992,Barcelona,Men's 800 metres,Middle distance,M,Gold
EUN,Unified Team,1992,Barcelona,Men's Pole Vault,Jumps,M,Gold
RUS,Russia,2000,Sydney,Men's Pole Vault,Jumps,M,Bronze
ROU,Romania,2004,Athina,Women's 400 metres Hurdles,Hurdles & steeplechase,F,Silver
URS,Soviet Union,1972,Munich,Men's High Jump,Jumps,M,Gold
AUS,Australia,2000,Sydney,Men's Long Jump,Jumps,M,Silver
FRA,France,1900,Paris,Men's 400 metres Hurdles,Hurdles & steeplechase,M,Silver
USA,United States,2000,Sydney,Men's 400 metres Hurdles,Hurdles & steeplechase,M,Gold
USA,United States,2008,Beijing,Men's 400 metres Hurdles,Hurdles & steeplechase,M,Gold
CAN,Canada,1936,Berlin,Women's 80 metres Hurdles,Hurdles & steeplechase,F,Bronze
USA,United States,2012,London,Men's Triple Jump,Jumps,M,Gold
USA,United States,2016,Rio de Janeiro,Men's Triple Jump,Jumps,M,Gold
USA,United States,1924,Paris,Men's 400 metres Hurdles,Hurdles & steeplechase,M,Gold
USA,United States,1928,Amsterdam,Men's 400 metres Hurdles,Hurdles & steeplechase,M,Bronze
USA,United States,1932,Los Angeles,Men's 400 metres Hurdles,Hurdles & steeplechase,M,Bronze
USA,United States,1972,Munich,Men's 100 metres,Sprints,M,Silver
KEN,Kenya,1968,Mexico City,"Men's 5,000 metres",Distance,M,Bronze
KEN,Kenya,1968,Mexico City,"Men's 10,000 metres",Distance,M,Gold
URS,Soviet Union,1960,Roma,Men's Long Jump,Jumps,M,Bronze
URS,Soviet Union,1964,Tokyo,Men's Long Jump,Jumps,M,Bronze
UKR,Ukraine,2004,Athina,Women's 400 metres Hurdles,Hurdles & steeplechase,F,Bronze
KEN,Kenya,1996,Atlanta,"Men's 10,000 metres",Distance,M,Silver
KEN,Kenya,2000,Sydney,"Men's 10,000 metres",Distance,M,Silver
USA,United States,1912,Stockholm,"Men's 10,000 metres",Distance,M,Silver
USA,United States,1900,Paris,Men's 60 metres,Sprints,M,Silver
USA,United States,1900,Paris,Men's 100 metres,Sprints,M,Silver
USA,United States,1900,Paris,Men's 200 metres,Sprints,M,Gold
USA,United States,1900,Paris,Men's 200 metres Hurdles,Hurdles & steeplechase,M,Bronze
USA,United States,1900,Paris,Men's 400 metres Hurdles,Hurdles & steeplechase,M,Gold
GRE,Greece,2000,Sydney,Women's 100 metres,Sprints,F,Silver
LUX,Luxembourg,1900,Paris,Men's Marathon,Distance,M,Gold
CAN,Canada,2016,Rio de Janeiro,Women's Heptathlon,Combined events,F,Bronze
BEL,Belgium,2016,Rio de Janeiro,Women's Heptathlon,Combined events,F,Gold
USA,United States,1960,Roma,Men's High Jump,Jumps,M,Bronze
USA,United States,1964,Tokyo,Men's High Jump,Jumps,M,Silver
GBR,Great Britain,1980,Moskva,Men's Decathlon,Combined events,M,Gold
GBR,Great Britain,1984,Los Angeles,Men's Decathlon,Combined events,M,Gold
GBR,Great Britain,1960,Roma,Men's 50 kilometres Walk,Race walk,M,Gold
JAM,Jamaica,2016,Rio de Janeiro,Women's 100 metres,Sprints,F,Gold
JAM,Jamaica,2016,Rio de Janeiro,Women's 200 metres,Sprints,F,Gold
BAR,Barbados,2000,Sydney,Men's 100 metres,Sprints,M,Bronze
TTO,Trinidad and Tobago,2008,Beijing,Men's 100 metres,Sprints,M,Silver
USA,United States,1948,London,Men's Shot Put,Throws,M,Gold
CAN,Canada,1920,Antwerpen,Men's 110 metres Hurdles,Hurdles & steeplechase,M,Gold
NOR,Norway,2004,Athina,Men's Javelin Throw,Throws,M,Gold
NOR,Norway,2008,Beijing,Men's Javelin Throw,Throws,M,Gold
USA,United States,1912,Stockholm,Men's Pentathlon,Combined events,M,Gold
USA,United States,1912,Stockholm,Men's Decathlon,Combined events,M,Gold
AUS,Australia,1956,Melbourne,Women's 80 metres Hurdles,Hurdles & steeplechase,F,Bronze
RSA,South Africa,1996,Atlanta,Men's Marathon,Distance,M,Gold
USA,United States,1936,Berlin,Men's High Jump,Jumps,M,Bronze
CIV,Cote d'Ivoire,1984,Los Angeles,Men's 400 metres,Sprints,M,Silver
FIN,Finland,1984,Los Angeles,Men's Hammer Throw,Throws,M,Gold
BLR,Belarus,2008,Beijing,Men's Hammer Throw,Throws,M,Bronze
BLR,Belarus,2016,Rio de Janeiro,Men's Hammer Throw,Throws,M,Silver
GDR,East Germany,1988,Seoul,Men's Shot Put,Throws,M,Gold
USA,United States,2012,London,Men's 400 metres Hurdles,Hurdles & steeplechase,M,Silver
IRL,Ireland,1932,Los Angeles,Men's 400 metres Hurdles,Hurdles & steeplechase,M,Gold
GER,Germany,1996,Atlanta,Men's Pole Vault,Jumps,M,Bronze
URS,Soviet Union,1980,Moskva,Women's Pentathlon,Combined events,F,Gold
UKR,Ukraine,2008,Beijing,"Women's 1,500 metres",Middle distance,F,Bronze
URS,Soviet Union,1952,Helsinki,Women's Shot Put,Throws,F,Bronze
GDR,East Germany,1972,Munich,Women's Javelin Throw,Throws,F,Silver
FIN,Finland,1932,Los Angeles,Men's Marathon,Distance,M,Bronze
FIN,Finland,1936,Berlin,Men's Javelin Throw,Throws,M,Bronze
ETH,Ethiopia,2016,Rio de Janeiro,"Men's 10,000 metres",Distance,M,Bronze
ETH,Ethiopia,2000,Sydney,Men's Marathon,Distance,M,Bronze
USA,United States,1932,Los Angeles,Men's 100 metres,Sprints,M,Gold
USA,United States,1932,Los Angeles,Men's 200 metres,Sprints,M,Gold
RUS,Russia,2004,Athina,"Women's 1,500 metres",Middle distance,F,Silver
USA,United States,1968,Mexico City,Men's Decathlon,Combined events,M,Gold
USA,United States,1924,Paris,Men's Hammer Throw,Throws,M,Gold
FRA,France,1900,Paris,Men's Standing Long Jump,Jumps,M,Bronze
PHI,Philippines,1932,Los Angeles,Men's High Jump,Jumps,M,Bronze
USA,United States,1992,Barcelona,Women's 200 metres,Sprints,F,Gold
USA,United States,1996,Atlanta,Women's 100 metres,Sprints,F,Bronze
ITA,Italy,1948,London,Men's Discus Throw,Throws,M,Silver
SVK,Slovakia,2016,Rio de Janeiro,Men's 50 kilometres Walk,Race walk,M,Gold
USA,United States,1936,Berlin,Men's 110 metres Hurdles,Hurdles & steeplechase,M,Gold
USA,United States,2000,Sydney,Men's 110 metres Hurdles,Hurdles & steeplechase,M,Silver
USA,United States,2004,Athina,Men's 110 metres Hurdles,Hurdles & steeplechase,M,Silver
EUN,Unified Team,1992,Barcelona,Men's Pole Vault,Jumps,M,Silver
RUS,Russia,1996,Atlanta,Men's Pole Vault,Jumps,M,Silver
IRL,Ireland,1984,Los Angeles,Men's Marathon,Distance,M,Silver
GBR,Great Britain,1908,London,Men's 400 metres Hurdles,Hurdles & steeplechase,M,Bronze
USA,United States,2012,London,Women's 400 metres,Sprints,F,Bronze
GRE,Greece,1908,London,Men's Standing High Jump,Jumps,M,Silver
GRE,Greece,1908,London,Men's Standing Long Jump,Jumps,M,Silver
GRE,Greece,1912,Stockholm,Men's Standing High Jump,Jumps,M,Bronze
GRE,Greece,1912,Stockholm,Men's Standing Long Jump,Jumps,M,Gold
GRE,Greece,2004,Athina,Women's 20 kilometres Walk,Race walk,F,Gold
JPN,Japan,1964,Tokyo,Men's Marathon,Distance,M,Bronze
URS,Soviet Union,1956,Melbourne,Men's Javelin Throw,Throws,M,Bronze
URS,Soviet Union,1960,Roma,Men's Javelin Throw,Throws,M,Gold
FRA,France,1896,Athina,Men's Triple Jump,Jumps,M,Silver
USA,United States,1984,Los Angeles,Men's Pole Vault,Jumps,M,Silver
ETH,Ethiopia,1992,Barcelona,"Women's 10,000 metres",Distance,F,Gold
ETH,Ethiopia,2000,Sydney,"Women's 10,000 metres",Distance,F,Gold
ETH,Ethiopia,2004,Athina,"Women's 10,000 metres",Distance,F,Bronze
FRG,West Germany,1968,Mexico City,"Men's 1,500 metres",Middle distance,M,Bronze
KEN,Kenya,2016,Rio de Janeiro,Men's 400 metres Hurdles,Hurdles & steeplechase,M,Silver
FIN,Finland,1936,Berlin,"Men's 3,000 metres Steeplechase",Hurdles & steeplechase,M,Silver
ETH,Ethiopia,1980,Moskva,"Men's 3,000 metres Steeplechase",Hurdles & steeplechase,M,Bronze
USA,United States,1984,Los Angeles,Women's 100 metres Hurdles,Hurdles & steeplechase,F,Bronze
FIN,Finland,1920,Antwerpen,Men's Triple Jump,Jumps,M,Gold
FIN,Finland,1924,Paris,Men's Triple Jump,Jumps,M,Bronze
FIN,Finland,1928,Amsterdam,Men's Triple Jump,Jumps,M,Bronze
USA,United States,1896,Athina,Men's Pole Vault,Jumps,M,Silver
URS,Soviet Union,1956,Melbourne,Women's Shot Put,Throws,F,Gold
GBR,Great Britain,1900,Paris,Men's 800 metres,Middle distance,M,Gold
NOR,Norway,2000,Sydney,Women's 20 kilometres Walk,Race walk,F,Silver
NOR,Norway,2008,Beijing,Women's 20 kilometres Walk,Race walk,F,Silver
USA,United States,1964,Tokyo,Women's 100 metres,Sprints,F,Gold
USA,United States,1968,Mexico City,Women's 100 metres,Sprints,F,Gold
URS,Soviet Union,1988,Seoul,Men's Discus Throw,Throws,M,Silver
LTU,Lithuania,1992,Barcelona,Men's Discus Throw,Throws,M,Gold
SWE,Sweden,1912,Stockholm,Men's Pole Vault,Jumps,M,Bronze
RUS,Russia,2012,London,Men's High Jump,Jumps,M,Gold
GER,Germany,1952,Helsinki,Men's 800 metres,Middle distance,M,Bronze
URS,Soviet Union,1980,Moskva,Men's Triple Jump,Jumps,M,Gold
USA,United States,1904,St. Louis,Men's 800 metres,Middle distance,M,Silver
FIN,Finland,1956,Melbourne,Men's Long Jump,Jumps,M,Bronze
ITA,Italy,1936,Berlin,Women's 80 metres Hurdles,Hurdles & steeplechase,F,Gold
BEL,Belgium,1976,Montreal,Men's 800 metres,Middle distance,M,Silver
BEL,Belgium,1976,Montreal,"Men's 1,500 metres",Middle distance,M,Silver
NED,Netherlands,1992,Barcelona,Women's 800 metres,Middle distance,F,Gold
RSA,South Africa,2016,Rio de Janeiro,Men's 400 metres,Sprints,M,Gold
USA,United States,1932,Los Angeles,Men's High Jump,Jumps,M,Silver
HUN,Hungary,1964,Tokyo,Men's Shot Put,Throws,M,Bronze
HUN,Hungary,1948,London,Men's Javelin Throw,Throws,M,Bronze
FIN,Finland,1972,Munich,"Men's 1,500 metres",Middle distance,M,Gold
ESP,Spain,2000,Sydney,Women's 20 kilometres Walk,Race walk,F,Bronze
GRE,Greece,1896,Athina,Men's Marathon,Distance,M,Silver
LAT,Latvia,2004,Athina,Men's Javelin Throw,Throws,M,Silver
BUL,Bulgaria,1976,Montreal,Women's Discus Throw,Throws,F,Silver
BUL,Bulgaria,1980,Moskva,Women's Discus Throw,Throws,F,Silver
USA,United States,1904,St. Louis,"Men's 1,500 metres",Middle distance,M,Silver
GRE,Greece,1896,Athina,Men's Discus Throw,Throws,M,Bronze
USA,United States,1992,Barcelona,Women's 400 metres Hurdles,Hurdles & steeplechase,F,Bronze
GBR,Great Britain,1960,Roma,Men's 20 kilometres Walk,Race walk,M,Bronze
FRA,France,1984,Los Angeles,Men's Pole Vault,Jumps,M,Bronze
RSA,South Africa,2016,Rio de Janeiro,Women's Javelin Throw,Throws,F,Silver
FIN,Finland,1972,Munich,"Men's 5,000 metres",Distance,M,Gold
FIN,Finland,1972,Munich,"Men's 10,000 metres",Distance,M,Gold
FIN,Finland,1976,Montreal,"Men's 5,000 metres",Distance,M,Gold
FIN,Finland,1976,Montreal,"Men's 10,000 metres",Distance,M,Gold
FIN,Finland,1932,Los Angeles,"Men's 5,000 metres",Distance,M,Bronze
FIN,Finland,1932,Los Angeles,"Men's 10,000 metres",Distance,M,Bronze
ROU,Romania,1968,Mexico City,Women's Long Jump,Jumps,F,Gold
ITA,Italy,2000,Sydney,Men's Hammer Throw,Throws,M,Silver
CRO,Croatia,2008,Beijing,Women's High Jump,Jumps,F,Silver
CRO,Croatia,2016,Rio de Janeiro,Women's High Jump,Jumps,F,Bronze
GDR,East Germany,1976,Montreal,Women's Long Jump,Jumps,F,Gold
GBR,Great Britain,1908,London,Men's 5 mile,Other,M,Gold
URS,Soviet Union,1980,Moskva,Men's Pole Vault,Jumps,M,Silver
RUS,Russia,2008,Beijing,"Women's 3,000 metres Steeplechase",Hurdles & steeplechase,F,Bronze
USA,United States,1932,Los Angeles,Women's 100 metres,Sprints,F,Bronze
GDR,East Germany,1988,Seoul,Men's Decathlon,Combined events,M,Silver
RUS,Russia,2004,Athina,Men's 50 kilometres Walk,Race walk,M,Bronze
GDR,East Germany,1988,Seoul,Women's 800 metres,Middle distance,F,Silver
KEN,Kenya,1996,Atlanta,Men's Marathon,Distance,M,Bronze
KEN,Kenya,2000,Sydney,Men's Marathon,Distance,M,Silver
POL,Poland,1932,Los Angeles,Women's Discus Throw,Throws,F,Bronze
POL,Poland,1936,Berlin,Women's Discus Throw,Throws,F,Silver
KEN,Kenya,1988,Seoul,Men's Marathon,Distance,M,Silver
POL,Poland,1932,Los Angeles,Women's 100 metres,Sprints,F,Gold
POL,Poland,1936,Berlin,Women's 100 metres,Sprints,F,Silver
TTO,Trinidad and Tobago,2012,London,Men's Javelin Throw,Throws,M,Gold
TTO,Trinidad and Tobago,2016,Rio de Janeiro,Men's Javelin Throw,Throws,M,Bronze
GER,Germany,1964,Tokyo,Men's Decathlon,Combined events,M,Bronze
FRG,West Germany,1968,Mexico City,Men's Decathlon,Combined events,M,Silver
NZL,New Zealand,1976,Montreal,"Men's 1,500 metres",Middle distance,M,Gold
JAM,Jamaica,2008,Beijing,Women's 400 metres Hurdles,Hurdles & steeplechase,F,Gold
RSA,South Africa,1908,London,Men's 100 metres,Sprints,M,Gold
USA,United States,1904,St. Louis,Men's 400 metres,Sprints,M,Silver
USA,United States,1904,St. Louis,Men's 400 metres Hurdles,Hurdles & steeplechase,M,Silver
CAN,Canada,1908,London,Men's Hammer Throw,Throws,M,Bronze
NZL,New Zealand,2016,Rio de Janeiro,Men's Shot Put,Throws,M,Bronze
KEN,Kenya,2016,Rio de Janeiro,Women's 800 metres,Middle distance,F,Bronze
ETH,Ethiopia,1996,Atlanta,"Women's 10,000 metres",Distance,F,Bronze
ETH,Ethiopia,2000,Sydney,"Women's 5,000 metres",Distance,F,Bronze
ETH,Ethiopia,2000,Sydney,"Women's 10,000 metres",Distance,F,Silver
CHN,China,1996,Atlanta,"Women's 5,000 metres",Distance,F,Gold
CHN,China,1996,Atlanta,"Women's 10,000 metres",Distance,F,Silver
CHN,China,2000,Sydney,Women's 20 kilometres Walk,Race walk,F,Gold
CHN,China,1996,Atlanta,Women's 10 kilometres Walk,Race walk,F,Bronze
CHN,China,2012,London,Men's 20 kilometres Walk,Race walk,M,Bronze
CHN,China,2016,Rio de Janeiro,Men's 20 kilometres Walk,Race walk,M,Gold
KEN,Kenya,2008,Beijing,Men's Marathon,Distance,M,Gold
USA,United States,2004,Athina,Men's 400 metres,Sprints,M,Gold
USA,United States,2008,Beijing,Men's 400 metres,Sprints,M,Silver
CAN,Canada,2016,Rio de Janeiro,Men's Decathlon,Combined events,M,Bronze
SWE,Sweden,1936,Berlin,Men's Hammer Throw,Throws,M,Bronze
GDR,East Germany,1976,Montreal,Men's Long Jump,Jumps,M,Bronze
AUS,Australia,2012,London,Men's Long Jump,Jumps,M,Silver
USA,United States,1992,Barcelona,Men's 400 metres,Sprints,M,Gold
GBR,Great Britain,1908,London,"Men's 3,500 metres Walk",Race walk,M,Silver
GBR,Great Britain,1908,London,Men's 10 mile Walk,Race walk,M,Silver
GBR,Great Britain,1912,Stockholm,Men's 10 kilometres Walk,Race walk,M,Silver
GDR,East Germany,1988,Seoul,Men's 20 kilometres Walk,Race walk,M,Silver
GDR,East Germany,1988,Seoul,Men's 50 kilometres Walk,Race walk,M,Silver
GER,Germany,1992,Barcelona,Men's 50 kilometres Walk,Race walk,M,Bronze
USA,United States,1964,Tokyo,Men's Discus Throw,Throws,M,Bronze
GER,Germany,1904,St. Louis,Men's High Jump,Jumps,M,Bronze
JAM,Jamaica,2012,London,Men's 200 metres,Sprints,M,Bronze
FRG,West Germany,1976,Montreal,"Men's 1,500 metres",Middle distance,M,Bronze
GBR,Great Britain,1980,Moskva,Men's 100 metres,Sprints,M,Gold
GBR,Great Britain,1980,Moskva,Men's 200 metres,Sprints,M,Silver
USA,United States,2012,London,Women's 100 metres Hurdles,Hurdles & steeplechase,F,Bronze
USA,United States,1912,Stockholm,Men's 110 metres Hurdles,Hurdles & steeplechase,M,Silver
FRG,West Germany,1984,Los Angeles,Men's Decathlon,Combined events,M,Bronze
GER,Germany,1952,Helsinki,Women's Shot Put,Throws,F,Silver
GER,Germany,1956,Melbourne,Women's Shot Put,Throws,F,Bronze
GDR,East Germany,1980,Moskva,Men's High Jump,Jumps,M,Gold
FRG,West Germany,1968,Mexico City,Women's Discus Throw,Throws,F,Silver
GBR,Great Britain,1984,Los Angeles,Women's Javelin Throw,Throws,F,Bronze
GBR,Great Britain,1988,Seoul,Women's Javelin Throw,Throws,F,Silver
SRI,Sri Lanka,1948,London,Men's 400 metres Hurdles,Hurdles & steeplechase,M,Silver
PHI,Philippines,1936,Berlin,Men's 400 metres Hurdles,Hurdles & steeplechase,M,Bronze
USA,United States,1956,Melbourne,Women's Long Jump,Jumps,F,Silver
USA,United States,1948,London,Men's 400 metres,Sprints,M,Bronze
USA,United States,1948,London,Men's 800 metres,Middle distance,M,Gold
USA,United States,1952,Helsinki,Men's 800 metres,Middle distance,M,Gold
GBR,Great Britain,1936,Berlin,Men's 50 kilometres Walk,Race walk,M,Gold
USA,United States,1912,Stockholm,Men's Shot Put,Throws,M,Bronze
SWE,Sweden,1924,Paris,"Men's 5,000 metres",Distance,M,Bronze
SWE,Sweden,1924,Paris,"Men's 10,000 metres",Distance,M,Silver
SWE,Sweden,1928,Amsterdam,"Men's 5,000 metres",Distance,M,Bronze
SWE,Sweden,1928,Amsterdam,"Men's 10,000 metres",Distance,M,Bronze
GDR,East Germany,1980,Moskva,Men's 20 kilometres Walk,Race walk,M,Bronze
SWE,Sweden,1912,Stockholm,Men's Decathlon,Combined events,M,Gold
USA,United States,1952,Helsinki,Men's High Jump,Jumps,M,Silver
FIN,Finland,1924,Paris,Men's 400 metres Hurdles,Hurdles & steeplechase,M,Silver
USA,United States,1928,Amsterdam,Women's High Jump,Jumps,F,Bronze
USA,United States,1904,St. Louis,Men's Pole Vault,Jumps,M,Bronze
USA,United States,1976,Montreal,Men's Discus Throw,Throws,M,Gold
USA,United States,1984,Los Angeles,Men's Discus Throw,Throws,M,Silver
USA,United States,1936,Berlin,Men's 400 metres,Sprints,M,Gold
USA,United States,2004,Athina,Women's 100 metres,Sprints,F,Silver
CAN,Canada,1984,Los Angeles,"Women's 3,000 metres",Distance,F,Bronze
CAN,Canada,1928,Amsterdam,Men's 100 metres,Sprints,M,Gold
CAN,Canada,1928,Amsterdam,Men's 200 metres,Sprints,M,Gold
USA,United States,1972,Munich,Men's Long Jump,Jumps,M,Gold
USA,United States,1976,Montreal,Men's Long Jump,Jumps,M,Silver
JAM,Jamaica,2008,Beijing,Women's 400 metres,Sprints,F,Silver
NZL,New Zealand,1952,Helsinki,Women's Long Jump,Jumps,F,Gold
USA,United States,2004,Athina,Men's 200 metres,Sprints,M,Silver
BAH,Bahamas,2004,Athina,Women's 400 metres,Sprints,F,Gold
GBR,Great Britain,1948,London,Women's 200 metres,Sprints,F,Silver
NZL,New Zealand,2008,Beijing,"Men's 1,500 metres",Middle distance,M,Silver
NZL,New Zealand,2016,Rio de Janeiro,"Men's 1,500 metres",Middle distance,M,Bronze
CAN,Canada,1932,Los Angeles,Men's 400 metres,Sprints,M,Bronze
CAN,Canada,1932,Los Angeles,Men's 800 metres,Middle distance,M,Silver
GBR,Great Britain,1908,London,"Men's 1,500 metres",Middle distance,M,Silver
GBR,Great Britain,1920,Antwerpen,"Men's 10,000 metres",Distance,M,Bronze
JAM,Jamaica,1948,London,Men's 400 metres,Sprints,M,Gold
JAM,Jamaica,1948,London,Men's 800 metres,Middle distance,M,Silver
JAM,Jamaica,1952,Helsinki,Men's 800 metres,Middle distance,M,Silver
AUS,Australia,1948,London,Men's High Jump,Jumps,M,Gold
AUS,Australia,1924,Paris,Men's Triple Jump,Jumps,M,Gold
FRA,France,1932,Los Angeles,Men's Discus Throw,Throws,M,Bronze
GDR,East Germany,1976,Montreal,Women's High Jump,Jumps,F,Gold
POL,Poland,2012,London,Women's Hammer Throw,Throws,F,Silver
POL,Poland,2016,Rio de Janeiro,Women's Hammer Throw,Throws,F,Gold
GDR,East Germany,1988,Seoul,Women's 800 metres,Middle distance,F,Gold
GER,Germany,1936,Berlin,Men's Shot Put,Throws,M,Gold
USA,United States,1976,Montreal,Men's 800 metres,Middle distance,M,Bronze
ETH,Ethiopia,1968,Mexico City,"Men's 10,000 metres",Distance,M,Silver
ETH,Ethiopia,1968,Mexico City,Men's Marathon,Distance,M,Gold
ETH,Ethiopia,1972,Munich,Men's Marathon,Distance,M,Bronze
ETH,Ethiopia,2000,Sydney,"Men's 5,000 metres",Distance,M,Gold
FRG,West Germany,1972,Munich,Men's Javelin Throw,Throws,M,Gold
USA,United States,1920,Antwerpen,Men's 200 metres,Sprints,M,Gold
USA,United States,1936,Berlin,Men's 800 metres,Middle distance,M,Gold
USA,United States,1968,Mexico City,Men's Shot Put,Throws,M,Silver
USA,United States,1972,Munich,Men's Shot Put,Throws,M,Silver
USA,United States,1972,Munich,Men's 800 metres,Middle distance,M,Gold
POL,Poland,1976,Montreal,Men's High Jump,Jumps,M,Gold
POL,Poland,1980,Moskva,Men's High Jump,Jumps,M,Silver
GDR,East Germany,1980,Moskva,Women's Long Jump,Jumps,F,Silver
GER,Germany,1996,Atlanta,Women's Discus Throw,Throws,F,Gold
CHN,China,2004,Athina,"Women's 10,000 metres",Distance,F,Gold
TPE,Chinese Taipei,1960,Roma,Men's Decathlon,Combined events,M,Silver
BLR,Belarus,2000,Sydney,Women's Discus Throw,Throws,F,Bronze
KEN,Kenya,2008,Beijing,Men's 800 metres,Middle distance,M,Bronze
KEN,Kenya,2016,Rio de Janeiro,Men's Javelin Throw,Throws,M,Silver
URS,Soviet Union,1988,Seoul,Men's Pole Vault,Jumps,M,Bronze
EUN,Unified Team,1992,Barcelona,Women's Marathon,Distance,F,Gold
RUS,Russia,1996,Atlanta,Women's Marathon,Distance,F,Silver
RUS,Russia,2000,Sydney,Women's High Jump,Jumps,F,Gold
ETH,Ethiopia,1972,Munich,"Men's 10,000 metres",Distance,M,Bronze
ETH,Ethiopia,1980,Moskva,"Men's 5,000 metres",Distance,M,Gold
ETH,Ethiopia,1980,Moskva,"Men's 10,000 metres",Distance,M,Gold
BUL,Bulgaria,1972,Munich,Women's Long Jump,Jumps,F,Silver
USA,United States,1952,Helsinki,Men's Javelin Throw,Throws,M,Gold
USA,United States,1968,Mexico City,"Men's 3,000 metres Steeplechase",Hurdles & steeplechase,M,Bronze
USA,United States,1992,Barcelona,Men's 400 metres Hurdles,Hurdles & steeplechase,M,Gold
USA,United States,1968,Mexico City,Men's 50 kilometres Walk,Race walk,M,Bronze
USA,United States,1972,Munich,Men's 50 kilometres Walk,Race walk,M,Bronze
FIN,Finland,1928,Amsterdam,Men's Decathlon,Combined events,M,Gold
UKR,Ukraine,2008,Beijing,Men's Pole Vault,Jumps,M,Bronze
ARG,Argentina,1932,Los Angeles,Men's Marathon,Distance,M,Gold
FRG,West Germany,1988,Seoul,Women's 100 metres Hurdles,Hurdles & steeplechase,F,Bronze
USA,United States,1932,Los Angeles,Men's Hammer Throw,Throws,M,Bronze
RUS,Russia,2012,London,"Women's 3,000 metres Steeplechase",Hurdles & steeplechase,F,Gold
TCH,Czechoslovakia,1948,London,"Men's 5,000 metres",Distance,M,Silver
TCH,Czechoslovakia,1948,London,"Men's 10,000 metres",Distance,M,Gold
TCH,Czechoslovakia,1952,Helsinki,"Men's 5,000 metres",Distance,M,Gold
TCH,Czechoslovakia,1952,Helsinki,"Men's 10,000 metres",Distance,M,Gold
TCH,Czechoslovakia,1952,Helsinki,Men's Marathon,Distance,M,Gold
GDR,East Germany,1972,Munich,Women's 400 metres,Sprints,F,Gold
TCH,Czechoslovakia,1988,Seoul,Men's Javelin Throw,Throws,M,Silver
TCH,Czechoslovakia,1992,Barcelona,Men's Javelin Throw,Throws,M,Gold
CZE,Czech Republic,1996,Atlanta,Men's Javelin Throw,Throws,M,Gold
CZE,Czech Republic,2000,Sydney,Men's Javelin Throw,Throws,M,Gold
CHN,China,2008,Beijing,Women's Hammer Throw,Throws,F,Bronze
CHN,China,2016,Rio de Janeiro,Women's Hammer Throw,Throws,F,Silver
URS,Soviet Union,1980,Moskva,Men's Decathlon,Combined events,M,Bronze
CHN,China,2008,Beijing,Women's Marathon,Distance,F,Bronze
CHN,China,1984,Los Angeles,Men's High Jump,Jumps,M,Bronze
URS,Soviet Union,1988,Seoul,"Women's 10,000 metres",Distance,F,Bronze
POL,Poland,1960,Roma,"Men's 5,000 metres",Distance,M,Bronze
GDR,East Germany,1976,Montreal,Women's 800 metres,Middle distance,F,Bronze
POL,Poland,2000,Sydney,Men's Hammer Throw,Throws,M,Gold
TCH,Czechoslovakia,1992,Barcelona,Men's Decathlon,Combined events,M,Gold
HUN,Hungary,1960,Roma,Men's Hammer Throw,Throws,M,Silver
HUN,Hungary,1964,Tokyo,Men's Hammer Throw,Throws,M,Silver
HUN,Hungary,1968,Mexico City,Men's Hammer Throw,Throws,M,Gold
BLR,Belarus,1996,Atlanta,Women's Discus Throw,Throws,F,Bronze
BLR,Belarus,2000,Sydney,Women's Discus Throw,Throws,F,Gold
URS,Soviet Union,1952,Helsinki,Women's Shot Put,Throws,F,Gold
URS,Soviet Union,1956,Melbourne,Women's Shot Put,Throws,F,Silver
URS,Soviet Union,1964,Tokyo,Women's Shot Put,Throws,F,Bronze
