year,race,households,income_median,income_med_moe,income_mean,income_mean_moe,income_bracket,pct_of_households,bracket_order
2019,All Races,128451000.0,68703,904,98088.0,1042.0,"Under $15,000",9.1,1
2019,All Races,128451000.0,68703,904,98088.0,1042.0,"$15,000 to $24,999",8.0,2
2019,All Races,128451000.0,68703,904,98088.0,1042.0,"$25,000 to $34,999",8.3,3
2019,All Races,128451000.0,68703,904,98088.0,1042.0,"$35,000 to $49,999",11.7,4
2019,All Races,128451000.0,68703,904,98088.0,1042.0,"$50,000 to $74,999",16.5,5
2019,All Races,128451000.0,68703,904,98088.0,1042.0,"$75,000 to $99,999",12.3,6
2019,All Races,128451000.0,68703,904,98088.0,1042.0,"$100,000 to $149,999",15.5,7
2019,All Races,128451000.0,68703,904,98088.0,1042.0,"$150,000 to $199,999",8.3,8
2019,All Races,128451000.0,68703,904,98088.0,1042.0,"$200,000 and over",10.3,9
2018,All Races,128579000.0,64324,704,91652.0,914.0,"Under $15,000",10.1,1
2018,All Races,128579000.0,64324,704,91652.0,914.0,"$15,000 to $24,999",8.8,2
2018,All Races,128579000.0,64324,704,91652.0,914.0,"$25,000 to $34,999",8.7,3
2018,All Races,128579000.0,64324,704,91652.0,914.0,"$35,000 to $49,999",12.0,4
2018,All Races,128579000.0,64324,704,91652.0,914.0,"$50,000 to $74,999",17.0,5
2018,All Races,128579000.0,64324,704,91652.0,914.0,"$75,000 to $99,999",12.5,6
2018,All Races,128579000.0,64324,704,91652.0,914.0,"$100,000 to $149,999",15.0,7
2018,All Races,128579000.0,64324,704,91652.0,914.0,"$150,000 to $199,999",7.2,8
2018,All Races,128579000.0,64324,704,91652.0,914.0,"$200,000 and over",8.8,9
2017,All Races,127586000.0,64007,575,89922.0,892.0,"Under $15,000",10.1,1
2017,All Races,127586000.0,64007,575,89922.0,892.0,"$15,000 to $24,999",9.1,2
2017,All Races,127586000.0,64007,575,89922.0,892.0,"$25,000 to $34,999",9.2,3
2017,All Races,127586000.0,64007,575,89922.0,892.0,"$35,000 to $49,999",11.9,4
2017,All Races,127586000.0,64007,575,89922.0,892.0,"$50,000 to $74,999",16.3,5
2017,All Races,127586000.0,64007,575,89922.0,892.0,"$75,000 to $99,999",12.6,6
2017,All Races,127586000.0,64007,575,89922.0,892.0,"$100,000 to $149,999",14.8,7
2017,All Races,127586000.0,64007,575,89922.0,892.0,"$150,000 to $199,999",7.5,8
2017,All Races,127586000.0,64007,575,89922.0,892.0,"$200,000 and over",8.5,9
2016,All Races,126224000.0,62898,764,88578.0,822.0,"Under $15,000",10.4,1
2016,All Races,126224000.0,62898,764,88578.0,822.0,"$15,000 to $24,999",9.0,2
2016,All Races,126224000.0,62898,764,88578.0,822.0,"$25,000 to $34,999",9.2,3
2016,All Races,126224000.0,62898,764,88578.0,822.0,"$35,000 to $49,999",12.3,4
2016,All Races,126224000.0,62898,764,88578.0,822.0,"$50,000 to $74,999",16.7,5
2016,All Races,126224000.0,62898,764,88578.0,822.0,"$75,000 to $99,999",12.2,6
2016,All Races,126224000.0,62898,764,88578.0,822.0,"$100,000 to $149,999",15.0,7
2016,All Races,126224000.0,62898,764,88578.0,822.0,"$150,000 to $199,999",7.2,8
2016,All Races,126224000.0,62898,764,88578.0,822.0,"$200,000 and over",8.0,9
2015,All Races,125819000.0,60987,570,85533.0,715.0,"Under $15,000",10.6,1
2015,All Races,125819000.0,60987,570,85533.0,715.0,"$15,000 to $24,999",10.0,2
2015,All Races,125819000.0,60987,570,85533.0,715.0,"$25,000 to $34,999",9.6,3
2015,All Races,125819000.0,60987,570,85533.0,715.0,"$35,000 to $49,999",12.1,4
2015,All Races,125819000.0,60987,570,85533.0,715.0,"$50,000 to $74,999",16.1,5
2015,All Races,125819000.0,60987,570,85533.0,715.0,"$75,000 to $99,999",12.4,6
2015,All Races,125819000.0,60987,570,85533.0,715.0,"$100,000 to $149,999",14.9,7
2015,All Races,125819000.0,60987,570,85533.0,715.0,"$150,000 to $199,999",7.1,8
2015,All Races,125819000.0,60987,570,85533.0,715.0,"$200,000 and over",7.2,9
2014,All Races,124587000.0,58001,697,81870.0,793.0,"Under $15,000",11.4,1
2014,All Races,124587000.0,58001,697,81870.0,793.0,"$15,000 to $24,999",10.5,2
2014,All Races,124587000.0,58001,697,81870.0,793.0,"$25,000 to $34,999",9.6,3
2014,All Races,124587000.0,58001,697,81870.0,793.0,"$35,000 to $49,999",12.6,4
2014,All Races,124587000.0,58001,697,81870.0,793.0,"$50,000 to $74,999",16.4,5
2014,All Races,124587000.0,58001,697,81870.0,793.0,"$75,000 to $99,999",12.1,6
2014,All Races,124587000.0,58001,697,81870.0,793.0,"$100,000 to $149,999",14.0,7
2014,All Races,124587000.0,58001,697,81870.0,793.0,"$150,000 to $199,999",6.6,8
2014,All Races,124587000.0,58001,697,81870.0,793.0,"$200,000 and over",6.8,9
2013,All Races,123931000.0,58904,1183,82660.0,1201.0,"Under $15,000",11.4,1
2013,All Races,123931000.0,58904,1183,82660.0,1201.0,"$15,000 to $24,999",10.3,2
2013,All Races,123931000.0,58904,1183,82660.0,1201.0,"$25,000 to $34,999",9.5,3
2013,All Races,123931000.0,58904,1183,82660.0,1201.0,"$35,000 to $49,999",12.5,4
2013,All Races,123931000.0,58904,1183,82660.0,1201.0,"$50,000 to $74,999",16.8,5
2013,All Races,123931000.0,58904,1183,82660.0,1201.0,"$75,000 to $99,999",12.0,6
2013,All Races,123931000.0,58904,1183,82660.0,1201.0,"$100,000 to $149,999",13.9,7
2013,All Races,123931000.0,58904,1183,82660.0,1201.0,"$150,000 to $199,999",6.7,8
2013,All Races,123931000.0,58904,1183,82660.0,1201.0,"$200,000 and over",6.9,9
2012,All Races,122459000.0,56912,384,79510.0,773.0,"Under $15,000",11.4,1
2012,All Races,122459000.0,56912,384,79510.0,773.0,"$15,000 to $24,999",10.6,2
2012,All Races,122459000.0,56912,384,79510.0,773.0,"$25,000 to $34,999",10.1,3
2012,All Races,122459000.0,56912,384,79510.0,773.0,"$35,000 to $49,999",12.5,4
2012,All Races,122459000.0,56912,384,79510.0,773.0,"$50,000 to $74,999",17.4,5
2012,All Races,122459000.0,56912,384,79510.0,773.0,"$75,000 to $99,999",12.0,6
2012,All Races,122459000.0,56912,384,79510.0,773.0,"$100,000 to $149,999",13.9,7
2012,All Races,122459000.0,56912,384,79510.0,773.0,"$150,000 to $199,999",6.3,8
2012,All Races,122459000.0,56912,384,79510.0,773.0,"$200,000 and over",5.9,9
2011,All Races,121084000.0,57021,470,79375.0,690.0,"Under $15,000",11.6,1
2011,All Races,121084000.0,57021,470,79375.0,690.0,"$15,000 to $24,999",10.2,2
2011,All Races,121084000.0,57021,470,79375.0,690.0,"$25,000 to $34,999",10.2,3
2011,All Races,121084000.0,57021,470,79375.0,690.0,"$35,000 to $49,999",13.1,4
2011,All Races,121084000.0,57021,470,79375.0,690.0,"$50,000 to $74,999",17.2,5
2011,All Races,121084000.0,57021,470,79375.0,690.0,"$75,000 to $99,999",11.9,6
2011,All Races,121084000.0,57021,470,79375.0,690.0,"$100,000 to $149,999",13.8,7
2011,All Races,121084000.0,57021,470,79375.0,690.0,"$150,000 to $199,999",6.2,8
2011,All Races,121084000.0,57021,470,79375.0,690.0,"$200,000 and over",5.8,9
2010,All Races,119927000.0,57904,628,79192.0,696.0,"Under $15,000",11.2,1
2010,All Races,119927000.0,57904,628,79192.0,696.0,"$15,000 to $24,999",10.7,2
2010,All Races,119927000.0,57904,628,79192.0,696.0,"$25,000 to $34,999",9.4,3
2010,All Races,119927000.0,57904,628,79192.0,696.0,"$35,000 to $49,999",13.3,4
2010,All Races,119927000.0,57904,628,79192.0,696.0,"$50,000 to $74,999",16.8,5
2010,All Races,119927000.0,57904,628,79192.0,696.0,"$75,000 to $99,999",12.4,6
2010,All Races,119927000.0,57904,628,79192.0,696.0,"$100,000 to $149,999",14.1,7
2010,All Races,119927000.0,57904,628,79192.0,696.0,"$150,000 to $199,999",6.3,8
2010,All Races,119927000.0,57904,628,79192.0,696.0,"$200,000 and over",5.9,9
2009,All Races,117538000.0,59458,419,81196.0,477.0,"Under $15,000",10.4,1
2009,All Races,117538000.0,59458,419,81196.0,477.0,"$15,000 to $24,999",10.0,2
2009,All Races,117538000.0,59458,419,81196.0,477.0,"$25,000 to $34,999",9.7,3
2009,All Races,117538000.0,59458,419,81196.0,477.0,"$35,000 to $49,999",13.2,4
2009,All Races,117538000.0,59458,419,81196.0,477.0,"$50,000 to $74,999",17.4,5
2009,All Races,117538000.0,59458,419,81196.0,477.0,"$75,000 to $99,999",12.4,6
2009,All Races,117538000.0,59458,419,81196.0,477.0,"$100,000 to $149,999",14.5,7
2009,All Races,117538000.0,59458,419,81196.0,477.0,"$150,000 to $199,999",6.3,8
2009,All Races,117538000.0,59458,419,81196.0,477.0,"$200,000 and over",6.0,9
2008,All Races,117181000.0,59877,268,81447.0,474.0,"Under $15,000",10.4,1
2008,All Races,117181000.0,59877,268,81447.0,474.0,"$15,000 to $24,999",10.0,2
2008,All Races,117181000.0,59877,268,81447.0,474.0,"$25,000 to $34,999",9.4,3
2008,All Races,117181000.0,59877,268,81447.0,474.0,"$35,000 to $49,999",13.4,4
2008,All Races,117181000.0,59877,268,81447.0,474.0,"$50,000 to $74,999",17.0,5
2008,All Races,117181000.0,59877,268,81447.0,474.0,"$75,000 to $99,999",12.5,6
2008,All Races,117181000.0,59877,268,81447.0,474.0,"$100,000 to $149,999",15.0,7
2008,All Races,117181000.0,59877,268,81447.0,474.0,"$150,000 to $199,999",6.3,8
2008,All Races,117181000.0,59877,268,81447.0,474.0,"$200,000 and over",6.0,9
2007,All Races,116783000.0,62090,285,83568.0,480.0,"Under $15,000",10.0,1
2007,All Races,116783000.0,62090,285,83568.0,480.0,"$15,000 to $24,999",10.0,2
2007,All Races,116783000.0,62090,285,83568.0,480.0,"$25,000 to $34,999",9.0,3
2007,All Races,116783000.0,62090,285,83568.0,480.0,"$35,000 to $49,999",12.8,4
2007,All Races,116783000.0,62090,285,83568.0,480.0,"$50,000 to $74,999",17.3,5
2007,All Races,116783000.0,62090,285,83568.0,480.0,"$75,000 to $99,999",12.6,6
2007,All Races,116783000.0,62090,285,83568.0,480.0,"$100,000 to $149,999",15.3,7
2007,All Races,116783000.0,62090,285,83568.0,480.0,"$150,000 to $199,999",6.7,8
2007,All Races,116783000.0,62090,285,83568.0,480.0,"$200,000 and over",6.4,9
2006,All Races,116011000.0,61268,433,84617.0,537.0,"Under $15,000",9.6,1
2006,All Races,116011000.0,61268,433,84617.0,537.0,"$15,000 to $24,999",9.5,2
2006,All Races,116011000.0,61268,433,84617.0,537.0,"$25,000 to $34,999",9.4,3
2006,All Races,116011000.0,61268,433,84617.0,537.0,"$35,000 to $49,999",13.0,4
2006,All Races,116011000.0,61268,433,84617.0,537.0,"$50,000 to $74,999",17.5,5
2006,All Races,116011000.0,61268,433,84617.0,537.0,"$75,000 to $99,999",12.7,6
2006,All Races,116011000.0,61268,433,84617.0,537.0,"$100,000 to $149,999",15.0,7
2006,All Races,116011000.0,61268,433,84617.0,537.0,"$150,000 to $199,999",6.7,8
2006,All Races,116011000.0,61268,433,84617.0,537.0,"$200,000 and over",6.5,9
2005,All Races,114384000.0,60794,335,83127.0,516.0,"Under $15,000",10.1,1
2005,All Races,114384000.0,60794,335,83127.0,516.0,"$15,000 to $24,999",9.8,2
2005,All Races,114384000.0,60794,335,83127.0,516.0,"$25,000 to $34,999",9.5,3
2005,All Races,114384000.0,60794,335,83127.0,516.0,"$35,000 to $49,999",12.7,4
2005,All Races,114384000.0,60794,335,83127.0,516.0,"$50,000 to $74,999",17.6,5
2005,All Races,114384000.0,60794,335,83127.0,516.0,"$75,000 to $99,999",12.9,6
2005,All Races,114384000.0,60794,335,83127.0,516.0,"$100,000 to $149,999",14.7,7
2005,All Races,114384000.0,60794,335,83127.0,516.0,"$150,000 to $199,999",6.5,8
2005,All Races,114384000.0,60794,335,83127.0,516.0,"$200,000 and over",6.2,9
2004,All Races,113343000.0,60150,437,82038.0,509.0,"Under $15,000",10.3,1
2004,All Races,113343000.0,60150,437,82038.0,509.0,"$15,000 to $24,999",9.7,2
2004,All Races,113343000.0,60150,437,82038.0,509.0,"$25,000 to $34,999",9.8,3
2004,All Races,113343000.0,60150,437,82038.0,509.0,"$35,000 to $49,999",12.8,4
2004,All Races,113343000.0,60150,437,82038.0,509.0,"$50,000 to $74,999",17.4,5
2004,All Races,113343000.0,60150,437,82038.0,509.0,"$75,000 to $99,999",12.6,6
2004,All Races,113343000.0,60150,437,82038.0,509.0,"$100,000 to $149,999",15.0,7
2004,All Races,113343000.0,60150,437,82038.0,509.0,"$150,000 to $199,999",6.3,8
2004,All Races,113343000.0,60150,437,82038.0,509.0,"$200,000 and over",6.1,9
2003,All Races,112000000.0,60360,431,82305.0,495.0,"Under $15,000",10.2,1
2003,All Races,112000000.0,60360,431,82305.0,495.0,"$15,000 to $24,999",9.7,2
2003,All Races,112000000.0,60360,431,82305.0,495.0,"$25,000 to $34,999",9.7,3
2003,All Races,112000000.0,60360,431,82305.0,495.0,"$35,000 to $49,999",12.4,4
2003,All Races,112000000.0,60360,431,82305.0,495.0,"$50,000 to $74,999",17.4,5
2003,All Races,112000000.0,60360,431,82305.0,495.0,"$75,000 to $99,999",12.7,6
2003,All Races,112000000.0,60360,431,82305.0,495.0,"$100,000 to $149,999",15.3,7
2003,All Races,112000000.0,60360,431,82305.0,495.0,"$150,000 to $199,999",6.3,8
2003,All Races,112000000.0,60360,431,82305.0,495.0,"$200,000 and over",6.2,9
2002,All Races,111278000.0,60435,326,82442.0,509.0,"Under $15,000",9.9,1
2002,All Races,111278000.0,60435,326,82442.0,509.0,"$15,000 to $24,999",9.8,2
2002,All Races,111278000.0,60435,326,82442.0,509.0,"$25,000 to $34,999",9.2,3
2002,All Races,111278000.0,60435,326,82442.0,509.0,"$35,000 to $49,999",13.3,4
2002,All Races,111278000.0,60435,326,82442.0,509.0,"$50,000 to $74,999",17.4,5
2002,All Races,111278000.0,60435,326,82442.0,509.0,"$75,000 to $99,999",12.7,6
2002,All Races,111278000.0,60435,326,82442.0,509.0,"$100,000 to $149,999",15.6,7
2002,All Races,111278000.0,60435,326,82442.0,509.0,"$150,000 to $199,999",6.3,8
2002,All Races,111278000.0,60435,326,82442.0,509.0,"$200,000 and over",5.9,9
2001,All Races,109297000.0,61126,307,84257.0,552.0,"Under $15,000",9.7,1
2001,All Races,109297000.0,61126,307,84257.0,552.0,"$15,000 to $24,999",9.6,2
2001,All Races,109297000.0,61126,307,84257.0,552.0,"$25,000 to $34,999",9.1,3
2001,All Races,109297000.0,61126,307,84257.0,552.0,"$35,000 to $49,999",12.9,4
2001,All Races,109297000.0,61126,307,84257.0,552.0,"$50,000 to $74,999",17.7,5
2001,All Races,109297000.0,61126,307,84257.0,552.0,"$75,000 to $99,999",12.8,6
2001,All Races,109297000.0,61126,307,84257.0,552.0,"$100,000 to $149,999",15.6,7
2001,All Races,109297000.0,61126,307,84257.0,552.0,"$150,000 to $199,999",6.3,8
2001,All Races,109297000.0,61126,307,84257.0,552.0,"$200,000 and over",6.2,9
2000,All Races,108209000.0,62512,323,85059.0,551.0,"Under $15,000",9.3,1
2000,All Races,108209000.0,62512,323,85059.0,551.0,"$15,000 to $24,999",9.3,2
2000,All Races,108209000.0,62512,323,85059.0,551.0,"$25,000 to $34,999",8.9,3
2000,All Races,108209000.0,62512,323,85059.0,551.0,"$35,000 to $49,999",13.1,4
2000,All Races,108209000.0,62512,323,85059.0,551.0,"$50,000 to $74,999",17.7,5
2000,All Races,108209000.0,62512,323,85059.0,551.0,"$75,000 to $99,999",13.2,6
2000,All Races,108209000.0,62512,323,85059.0,551.0,"$100,000 to $149,999",15.4,7
2000,All Races,108209000.0,62512,323,85059.0,551.0,"$150,000 to $199,999",6.8,8
2000,All Races,108209000.0,62512,323,85059.0,551.0,"$200,000 and over",6.2,9
1999,All Races,106434000.0,62641,481,84254.0,719.0,"Under $15,000",9.0,1
1999,All Races,106434000.0,62641,481,84254.0,719.0,"$15,000 to $24,999",9.7,2
1999,All Races,106434000.0,62641,481,84254.0,719.0,"$25,000 to $34,999",9.1,3
1999,All Races,106434000.0,62641,481,84254.0,719.0,"$35,000 to $49,999",13.0,4
1999,All Races,106434000.0,62641,481,84254.0,719.0,"$50,000 to $74,999",17.5,5
1999,All Races,106434000.0,62641,481,84254.0,719.0,"$75,000 to $99,999",13.3,6
1999,All Races,106434000.0,62641,481,84254.0,719.0,"$100,000 to $149,999",15.6,7
1999,All Races,106434000.0,62641,481,84254.0,719.0,"$150,000 to $199,999",6.6,8
1999,All Races,106434000.0,62641,481,84254.0,719.0,"$200,000 and over",6.3,9
1998,All Races,103874000.0,61128,595,81517.0,724.0,"Under $15,000",9.8,1
1998,All Races,103874000.0,61128,595,81517.0,724.0,"$15,000 to $24,999",9.8,2
1998,All Races,103874000.0,61128,595,81517.0,724.0,"$25,000 to $34,999",9.2,3
1998,All Races,103874000.0,61128,595,81517.0,724.0,"$35,000 to $49,999",12.9,4
1998,All Races,103874000.0,61128,595,81517.0,724.0,"$50,000 to $74,999",17.5,5
1998,All Races,103874000.0,61128,595,81517.0,724.0,"$75,000 to $99,999",13.7,6
1998,All Races,103874000.0,61128,595,81517.0,724.0,"$100,000 to $149,999",15.3,7
1998,All Races,103874000.0,61128,595,81517.0,724.0,"$150,000 to $199,999",6.2,8
1998,All Races,103874000.0,61128,595,81517.0,724.0,"$200,000 and over",5.5,9
1997,All Races,102528000.0,58961,448,79175.0,729.0,"Under $15,000",10.3,1
1997,All Races,102528000.0,58961,448,79175.0,729.0,"$15,000 to $24,999",10.3,2
1997,All Races,102528000.0,58961,448,79175.0,729.0,"$25,000 to $34,999",9.4,3
1997,All Races,102528000.0,58961,448,79175.0,729.0,"$35,000 to $49,999",13.2,4
1997,All Races,102528000.0,58961,448,79175.0,729.0,"$50,000 to $74,999",18.0,5
1997,All Races,102528000.0,58961,448,79175.0,729.0,"$75,000 to $99,999",13.3,6
1997,All Races,102528000.0,58961,448,79175.0,729.0,"$100,000 to $149,999",14.7,7
1997,All Races,102528000.0,58961,448,79175.0,729.0,"$150,000 to $199,999",5.8,8
1997,All Races,102528000.0,58961,448,79175.0,729.0,"$200,000 and over",5.1,9
1996,All Races,101018000.0,57772,479,76705.0,707.0,"Under $15,000",10.6,1
1996,All Races,101018000.0,57772,479,76705.0,707.0,"$15,000 to $24,999",10.5,2
1996,All Races,101018000.0,57772,479,76705.0,707.0,"$25,000 to $34,999",9.6,3
1996,All Races,101018000.0,57772,479,76705.0,707.0,"$35,000 to $49,999",13.5,4
1996,All Races,101018000.0,57772,479,76705.0,707.0,"$50,000 to $74,999",17.9,5
1996,All Races,101018000.0,57772,479,76705.0,707.0,"$75,000 to $99,999",13.5,6
1996,All Races,101018000.0,57772,479,76705.0,707.0,"$100,000 to $149,999",14.3,7
1996,All Races,101018000.0,57772,479,76705.0,707.0,"$150,000 to $199,999",5.4,8
1996,All Races,101018000.0,57772,479,76705.0,707.0,"$200,000 and over",4.6,9
1995,All Races,99627000.0,56945,542,75096.0,676.0,"Under $15,000",10.5,1
1995,All Races,99627000.0,56945,542,75096.0,676.0,"$15,000 to $24,999",10.4,2
1995,All Races,99627000.0,56945,542,75096.0,676.0,"$25,000 to $34,999",10.2,3
1995,All Races,99627000.0,56945,542,75096.0,676.0,"$35,000 to $49,999",13.1,4
1995,All Races,99627000.0,56945,542,75096.0,676.0,"$50,000 to $74,999",18.8,5
1995,All Races,99627000.0,56945,542,75096.0,676.0,"$75,000 to $99,999",13.3,6
1995,All Races,99627000.0,56945,542,75096.0,676.0,"$100,000 to $149,999",14.2,7
1995,All Races,99627000.0,56945,542,75096.0,676.0,"$150,000 to $199,999",5.1,8
1995,All Races,99627000.0,56945,542,75096.0,676.0,"$200,000 and over",4.3,9
1994,All Races,98990000.0,55215,414,73816.0,653.0,"Under $15,000",11.3,1
1994,All Races,98990000.0,55215,414,73816.0,653.0,"$15,000 to $24,999",10.8,2
1994,All Races,98990000.0,55215,414,73816.0,653.0,"$25,000 to $34,999",10.1,3
1994,All Races,98990000.0,55215,414,73816.0,653.0,"$35,000 to $49,999",13.5,4
1994,All Races,98990000.0,55215,414,73816.0,653.0,"$50,000 to $74,999",18.4,5
1994,All Races,98990000.0,55215,414,73816.0,653.0,"$75,000 to $99,999",12.7,6
1994,All Races,98990000.0,55215,414,73816.0,653.0,"$100,000 to $149,999",13.9,7
1994,All Races,98990000.0,55215,414,73816.0,653.0,"$150,000 to $199,999",5.1,8
1994,All Races,98990000.0,55215,414,73816.0,653.0,"$200,000 and over",4.2,9
1993,All Races,97107000.0,54581,420,72379.0,644.0,"Under $15,000",11.8,1
1993,All Races,97107000.0,54581,420,72379.0,644.0,"$15,000 to $24,999",10.6,2
1993,All Races,97107000.0,54581,420,72379.0,644.0,"$25,000 to $34,999",10.1,3
1993,All Races,97107000.0,54581,420,72379.0,644.0,"$35,000 to $49,999",13.7,4
1993,All Races,97107000.0,54581,420,72379.0,644.0,"$50,000 to $74,999",18.4,5
1993,All Races,97107000.0,54581,420,72379.0,644.0,"$75,000 to $99,999",13.1,6
1993,All Races,97107000.0,54581,420,72379.0,644.0,"$100,000 to $149,999",13.5,7
1993,All Races,97107000.0,54581,420,72379.0,644.0,"$150,000 to $199,999",4.9,8
1993,All Races,97107000.0,54581,420,72379.0,644.0,"$200,000 and over",3.9,9
1992,All Races,96426000.0,54874,427,69568.0,480.0,"Under $15,000",11.8,1
1992,All Races,96426000.0,54874,427,69568.0,480.0,"$15,000 to $24,999",10.6,2
1992,All Races,96426000.0,54874,427,69568.0,480.0,"$25,000 to $34,999",10.1,3
1992,All Races,96426000.0,54874,427,69568.0,480.0,"$35,000 to $49,999",13.5,4
1992,All Races,96426000.0,54874,427,69568.0,480.0,"$50,000 to $74,999",18.8,5
1992,All Races,96426000.0,54874,427,69568.0,480.0,"$75,000 to $99,999",13.5,6
1992,All Races,96426000.0,54874,427,69568.0,480.0,"$100,000 to $149,999",13.5,7
1992,All Races,96426000.0,54874,427,69568.0,480.0,"$150,000 to $199,999",4.8,8
1992,All Races,96426000.0,54874,427,69568.0,480.0,"$200,000 and over",3.4,9
1991,All Races,95669000.0,55302,438,69613.0,471.0,"Under $15,000",11.6,1
1991,All Races,95669000.0,55302,438,69613.0,471.0,"$15,000 to $24,999",10.3,2
1991,All Races,95669000.0,55302,438,69613.0,471.0,"$25,000 to $34,999",9.8,3
1991,All Races,95669000.0,55302,438,69613.0,471.0,"$35,000 to $49,999",14.0,4
1991,All Races,95669000.0,55302,438,69613.0,471.0,"$50,000 to $74,999",19.1,5
1991,All Races,95669000.0,55302,438,69613.0,471.0,"$75,000 to $99,999",13.5,6
1991,All Races,95669000.0,55302,438,69613.0,471.0,"$100,000 to $149,999",13.7,7
1991,All Races,95669000.0,55302,438,69613.0,471.0,"$150,000 to $199,999",4.8,8
1991,All Races,95669000.0,55302,438,69613.0,471.0,"$200,000 and over",3.3,9
1990,All Races,94312000.0,56966,479,71158.0,494.0,"Under $15,000",11.1,1
1990,All Races,94312000.0,56966,479,71158.0,494.0,"$15,000 to $24,999",10.1,2
1990,All Races,94312000.0,56966,479,71158.0,494.0,"$25,000 to $34,999",9.5,3
1990,All Races,94312000.0,56966,479,71158.0,494.0,"$35,000 to $49,999",13.9,4
1990,All Races,94312000.0,56966,479,71158.0,494.0,"$50,000 to $74,999",19.5,5
1990,All Races,94312000.0,56966,479,71158.0,494.0,"$75,000 to $99,999",13.7,6
1990,All Races,94312000.0,56966,479,71158.0,494.0,"$100,000 to $149,999",13.8,7
1990,All Races,94312000.0,56966,479,71158.0,494.0,"$150,000 to $199,999",4.8,8
1990,All Races,94312000.0,56966,479,71158.0,494.0,"$200,000 and over",3.7,9
1989,All Races,93347000.0,57705,522,72904.0,522.0,"Under $15,000",10.8,1
1989,All Races,93347000.0,57705,522,72904.0,522.0,"$15,000 to $24,999",10.0,2
1989,All Races,93347000.0,57705,522,72904.0,522.0,"$25,000 to $34,999",9.6,3
1989,All Races,93347000.0,57705,522,72904.0,522.0,"$35,000 to $49,999",13.4,4
1989,All Races,93347000.0,57705,522,72904.0,522.0,"$50,000 to $74,999",19.2,5
1989,All Races,93347000.0,57705,522,72904.0,522.0,"$75,000 to $99,999",13.9,6
1989,All Races,93347000.0,57705,522,72904.0,522.0,"$100,000 to $149,999",14.3,7
1989,All Races,93347000.0,57705,522,72904.0,522.0,"$150,000 to $199,999",5.0,8
1989,All Races,93347000.0,57705,522,72904.0,522.0,"$200,000 and over",3.9,9
1988,All Races,92830000.0,56725,456,70877.0,521.0,"Under $15,000",11.4,1
1988,All Races,92830000.0,56725,456,70877.0,521.0,"$15,000 to $24,999",9.7,2
1988,All Races,92830000.0,56725,456,70877.0,521.0,"$25,000 to $34,999",9.9,3
1988,All Races,92830000.0,56725,456,70877.0,521.0,"$35,000 to $49,999",13.1,4
1988,All Races,92830000.0,56725,456,70877.0,521.0,"$50,000 to $74,999",19.4,5
1988,All Races,92830000.0,56725,456,70877.0,521.0,"$75,000 to $99,999",14.0,6
1988,All Races,92830000.0,56725,456,70877.0,521.0,"$100,000 to $149,999",14.3,7
1988,All Races,92830000.0,56725,456,70877.0,521.0,"$150,000 to $199,999",4.8,8
1988,All Races,92830000.0,56725,456,70877.0,521.0,"$200,000 and over",3.5,9
1987,All Races,91124000.0,56261,437,69968.0,472.0,"Under $15,000",11.6,1
1987,All Races,91124000.0,56261,437,69968.0,472.0,"$15,000 to $24,999",10.0,2
1987,All Races,91124000.0,56261,437,69968.0,472.0,"$25,000 to $34,999",9.9,3
1987,All Races,91124000.0,56261,437,69968.0,472.0,"$35,000 to $49,999",13.6,4
1987,All Races,91124000.0,56261,437,69968.0,472.0,"$50,000 to $74,999",18.9,5
1987,All Races,91124000.0,56261,437,69968.0,472.0,"$75,000 to $99,999",14.2,6
1987,All Races,91124000.0,56261,437,69968.0,472.0,"$100,000 to $149,999",13.9,7
1987,All Races,91124000.0,56261,437,69968.0,472.0,"$150,000 to $199,999",4.6,8
1987,All Races,91124000.0,56261,437,69968.0,472.0,"$200,000 and over",3.3,9
1986,All Races,89479000.0,55597,474,68688.0,459.0,"Under $15,000",12.0,1
1986,All Races,89479000.0,55597,474,68688.0,459.0,"$15,000 to $24,999",10.0,2
1986,All Races,89479000.0,55597,474,68688.0,459.0,"$25,000 to $34,999",9.9,3
1986,All Races,89479000.0,55597,474,68688.0,459.0,"$35,000 to $49,999",13.6,4
1986,All Races,89479000.0,55597,474,68688.0,459.0,"$50,000 to $74,999",19.4,5
1986,All Races,89479000.0,55597,474,68688.0,459.0,"$75,000 to $99,999",13.9,6
1986,All Races,89479000.0,55597,474,68688.0,459.0,"$100,000 to $149,999",13.6,7
1986,All Races,89479000.0,55597,474,68688.0,459.0,"$150,000 to $199,999",4.4,8
1986,All Races,89479000.0,55597,474,68688.0,459.0,"$200,000 and over",3.1,9
1985,All Races,88458000.0,53664,478,66043.0,430.0,"Under $15,000",12.1,1
1985,All Races,88458000.0,53664,478,66043.0,430.0,"$15,000 to $24,999",10.6,2
1985,All Races,88458000.0,53664,478,66043.0,430.0,"$25,000 to $34,999",10.1,3
1985,All Races,88458000.0,53664,478,66043.0,430.0,"$35,000 to $49,999",14.3,4
1985,All Races,88458000.0,53664,478,66043.0,430.0,"$50,000 to $74,999",19.8,5
1985,All Races,88458000.0,53664,478,66043.0,430.0,"$75,000 to $99,999",13.6,6
1985,All Races,88458000.0,53664,478,66043.0,430.0,"$100,000 to $149,999",13.1,7
1985,All Races,88458000.0,53664,478,66043.0,430.0,"$150,000 to $199,999",3.9,8
1985,All Races,88458000.0,53664,478,66043.0,430.0,"$200,000 and over",2.6,9
1984,All Races,86789000.0,52679,394,64546.0,390.0,"Under $15,000",12.2,1
1984,All Races,86789000.0,52679,394,64546.0,390.0,"$15,000 to $24,999",10.8,2
1984,All Races,86789000.0,52679,394,64546.0,390.0,"$25,000 to $34,999",10.1,3
1984,All Races,86789000.0,52679,394,64546.0,390.0,"$35,000 to $49,999",14.7,4
1984,All Races,86789000.0,52679,394,64546.0,390.0,"$50,000 to $74,999",19.7,5
1984,All Races,86789000.0,52679,394,64546.0,390.0,"$75,000 to $99,999",13.7,6
1984,All Races,86789000.0,52679,394,64546.0,390.0,"$100,000 to $149,999",12.6,7
1984,All Races,86789000.0,52679,394,64546.0,390.0,"$150,000 to $199,999",3.7,8
1984,All Races,86789000.0,52679,394,64546.0,390.0,"$200,000 and over",2.4,9
1983,All Races,85407000.0,51126,383,62181.0,383.0,"Under $15,000",12.7,1
1983,All Races,85407000.0,51126,383,62181.0,383.0,"$15,000 to $24,999",10.9,2
1983,All Races,85407000.0,51126,383,62181.0,383.0,"$25,000 to $34,999",10.6,3
1983,All Races,85407000.0,51126,383,62181.0,383.0,"$35,000 to $49,999",14.8,4
1983,All Races,85407000.0,51126,383,62181.0,383.0,"$50,000 to $74,999",20.1,5
1983,All Races,85407000.0,51126,383,62181.0,383.0,"$75,000 to $99,999",13.3,6
1983,All Races,85407000.0,51126,383,62181.0,383.0,"$100,000 to $149,999",11.9,7
1983,All Races,85407000.0,51126,383,62181.0,383.0,"$150,000 to $199,999",3.4,8
1983,All Races,85407000.0,51126,383,62181.0,383.0,"$200,000 and over",2.2,9
1982,All Races,83918000.0,51487,382,62050.0,378.0,"Under $15,000",12.7,1
1982,All Races,83918000.0,51487,382,62050.0,378.0,"$15,000 to $24,999",10.8,2
1982,All Races,83918000.0,51487,382,62050.0,378.0,"$25,000 to $34,999",10.9,3
1982,All Races,83918000.0,51487,382,62050.0,378.0,"$35,000 to $49,999",14.5,4
1982,All Races,83918000.0,51487,382,62050.0,378.0,"$50,000 to $74,999",20.8,5
1982,All Races,83918000.0,51487,382,62050.0,378.0,"$75,000 to $99,999",13.4,6
1982,All Races,83918000.0,51487,382,62050.0,378.0,"$100,000 to $149,999",11.6,7
1982,All Races,83918000.0,51487,382,62050.0,378.0,"$150,000 to $199,999",3.3,8
1982,All Races,83918000.0,51487,382,62050.0,378.0,"$200,000 and over",2.1,9
1981,All Races,83527000.0,51627,445,61677.0,370.0,"Under $15,000",12.5,1
1981,All Races,83527000.0,51627,445,61677.0,370.0,"$15,000 to $24,999",10.9,2
1981,All Races,83527000.0,51627,445,61677.0,370.0,"$25,000 to $34,999",11.0,3
1981,All Races,83527000.0,51627,445,61677.0,370.0,"$35,000 to $49,999",14.3,4
1981,All Races,83527000.0,51627,445,61677.0,370.0,"$50,000 to $74,999",20.6,5
1981,All Races,83527000.0,51627,445,61677.0,370.0,"$75,000 to $99,999",14.0,6
1981,All Races,83527000.0,51627,445,61677.0,370.0,"$100,000 to $149,999",11.8,7
1981,All Races,83527000.0,51627,445,61677.0,370.0,"$150,000 to $199,999",3.1,8
1981,All Races,83527000.0,51627,445,61677.0,370.0,"$200,000 and over",1.8,9
1980,All Races,82368000.0,52461,443,62394.0,375.0,"Under $15,000",12.2,1
1980,All Races,82368000.0,52461,443,62394.0,375.0,"$15,000 to $24,999",10.7,2
1980,All Races,82368000.0,52461,443,62394.0,375.0,"$25,000 to $34,999",10.3,3
1980,All Races,82368000.0,52461,443,62394.0,375.0,"$35,000 to $49,999",14.6,4
1980,All Races,82368000.0,52461,443,62394.0,375.0,"$50,000 to $74,999",21.2,5
1980,All Races,82368000.0,52461,443,62394.0,375.0,"$75,000 to $99,999",14.0,6
1980,All Races,82368000.0,52461,443,62394.0,375.0,"$100,000 to $149,999",12.0,7
1980,All Races,82368000.0,52461,443,62394.0,375.0,"$150,000 to $199,999",3.2,8
1980,All Races,82368000.0,52461,443,62394.0,375.0,"$200,000 and over",1.8,9
1979,All Races,80776000.0,54222,423,64410.0,401.0,"Under $15,000",11.8,1
1979,All Races,80776000.0,54222,423,64410.0,401.0,"$15,000 to $24,999",10.2,2
1979,All Races,80776000.0,54222,423,64410.0,401.0,"$25,000 to $34,999",10.2,3
1979,All Races,80776000.0,54222,423,64410.0,401.0,"$35,000 to $49,999",14.4,4
1979,All Races,80776000.0,54222,423,64410.0,401.0,"$50,000 to $74,999",20.5,5
1979,All Races,80776000.0,54222,423,64410.0,401.0,"$75,000 to $99,999",15.1,6
1979,All Races,80776000.0,54222,423,64410.0,401.0,"$100,000 to $149,999",12.2,7
1979,All Races,80776000.0,54222,423,64410.0,401.0,"$150,000 to $199,999",3.4,8
1979,All Races,80776000.0,54222,423,64410.0,401.0,"$200,000 and over",2.1,9
1978,All Races,77330000.0,54326,362,63940.0,403.0,"Under $15,000",11.6,1
1978,All Races,77330000.0,54326,362,63940.0,403.0,"$15,000 to $24,999",10.5,2
1978,All Races,77330000.0,54326,362,63940.0,403.0,"$25,000 to $34,999",10.1,3
1978,All Races,77330000.0,54326,362,63940.0,403.0,"$35,000 to $49,999",14.2,4
1978,All Races,77330000.0,54326,362,63940.0,403.0,"$50,000 to $74,999",21.0,5
1978,All Races,77330000.0,54326,362,63940.0,403.0,"$75,000 to $99,999",14.9,6
1978,All Races,77330000.0,54326,362,63940.0,403.0,"$100,000 to $149,999",12.4,7
1978,All Races,77330000.0,54326,362,63940.0,403.0,"$150,000 to $199,999",3.2,8
1978,All Races,77330000.0,54326,362,63940.0,403.0,"$200,000 and over",2.0,9
1977,All Races,76030000.0,52302,323,62044.0,311.0,"Under $15,000",11.9,1
1977,All Races,76030000.0,52302,323,62044.0,311.0,"$15,000 to $24,999",11.2,2
1977,All Races,76030000.0,52302,323,62044.0,311.0,"$25,000 to $34,999",10.5,3
1977,All Races,76030000.0,52302,323,62044.0,311.0,"$35,000 to $49,999",14.2,4
1977,All Races,76030000.0,52302,323,62044.0,311.0,"$50,000 to $74,999",21.3,5
1977,All Races,76030000.0,52302,323,62044.0,311.0,"$75,000 to $99,999",14.7,6
1977,All Races,76030000.0,52302,323,62044.0,311.0,"$100,000 to $149,999",11.6,7
1977,All Races,76030000.0,52302,323,62044.0,311.0,"$150,000 to $199,999",2.9,8
1977,All Races,76030000.0,52302,323,62044.0,311.0,"$200,000 and over",1.8,9
1976,All Races,74142000.0,51973,317,61133.0,310.0,"Under $15,000",12.0,1
1976,All Races,74142000.0,51973,317,61133.0,310.0,"$15,000 to $24,999",11.3,2
1976,All Races,74142000.0,51973,317,61133.0,310.0,"$25,000 to $34,999",10.3,3
1976,All Races,74142000.0,51973,317,61133.0,310.0,"$35,000 to $49,999",14.8,4
1976,All Races,74142000.0,51973,317,61133.0,310.0,"$50,000 to $74,999",21.8,5
1976,All Races,74142000.0,51973,317,61133.0,310.0,"$75,000 to $99,999",14.5,6
1976,All Races,74142000.0,51973,317,61133.0,310.0,"$100,000 to $149,999",11.2,7
1976,All Races,74142000.0,51973,317,61133.0,310.0,"$150,000 to $199,999",2.5,8
1976,All Races,74142000.0,51973,317,61133.0,310.0,"$200,000 and over",1.7,9
1975,All Races,72867000.0,51124,342,59698.0,306.0,"Under $15,000",12.4,1
1975,All Races,72867000.0,51124,342,59698.0,306.0,"$15,000 to $24,999",11.4,2
1975,All Races,72867000.0,51124,342,59698.0,306.0,"$25,000 to $34,999",10.7,3
1975,All Races,72867000.0,51124,342,59698.0,306.0,"$35,000 to $49,999",14.7,4
1975,All Races,72867000.0,51124,342,59698.0,306.0,"$50,000 to $74,999",22.1,5
1975,All Races,72867000.0,51124,342,59698.0,306.0,"$75,000 to $99,999",14.3,6
1975,All Races,72867000.0,51124,342,59698.0,306.0,"$100,000 to $149,999",10.5,7
1975,All Races,72867000.0,51124,342,59698.0,306.0,"$150,000 to $199,999",2.4,8
1975,All Races,72867000.0,51124,342,59698.0,306.0,"$200,000 and over",1.5,9
1974,All Races,71163000.0,52499,332,61393.0,316.0,"Under $15,000",11.8,1
1974,All Races,71163000.0,52499,332,61393.0,316.0,"$15,000 to $24,999",10.7,2
1974,All Races,71163000.0,52499,332,61393.0,316.0,"$25,000 to $34,999",10.0,3
1974,All Races,71163000.0,52499,332,61393.0,316.0,"$35,000 to $49,999",15.3,4
1974,All Races,71163000.0,52499,332,61393.0,316.0,"$50,000 to $74,999",22.0,5
1974,All Races,71163000.0,52499,332,61393.0,316.0,"$75,000 to $99,999",14.9,6
1974,All Races,71163000.0,52499,332,61393.0,316.0,"$100,000 to $149,999",10.9,7
1974,All Races,71163000.0,52499,332,61393.0,316.0,"$150,000 to $199,999",2.7,8
1974,All Races,71163000.0,52499,332,61393.0,316.0,"$200,000 and over",1.6,9
1973,All Races,69859000.0,54216,339,62700.0,314.0,"Under $15,000",11.6,1
1973,All Races,69859000.0,54216,339,62700.0,314.0,"$15,000 to $24,999",10.8,2
1973,All Races,69859000.0,54216,339,62700.0,314.0,"$25,000 to $34,999",9.5,3
1973,All Races,69859000.0,54216,339,62700.0,314.0,"$35,000 to $49,999",14.3,4
1973,All Races,69859000.0,54216,339,62700.0,314.0,"$50,000 to $74,999",22.2,5
1973,All Races,69859000.0,54216,339,62700.0,314.0,"$75,000 to $99,999",14.9,6
1973,All Races,69859000.0,54216,339,62700.0,314.0,"$100,000 to $149,999",11.8,7
1973,All Races,69859000.0,54216,339,62700.0,314.0,"$150,000 to $199,999",3.0,8
1973,All Races,69859000.0,54216,339,62700.0,314.0,"$200,000 and over",1.9,9
1972,All Races,68251000.0,53143,334,61851.0,316.0,"Under $15,000",12.4,1
1972,All Races,68251000.0,53143,334,61851.0,316.0,"$15,000 to $24,999",10.3,2
1972,All Races,68251000.0,53143,334,61851.0,316.0,"$25,000 to $34,999",10.0,3
1972,All Races,68251000.0,53143,334,61851.0,316.0,"$35,000 to $49,999",14.7,4
1972,All Races,68251000.0,53143,334,61851.0,316.0,"$50,000 to $74,999",22.4,5
1972,All Races,68251000.0,53143,334,61851.0,316.0,"$75,000 to $99,999",14.7,6
1972,All Races,68251000.0,53143,334,61851.0,316.0,"$100,000 to $149,999",10.9,7
1972,All Races,68251000.0,53143,334,61851.0,316.0,"$150,000 to $199,999",2.7,8
1972,All Races,68251000.0,53143,334,61851.0,316.0,"$200,000 and over",1.8,9
1971,All Races,66676000.0,50960,325,58609.0,306.0,"Under $15,000",13.3,1
1971,All Races,66676000.0,50960,325,58609.0,306.0,"$15,000 to $24,999",10.2,2
1971,All Races,66676000.0,50960,325,58609.0,306.0,"$25,000 to $34,999",10.6,3
1971,All Races,66676000.0,50960,325,58609.0,306.0,"$35,000 to $49,999",15.2,4
1971,All Races,66676000.0,50960,325,58609.0,306.0,"$50,000 to $74,999",23.5,5
1971,All Races,66676000.0,50960,325,58609.0,306.0,"$75,000 to $99,999",13.9,6
1971,All Races,66676000.0,50960,325,58609.0,306.0,"$100,000 to $149,999",9.7,7
1971,All Races,66676000.0,50960,325,58609.0,306.0,"$150,000 to $199,999",2.2,8
1971,All Races,66676000.0,50960,325,58609.0,306.0,"$200,000 and over",1.4,9
1970,All Races,64778000.0,51461,310,58926.0,310.0,"Under $15,000",13.3,1
1970,All Races,64778000.0,51461,310,58926.0,310.0,"$15,000 to $24,999",10.1,2
1970,All Races,64778000.0,51461,310,58926.0,310.0,"$25,000 to $34,999",9.7,3
1970,All Races,64778000.0,51461,310,58926.0,310.0,"$35,000 to $49,999",15.7,4
1970,All Races,64778000.0,51461,310,58926.0,310.0,"$50,000 to $74,999",24.1,5
1970,All Races,64778000.0,51461,310,58926.0,310.0,"$75,000 to $99,999",13.7,6
1970,All Races,64778000.0,51461,310,58926.0,310.0,"$100,000 to $149,999",9.9,7
1970,All Races,64778000.0,51461,310,58926.0,310.0,"$150,000 to $199,999",2.2,8
1970,All Races,64778000.0,51461,310,58926.0,310.0,"$200,000 and over",1.4,9
1969,All Races,63401000.0,51863,315,59004.0,305.0,"Under $15,000",13.2,1
1969,All Races,63401000.0,51863,315,59004.0,305.0,"$15,000 to $24,999",9.9,2
1969,All Races,63401000.0,51863,315,59004.0,305.0,"$25,000 to $34,999",9.4,3
1969,All Races,63401000.0,51863,315,59004.0,305.0,"$35,000 to $49,999",16.0,4
1969,All Races,63401000.0,51863,315,59004.0,305.0,"$50,000 to $74,999",24.3,5
1969,All Races,63401000.0,51863,315,59004.0,305.0,"$75,000 to $99,999",14.2,6
1969,All Races,63401000.0,51863,315,59004.0,305.0,"$100,000 to $149,999",9.4,7
1969,All Races,63401000.0,51863,315,59004.0,305.0,"$150,000 to $199,999",2.2,8
1969,All Races,63401000.0,51863,315,59004.0,305.0,"$200,000 and over",1.3,9
1968,All Races,62214000.0,50004,297,56572.0,297.0,"Under $15,000",13.4,1
1968,All Races,62214000.0,50004,297,56572.0,297.0,"$15,000 to $24,999",10.1,2
1968,All Races,62214000.0,50004,297,56572.0,297.0,"$25,000 to $34,999",10.4,3
1968,All Races,62214000.0,50004,297,56572.0,297.0,"$35,000 to $49,999",16.5,4
1968,All Races,62214000.0,50004,297,56572.0,297.0,"$50,000 to $74,999",24.8,5
1968,All Races,62214000.0,50004,297,56572.0,297.0,"$75,000 to $99,999",13.7,6
1968,All Races,62214000.0,50004,297,56572.0,297.0,"$100,000 to $149,999",8.2,7
1968,All Races,62214000.0,50004,297,56572.0,297.0,"$150,000 to $199,999",1.8,8
1968,All Races,62214000.0,50004,297,56572.0,297.0,"$200,000 and over",1.1,9
1967,All Races,60813000.0,47938,287,53616.0,287.0,"Under $15,000",14.8,1
1967,All Races,60813000.0,47938,287,53616.0,287.0,"$15,000 to $24,999",10.2,2
1967,All Races,60813000.0,47938,287,53616.0,287.0,"$25,000 to $34,999",10.9,3
1967,All Races,60813000.0,47938,287,53616.0,287.0,"$35,000 to $49,999",16.8,4
1967,All Races,60813000.0,47938,287,53616.0,287.0,"$50,000 to $74,999",24.8,5
1967,All Races,60813000.0,47938,287,53616.0,287.0,"$75,000 to $99,999",11.9,6
1967,All Races,60813000.0,47938,287,53616.0,287.0,"$100,000 to $149,999",7.7,7
1967,All Races,60813000.0,47938,287,53616.0,287.0,"$150,000 to $199,999",1.7,8
1967,All Races,60813000.0,47938,287,53616.0,287.0,"$200,000 and over",1.2,9
2019,White Alone,100568000.0,72204,800,101732.0,1192.0,"Under $15,000",7.8,1
2019,White Alone,100568000.0,72204,800,101732.0,1192.0,"$15,000 to $24,999",7.5,2
2019,White Alone,100568000.0,72204,800,101732.0,1192.0,"$25,000 to $34,999",8.0,3
2019,White Alone,100568000.0,72204,800,101732.0,1192.0,"$35,000 to $49,999",11.5,4
2019,White Alone,100568000.0,72204,800,101732.0,1192.0,"$50,000 to $74,999",16.7,5
2019,White Alone,100568000.0,72204,800,101732.0,1192.0,"$75,000 to $99,999",12.7,6
2019,White Alone,100568000.0,72204,800,101732.0,1192.0,"$100,000 to $149,999",16.3,7
2019,White Alone,100568000.0,72204,800,101732.0,1192.0,"$150,000 to $199,999",8.7,8
2019,White Alone,100568000.0,72204,800,101732.0,1192.0,"$200,000 and over",10.8,9
2018,White Alone,100528000.0,68156,657,95650.0,1052.0,"Under $15,000",8.5,1
2018,White Alone,100528000.0,68156,657,95650.0,1052.0,"$15,000 to $24,999",8.3,2
2018,White Alone,100528000.0,68156,657,95650.0,1052.0,"$25,000 to $34,999",8.4,3
2018,White Alone,100528000.0,68156,657,95650.0,1052.0,"$35,000 to $49,999",11.8,4
2018,White Alone,100528000.0,68156,657,95650.0,1052.0,"$50,000 to $74,999",17.3,5
2018,White Alone,100528000.0,68156,657,95650.0,1052.0,"$75,000 to $99,999",13.1,6
2018,White Alone,100528000.0,68156,657,95650.0,1052.0,"$100,000 to $149,999",15.7,7
2018,White Alone,100528000.0,68156,657,95650.0,1052.0,"$150,000 to $199,999",7.6,8
2018,White Alone,100528000.0,68156,657,95650.0,1052.0,"$200,000 and over",9.3,9
2017,White Alone,100065000.0,68076,714,93480.0,1033.0,"Under $15,000",8.6,1
2017,White Alone,100065000.0,68076,714,93480.0,1033.0,"$15,000 to $24,999",8.7,2
2017,White Alone,100065000.0,68076,714,93480.0,1033.0,"$25,000 to $34,999",8.9,3
2017,White Alone,100065000.0,68076,714,93480.0,1033.0,"$35,000 to $49,999",11.7,4
2017,White Alone,100065000.0,68076,714,93480.0,1033.0,"$50,000 to $74,999",16.5,5
2017,White Alone,100065000.0,68076,714,93480.0,1033.0,"$75,000 to $99,999",12.9,6
2017,White Alone,100065000.0,68076,714,93480.0,1033.0,"$100,000 to $149,999",15.7,7
2017,White Alone,100065000.0,68076,714,93480.0,1033.0,"$150,000 to $199,999",8.0,8
2017,White Alone,100065000.0,68076,714,93480.0,1033.0,"$200,000 and over",9.0,9
2016,White Alone,99400000.0,65901,585,91988.0,936.0,"Under $15,000",8.9,1
2016,White Alone,99400000.0,65901,585,91988.0,936.0,"$15,000 to $24,999",8.6,2
2016,White Alone,99400000.0,65901,585,91988.0,936.0,"$25,000 to $34,999",8.9,3
2016,White Alone,99400000.0,65901,585,91988.0,936.0,"$35,000 to $49,999",12.3,4
2016,White Alone,99400000.0,65901,585,91988.0,936.0,"$50,000 to $74,999",16.8,5
2016,White Alone,99400000.0,65901,585,91988.0,936.0,"$75,000 to $99,999",12.5,6
2016,White Alone,99400000.0,65901,585,91988.0,936.0,"$100,000 to $149,999",15.9,7
2016,White Alone,99400000.0,65901,585,91988.0,936.0,"$150,000 to $199,999",7.5,8
2016,White Alone,99400000.0,65901,585,91988.0,936.0,"$200,000 and over",8.5,9
2015,White Alone,99313000.0,64864,676,88731.0,834.0,"Under $15,000",8.9,1
2015,White Alone,99313000.0,64864,676,88731.0,834.0,"$15,000 to $24,999",9.5,2
2015,White Alone,99313000.0,64864,676,88731.0,834.0,"$25,000 to $34,999",9.4,3
2015,White Alone,99313000.0,64864,676,88731.0,834.0,"$35,000 to $49,999",12.2,4
2015,White Alone,99313000.0,64864,676,88731.0,834.0,"$50,000 to $74,999",16.3,5
2015,White Alone,99313000.0,64864,676,88731.0,834.0,"$75,000 to $99,999",12.9,6
2015,White Alone,99313000.0,64864,676,88731.0,834.0,"$100,000 to $149,999",15.8,7
2015,White Alone,99313000.0,64864,676,88731.0,834.0,"$150,000 to $199,999",7.4,8
2015,White Alone,99313000.0,64864,676,88731.0,834.0,"$200,000 and over",7.6,9
2014,White Alone,98679000.0,61470,631,85277.0,930.0,"Under $15,000",9.9,1
2014,White Alone,98679000.0,61470,631,85277.0,930.0,"$15,000 to $24,999",10.1,2
2014,White Alone,98679000.0,61470,631,85277.0,930.0,"$25,000 to $34,999",9.3,3
2014,White Alone,98679000.0,61470,631,85277.0,930.0,"$35,000 to $49,999",12.5,4
2014,White Alone,98679000.0,61470,631,85277.0,930.0,"$50,000 to $74,999",16.8,5
2014,White Alone,98679000.0,61470,631,85277.0,930.0,"$75,000 to $99,999",12.7,6
2014,White Alone,98679000.0,61470,631,85277.0,930.0,"$100,000 to $149,999",14.7,7
2014,White Alone,98679000.0,61470,631,85277.0,930.0,"$150,000 to $199,999",6.9,8
2014,White Alone,98679000.0,61470,631,85277.0,930.0,"$200,000 and over",7.3,9
2013,White Alone,98807000.0,62378,935,85551.0,1371.0,"Under $15,000",9.8,1
2013,White Alone,98807000.0,62378,935,85551.0,1371.0,"$15,000 to $24,999",10.0,2
2013,White Alone,98807000.0,62378,935,85551.0,1371.0,"$25,000 to $34,999",9.2,3
2013,White Alone,98807000.0,62378,935,85551.0,1371.0,"$35,000 to $49,999",12.4,4
2013,White Alone,98807000.0,62378,935,85551.0,1371.0,"$50,000 to $74,999",17.0,5
2013,White Alone,98807000.0,62378,935,85551.0,1371.0,"$75,000 to $99,999",12.7,6
2013,White Alone,98807000.0,62378,935,85551.0,1371.0,"$100,000 to $149,999",14.5,7
2013,White Alone,98807000.0,62378,935,85551.0,1371.0,"$150,000 to $199,999",7.1,8
2013,White Alone,98807000.0,62378,935,85551.0,1371.0,"$200,000 and over",7.3,9
2012,White Alone,97705000.0,59912,705,83015.0,851.0,"Under $15,000",9.6,1
2012,White Alone,97705000.0,59912,705,83015.0,851.0,"$15,000 to $24,999",10.2,2
2012,White Alone,97705000.0,59912,705,83015.0,851.0,"$25,000 to $34,999",10.0,3
2012,White Alone,97705000.0,59912,705,83015.0,851.0,"$35,000 to $49,999",12.5,4
2012,White Alone,97705000.0,59912,705,83015.0,851.0,"$50,000 to $74,999",17.6,5
2012,White Alone,97705000.0,59912,705,83015.0,851.0,"$75,000 to $99,999",12.6,6
2012,White Alone,97705000.0,59912,705,83015.0,851.0,"$100,000 to $149,999",14.6,7
2012,White Alone,97705000.0,59912,705,83015.0,851.0,"$150,000 to $199,999",6.7,8
2012,White Alone,97705000.0,59912,705,83015.0,851.0,"$200,000 and over",6.3,9
2011,White Alone,96964000.0,59481,422,82946.0,791.0,"Under $15,000",9.8,1
2011,White Alone,96964000.0,59481,422,82946.0,791.0,"$15,000 to $24,999",9.6,2
2011,White Alone,96964000.0,59481,422,82946.0,791.0,"$25,000 to $34,999",10.1,3
2011,White Alone,96964000.0,59481,422,82946.0,791.0,"$35,000 to $49,999",13.1,4
2011,White Alone,96964000.0,59481,422,82946.0,791.0,"$50,000 to $74,999",17.6,5
2011,White Alone,96964000.0,59481,422,82946.0,791.0,"$75,000 to $99,999",12.4,6
2011,White Alone,96964000.0,59481,422,82946.0,791.0,"$100,000 to $149,999",14.5,7
2011,White Alone,96964000.0,59481,422,82946.0,791.0,"$150,000 to $199,999",6.6,8
2011,White Alone,96964000.0,59481,422,82946.0,791.0,"$200,000 and over",6.2,9
2010,White Alone,96306000.0,60763,489,82741.0,783.0,"Under $15,000",9.4,1
2010,White Alone,96306000.0,60763,489,82741.0,783.0,"$15,000 to $24,999",10.4,2
2010,White Alone,96306000.0,60763,489,82741.0,783.0,"$25,000 to $34,999",9.2,3
2010,White Alone,96306000.0,60763,489,82741.0,783.0,"$35,000 to $49,999",13.2,4
2010,White Alone,96306000.0,60763,489,82741.0,783.0,"$50,000 to $74,999",17.1,5
2010,White Alone,96306000.0,60763,489,82741.0,783.0,"$75,000 to $99,999",12.8,6
2010,White Alone,96306000.0,60763,489,82741.0,783.0,"$100,000 to $149,999",15.0,7
2010,White Alone,96306000.0,60763,489,82741.0,783.0,"$150,000 to $199,999",6.6,8
2010,White Alone,96306000.0,60763,489,82741.0,783.0,"$200,000 and over",6.3,9
2009,White Alone,95489000.0,61947,303,84263.0,534.0,"Under $15,000",8.9,1
2009,White Alone,95489000.0,61947,303,84263.0,534.0,"$15,000 to $24,999",9.6,2
2009,White Alone,95489000.0,61947,303,84263.0,534.0,"$25,000 to $34,999",9.5,3
2009,White Alone,95489000.0,61947,303,84263.0,534.0,"$35,000 to $49,999",13.1,4
2009,White Alone,95489000.0,61947,303,84263.0,534.0,"$50,000 to $74,999",17.8,5
2009,White Alone,95489000.0,61947,303,84263.0,534.0,"$75,000 to $99,999",12.9,6
2009,White Alone,95489000.0,61947,303,84263.0,534.0,"$100,000 to $149,999",15.2,7
2009,White Alone,95489000.0,61947,303,84263.0,534.0,"$150,000 to $199,999",6.7,8
2009,White Alone,95489000.0,61947,303,84263.0,534.0,"$200,000 and over",6.4,9
2008,White Alone,95297000.0,62268,298,84740.0,537.0,"Under $15,000",9.0,1
2008,White Alone,95297000.0,62268,298,84740.0,537.0,"$15,000 to $24,999",9.7,2
2008,White Alone,95297000.0,62268,298,84740.0,537.0,"$25,000 to $34,999",9.1,3
2008,White Alone,95297000.0,62268,298,84740.0,537.0,"$35,000 to $49,999",13.2,4
2008,White Alone,95297000.0,62268,298,84740.0,537.0,"$50,000 to $74,999",17.2,5
2008,White Alone,95297000.0,62268,298,84740.0,537.0,"$75,000 to $99,999",13.0,6
2008,White Alone,95297000.0,62268,298,84740.0,537.0,"$100,000 to $149,999",15.8,7
2008,White Alone,95297000.0,62268,298,84740.0,537.0,"$150,000 to $199,999",6.6,8
2008,White Alone,95297000.0,62268,298,84740.0,537.0,"$200,000 and over",6.4,9
2007,White Alone,95112000.0,64417,313,86932.0,545.0,"Under $15,000",8.4,1
2007,White Alone,95112000.0,64417,313,86932.0,545.0,"$15,000 to $24,999",9.6,2
2007,White Alone,95112000.0,64417,313,86932.0,545.0,"$25,000 to $34,999",8.9,3
2007,White Alone,95112000.0,64417,313,86932.0,545.0,"$35,000 to $49,999",12.6,4
2007,White Alone,95112000.0,64417,313,86932.0,545.0,"$50,000 to $74,999",17.5,5
2007,White Alone,95112000.0,64417,313,86932.0,545.0,"$75,000 to $99,999",13.0,6
2007,White Alone,95112000.0,64417,313,86932.0,545.0,"$100,000 to $149,999",16.1,7
2007,White Alone,95112000.0,64417,313,86932.0,545.0,"$150,000 to $199,999",7.1,8
2007,White Alone,95112000.0,64417,313,86932.0,545.0,"$200,000 and over",6.9,9
2006,White Alone,94705000.0,64410,307,87842.0,602.0,"Under $15,000",8.1,1
2006,White Alone,94705000.0,64410,307,87842.0,602.0,"$15,000 to $24,999",9.1,2
2006,White Alone,94705000.0,64410,307,87842.0,602.0,"$25,000 to $34,999",9.2,3
2006,White Alone,94705000.0,64410,307,87842.0,602.0,"$35,000 to $49,999",12.9,4
2006,White Alone,94705000.0,64410,307,87842.0,602.0,"$50,000 to $74,999",17.7,5
2006,White Alone,94705000.0,64410,307,87842.0,602.0,"$75,000 to $99,999",13.2,6
2006,White Alone,94705000.0,64410,307,87842.0,602.0,"$100,000 to $149,999",15.8,7
2006,White Alone,94705000.0,64410,307,87842.0,602.0,"$150,000 to $199,999",7.0,8
2006,White Alone,94705000.0,64410,307,87842.0,602.0,"$200,000 and over",7.0,9
2005,White Alone,93588000.0,63718,458,86562.0,589.0,"Under $15,000",8.6,1
2005,White Alone,93588000.0,63718,458,86562.0,589.0,"$15,000 to $24,999",9.3,2
2005,White Alone,93588000.0,63718,458,86562.0,589.0,"$25,000 to $34,999",9.3,3
2005,White Alone,93588000.0,63718,458,86562.0,589.0,"$35,000 to $49,999",12.7,4
2005,White Alone,93588000.0,63718,458,86562.0,589.0,"$50,000 to $74,999",17.7,5
2005,White Alone,93588000.0,63718,458,86562.0,589.0,"$75,000 to $99,999",13.4,6
2005,White Alone,93588000.0,63718,458,86562.0,589.0,"$100,000 to $149,999",15.4,7
2005,White Alone,93588000.0,63718,458,86562.0,589.0,"$150,000 to $199,999",6.9,8
2005,White Alone,93588000.0,63718,458,86562.0,589.0,"$200,000 and over",6.6,9
2004,White Alone,92880000.0,63304,408,85352.0,578.0,"Under $15,000",8.8,1
2004,White Alone,92880000.0,63304,408,85352.0,578.0,"$15,000 to $24,999",9.4,2
2004,White Alone,92880000.0,63304,408,85352.0,578.0,"$25,000 to $34,999",9.6,3
2004,White Alone,92880000.0,63304,408,85352.0,578.0,"$35,000 to $49,999",12.6,4
2004,White Alone,92880000.0,63304,408,85352.0,578.0,"$50,000 to $74,999",17.6,5
2004,White Alone,92880000.0,63304,408,85352.0,578.0,"$75,000 to $99,999",13.0,6
2004,White Alone,92880000.0,63304,408,85352.0,578.0,"$100,000 to $149,999",15.8,7
2004,White Alone,92880000.0,63304,408,85352.0,578.0,"$150,000 to $199,999",6.7,8
2004,White Alone,92880000.0,63304,408,85352.0,578.0,"$200,000 and over",6.5,9
2003,White Alone,91962000.0,63583,410,85816.0,566.0,"Under $15,000",8.7,1
2003,White Alone,91962000.0,63583,410,85816.0,566.0,"$15,000 to $24,999",9.3,2
2003,White Alone,91962000.0,63583,410,85816.0,566.0,"$25,000 to $34,999",9.5,3
2003,White Alone,91962000.0,63583,410,85816.0,566.0,"$35,000 to $49,999",12.5,4
2003,White Alone,91962000.0,63583,410,85816.0,566.0,"$50,000 to $74,999",17.5,5
2003,White Alone,91962000.0,63583,410,85816.0,566.0,"$75,000 to $99,999",13.0,6
2003,White Alone,91962000.0,63583,410,85816.0,566.0,"$100,000 to $149,999",16.1,7
2003,White Alone,91962000.0,63583,410,85816.0,566.0,"$150,000 to $199,999",6.7,8
2003,White Alone,91962000.0,63583,410,85816.0,566.0,"$200,000 and over",6.6,9
2002,White Alone,91645000.0,64250,429,85740.0,574.0,"Under $15,000",8.6,1
2002,White Alone,91645000.0,64250,429,85740.0,574.0,"$15,000 to $24,999",9.4,2
2002,White Alone,91645000.0,64250,429,85740.0,574.0,"$25,000 to $34,999",8.9,3
2002,White Alone,91645000.0,64250,429,85740.0,574.0,"$35,000 to $49,999",13.0,4
2002,White Alone,91645000.0,64250,429,85740.0,574.0,"$50,000 to $74,999",17.5,5
2002,White Alone,91645000.0,64250,429,85740.0,574.0,"$75,000 to $99,999",13.1,6
2002,White Alone,91645000.0,64250,429,85740.0,574.0,"$100,000 to $149,999",16.5,7
2002,White Alone,91645000.0,64250,429,85740.0,574.0,"$150,000 to $199,999",6.6,8
2002,White Alone,91645000.0,64250,429,85740.0,574.0,"$200,000 and over",6.3,9
2001,White Alone,90682000.0,64439,498,87592.0,619.0,"Under $15,000",8.3,1
2001,White Alone,90682000.0,64439,498,87592.0,619.0,"$15,000 to $24,999",9.4,2
2001,White Alone,90682000.0,64439,498,87592.0,619.0,"$25,000 to $34,999",8.9,3
2001,White Alone,90682000.0,64439,498,87592.0,619.0,"$35,000 to $49,999",12.7,4
2001,White Alone,90682000.0,64439,498,87592.0,619.0,"$50,000 to $74,999",17.9,5
2001,White Alone,90682000.0,64439,498,87592.0,619.0,"$75,000 to $99,999",13.2,6
2001,White Alone,90682000.0,64439,498,87592.0,619.0,"$100,000 to $149,999",16.3,7
2001,White Alone,90682000.0,64439,498,87592.0,619.0,"$150,000 to $199,999",6.7,8
2001,White Alone,90682000.0,64439,498,87592.0,619.0,"$200,000 and over",6.8,9
2000,White Alone,90030000.0,65379,475,88213.0,622.0,"Under $15,000",8.0,1
2000,White Alone,90030000.0,65379,475,88213.0,622.0,"$15,000 to $24,999",9.0,2
2000,White Alone,90030000.0,65379,475,88213.0,622.0,"$25,000 to $34,999",8.6,3
2000,White Alone,90030000.0,65379,475,88213.0,622.0,"$35,000 to $49,999",13.0,4
2000,White Alone,90030000.0,65379,475,88213.0,622.0,"$50,000 to $74,999",17.7,5
2000,White Alone,90030000.0,65379,475,88213.0,622.0,"$75,000 to $99,999",13.6,6
2000,White Alone,90030000.0,65379,475,88213.0,622.0,"$100,000 to $149,999",16.2,7
2000,White Alone,90030000.0,65379,475,88213.0,622.0,"$150,000 to $199,999",7.2,8
2000,White Alone,90030000.0,65379,475,88213.0,622.0,"$200,000 and over",6.6,9
1999,White Alone,88893000.0,65149,542,87315.0,813.0,"Under $15,000",7.6,1
1999,White Alone,88893000.0,65149,542,87315.0,813.0,"$15,000 to $24,999",9.3,2
1999,White Alone,88893000.0,65149,542,87315.0,813.0,"$25,000 to $34,999",9.0,3
1999,White Alone,88893000.0,65149,542,87315.0,813.0,"$35,000 to $49,999",12.9,4
1999,White Alone,88893000.0,65149,542,87315.0,813.0,"$50,000 to $74,999",17.7,5
1999,White Alone,88893000.0,65149,542,87315.0,813.0,"$75,000 to $99,999",13.6,6
1999,White Alone,88893000.0,65149,542,87315.0,813.0,"$100,000 to $149,999",16.4,7
1999,White Alone,88893000.0,65149,542,87315.0,813.0,"$150,000 to $199,999",6.9,8
1999,White Alone,88893000.0,65149,542,87315.0,813.0,"$200,000 and over",6.7,9
1998,White Alone,87212000.0,64315,530,85215.0,825.0,"Under $15,000",8.2,1
1998,White Alone,87212000.0,64315,530,85215.0,825.0,"$15,000 to $24,999",9.3,2
1998,White Alone,87212000.0,64315,530,85215.0,825.0,"$25,000 to $34,999",9.0,3
1998,White Alone,87212000.0,64315,530,85215.0,825.0,"$35,000 to $49,999",12.9,4
1998,White Alone,87212000.0,64315,530,85215.0,825.0,"$50,000 to $74,999",17.7,5
1998,White Alone,87212000.0,64315,530,85215.0,825.0,"$75,000 to $99,999",14.2,6
1998,White Alone,87212000.0,64315,530,85215.0,825.0,"$100,000 to $149,999",16.0,7
1998,White Alone,87212000.0,64315,530,85215.0,825.0,"$150,000 to $199,999",6.6,8
1998,White Alone,87212000.0,64315,530,85215.0,825.0,"$200,000 and over",6.0,9
1997,White Alone,86106000.0,62095,647,82696.0,828.0,"Under $15,000",8.8,1
1997,White Alone,86106000.0,62095,647,82696.0,828.0,"$15,000 to $24,999",9.8,2
1997,White Alone,86106000.0,62095,647,82696.0,828.0,"$25,000 to $34,999",9.2,3
1997,White Alone,86106000.0,62095,647,82696.0,828.0,"$35,000 to $49,999",13.0,4
1997,White Alone,86106000.0,62095,647,82696.0,828.0,"$50,000 to $74,999",18.2,5
1997,White Alone,86106000.0,62095,647,82696.0,828.0,"$75,000 to $99,999",13.8,6
1997,White Alone,86106000.0,62095,647,82696.0,828.0,"$100,000 to $149,999",15.5,7
1997,White Alone,86106000.0,62095,647,82696.0,828.0,"$150,000 to $199,999",6.1,8
1997,White Alone,86106000.0,62095,647,82696.0,828.0,"$200,000 and over",5.6,9
1996,White Alone,85059000.0,60489,514,79750.0,777.0,"Under $15,000",9.0,1
1996,White Alone,85059000.0,60489,514,79750.0,777.0,"$15,000 to $24,999",10.1,2
1996,White Alone,85059000.0,60489,514,79750.0,777.0,"$25,000 to $34,999",9.4,3
1996,White Alone,85059000.0,60489,514,79750.0,777.0,"$35,000 to $49,999",13.5,4
1996,White Alone,85059000.0,60489,514,79750.0,777.0,"$50,000 to $74,999",18.2,5
1996,White Alone,85059000.0,60489,514,79750.0,777.0,"$75,000 to $99,999",14.0,6
1996,White Alone,85059000.0,60489,514,79750.0,777.0,"$100,000 to $149,999",15.1,7
1996,White Alone,85059000.0,60489,514,79750.0,777.0,"$150,000 to $199,999",5.7,8
1996,White Alone,85059000.0,60489,514,79750.0,777.0,"$200,000 and over",5.0,9
1995,White Alone,84511000.0,59769,514,78089.0,745.0,"Under $15,000",9.0,1
1995,White Alone,84511000.0,59769,514,78089.0,745.0,"$15,000 to $24,999",10.0,2
1995,White Alone,84511000.0,59769,514,78089.0,745.0,"$25,000 to $34,999",10.0,3
1995,White Alone,84511000.0,59769,514,78089.0,745.0,"$35,000 to $49,999",13.0,4
1995,White Alone,84511000.0,59769,514,78089.0,745.0,"$50,000 to $74,999",19.1,5
1995,White Alone,84511000.0,59769,514,78089.0,745.0,"$75,000 to $99,999",13.8,6
1995,White Alone,84511000.0,59769,514,78089.0,745.0,"$100,000 to $149,999",14.9,7
1995,White Alone,84511000.0,59769,514,78089.0,745.0,"$150,000 to $199,999",5.5,8
1995,White Alone,84511000.0,59769,514,78089.0,745.0,"$200,000 and over",4.7,9
1994,White Alone,83737000.0,58234,538,77070.0,738.0,"Under $15,000",9.6,1
1994,White Alone,83737000.0,58234,538,77070.0,738.0,"$15,000 to $24,999",10.3,2
1994,White Alone,83737000.0,58234,538,77070.0,738.0,"$25,000 to $34,999",9.9,3
1994,White Alone,83737000.0,58234,538,77070.0,738.0,"$35,000 to $49,999",13.4,4
1994,White Alone,83737000.0,58234,538,77070.0,738.0,"$50,000 to $74,999",18.9,5
1994,White Alone,83737000.0,58234,538,77070.0,738.0,"$75,000 to $99,999",13.2,6
1994,White Alone,83737000.0,58234,538,77070.0,738.0,"$100,000 to $149,999",14.7,7
1994,White Alone,83737000.0,58234,538,77070.0,738.0,"$150,000 to $199,999",5.4,8
1994,White Alone,83737000.0,58234,538,77070.0,738.0,"$200,000 and over",4.6,9
1993,White Alone,82387000.0,57584,552,75623.0,718.0,"Under $15,000",9.9,1
1993,White Alone,82387000.0,57584,552,75623.0,718.0,"$15,000 to $24,999",10.1,2
1993,White Alone,82387000.0,57584,552,75623.0,718.0,"$25,000 to $34,999",9.8,3
1993,White Alone,82387000.0,57584,552,75623.0,718.0,"$35,000 to $49,999",13.7,4
1993,White Alone,82387000.0,57584,552,75623.0,718.0,"$50,000 to $74,999",19.0,5
1993,White Alone,82387000.0,57584,552,75623.0,718.0,"$75,000 to $99,999",13.7,6
1993,White Alone,82387000.0,57584,552,75623.0,718.0,"$100,000 to $149,999",14.2,7
1993,White Alone,82387000.0,57584,552,75623.0,718.0,"$150,000 to $199,999",5.2,8
1993,White Alone,82387000.0,57584,552,75623.0,718.0,"$200,000 and over",4.2,9
1992,White Alone,81795000.0,57691,460,72710.0,533.0,"Under $15,000",9.8,1
1992,White Alone,81795000.0,57691,460,72710.0,533.0,"$15,000 to $24,999",10.1,2
1992,White Alone,81795000.0,57691,460,72710.0,533.0,"$25,000 to $34,999",10.0,3
1992,White Alone,81795000.0,57691,460,72710.0,533.0,"$35,000 to $49,999",13.6,4
1992,White Alone,81795000.0,57691,460,72710.0,533.0,"$50,000 to $74,999",19.2,5
1992,White Alone,81795000.0,57691,460,72710.0,533.0,"$75,000 to $99,999",14.2,6
1992,White Alone,81795000.0,57691,460,72710.0,533.0,"$100,000 to $149,999",14.3,7
1992,White Alone,81795000.0,57691,460,72710.0,533.0,"$150,000 to $199,999",5.1,8
1992,White Alone,81795000.0,57691,460,72710.0,533.0,"$200,000 and over",3.7,9
1991,White Alone,81675000.0,57951,462,72552.0,519.0,"Under $15,000",9.7,1
1991,White Alone,81675000.0,57951,462,72552.0,519.0,"$15,000 to $24,999",9.9,2
1991,White Alone,81675000.0,57951,462,72552.0,519.0,"$25,000 to $34,999",9.6,3
1991,White Alone,81675000.0,57951,462,72552.0,519.0,"$35,000 to $49,999",14.0,4
1991,White Alone,81675000.0,57951,462,72552.0,519.0,"$50,000 to $74,999",19.5,5
1991,White Alone,81675000.0,57951,462,72552.0,519.0,"$75,000 to $99,999",14.0,6
1991,White Alone,81675000.0,57951,462,72552.0,519.0,"$100,000 to $149,999",14.5,7
1991,White Alone,81675000.0,57951,462,72552.0,519.0,"$150,000 to $199,999",5.1,8
1991,White Alone,81675000.0,57951,462,72552.0,519.0,"$200,000 and over",3.6,9
1990,White Alone,80968000.0,59416,448,74029.0,545.0,"Under $15,000",9.2,1
1990,White Alone,80968000.0,59416,448,74029.0,545.0,"$15,000 to $24,999",9.7,2
1990,White Alone,80968000.0,59416,448,74029.0,545.0,"$25,000 to $34,999",9.4,3
1990,White Alone,80968000.0,59416,448,74029.0,545.0,"$35,000 to $49,999",14.0,4
1990,White Alone,80968000.0,59416,448,74029.0,545.0,"$50,000 to $74,999",19.9,5
1990,White Alone,80968000.0,59416,448,74029.0,545.0,"$75,000 to $99,999",14.2,6
1990,White Alone,80968000.0,59416,448,74029.0,545.0,"$100,000 to $149,999",14.6,7
1990,White Alone,80968000.0,59416,448,74029.0,545.0,"$150,000 to $199,999",5.0,8
1990,White Alone,80968000.0,59416,448,74029.0,545.0,"$200,000 and over",3.9,9
1989,White Alone,80163000.0,60699,486,75941.0,578.0,"Under $15,000",9.0,1
1989,White Alone,80163000.0,60699,486,75941.0,578.0,"$15,000 to $24,999",9.6,2
1989,White Alone,80163000.0,60699,486,75941.0,578.0,"$25,000 to $34,999",9.4,3
1989,White Alone,80163000.0,60699,486,75941.0,578.0,"$35,000 to $49,999",13.3,4
1989,White Alone,80163000.0,60699,486,75941.0,578.0,"$50,000 to $74,999",19.6,5
1989,White Alone,80163000.0,60699,486,75941.0,578.0,"$75,000 to $99,999",14.5,6
1989,White Alone,80163000.0,60699,486,75941.0,578.0,"$100,000 to $149,999",15.0,7
1989,White Alone,80163000.0,60699,486,75941.0,578.0,"$150,000 to $199,999",5.4,8
1989,White Alone,80163000.0,60699,486,75941.0,578.0,"$200,000 and over",4.2,9
1988,White Alone,79734000.0,59967,583,73900.0,572.0,"Under $15,000",9.6,1
1988,White Alone,79734000.0,59967,583,73900.0,572.0,"$15,000 to $24,999",9.0,2
1988,White Alone,79734000.0,59967,583,73900.0,572.0,"$25,000 to $34,999",9.8,3
1988,White Alone,79734000.0,59967,583,73900.0,572.0,"$35,000 to $49,999",13.0,4
1988,White Alone,79734000.0,59967,583,73900.0,572.0,"$50,000 to $74,999",20.0,5
1988,White Alone,79734000.0,59967,583,73900.0,572.0,"$75,000 to $99,999",14.6,6
1988,White Alone,79734000.0,59967,583,73900.0,572.0,"$100,000 to $149,999",15.1,7
1988,White Alone,79734000.0,59967,583,73900.0,572.0,"$150,000 to $199,999",5.1,8
1988,White Alone,79734000.0,59967,583,73900.0,572.0,"$200,000 and over",3.8,9
1987,White Alone,78519000.0,59277,490,72958.0,518.0,"Under $15,000",9.7,1
1987,White Alone,78519000.0,59277,490,72958.0,518.0,"$15,000 to $24,999",9.5,2
1987,White Alone,78519000.0,59277,490,72958.0,518.0,"$25,000 to $34,999",9.7,3
1987,White Alone,78519000.0,59277,490,72958.0,518.0,"$35,000 to $49,999",13.5,4
1987,White Alone,78519000.0,59277,490,72958.0,518.0,"$50,000 to $74,999",19.5,5
1987,White Alone,78519000.0,59277,490,72958.0,518.0,"$75,000 to $99,999",15.0,6
1987,White Alone,78519000.0,59277,490,72958.0,518.0,"$100,000 to $149,999",14.8,7
1987,White Alone,78519000.0,59277,490,72958.0,518.0,"$150,000 to $199,999",4.9,8
1987,White Alone,78519000.0,59277,490,72958.0,518.0,"$200,000 and over",3.5,9
1986,White Alone,77284000.0,58451,467,71548.0,503.0,"Under $15,000",10.3,1
1986,White Alone,77284000.0,58451,467,71548.0,503.0,"$15,000 to $24,999",9.5,2
1986,White Alone,77284000.0,58451,467,71548.0,503.0,"$25,000 to $34,999",9.7,3
1986,White Alone,77284000.0,58451,467,71548.0,503.0,"$35,000 to $49,999",13.6,4
1986,White Alone,77284000.0,58451,467,71548.0,503.0,"$50,000 to $74,999",19.9,5
1986,White Alone,77284000.0,58451,467,71548.0,503.0,"$75,000 to $99,999",14.5,6
1986,White Alone,77284000.0,58451,467,71548.0,503.0,"$100,000 to $149,999",14.5,7
1986,White Alone,77284000.0,58451,467,71548.0,503.0,"$150,000 to $199,999",4.7,8
1986,White Alone,77284000.0,58451,467,71548.0,503.0,"$200,000 and over",3.4,9
1985,White Alone,76576000.0,56595,497,68754.0,475.0,"Under $15,000",10.5,1
1985,White Alone,76576000.0,56595,497,68754.0,475.0,"$15,000 to $24,999",10.0,2
1985,White Alone,76576000.0,56595,497,68754.0,475.0,"$25,000 to $34,999",9.8,3
1985,White Alone,76576000.0,56595,497,68754.0,475.0,"$35,000 to $49,999",14.2,4
1985,White Alone,76576000.0,56595,497,68754.0,475.0,"$50,000 to $74,999",20.3,5
1985,White Alone,76576000.0,56595,497,68754.0,475.0,"$75,000 to $99,999",14.2,6
1985,White Alone,76576000.0,56595,497,68754.0,475.0,"$100,000 to $149,999",13.8,7
1985,White Alone,76576000.0,56595,497,68754.0,475.0,"$150,000 to $199,999",4.2,8
1985,White Alone,76576000.0,56595,497,68754.0,475.0,"$200,000 and over",2.9,9
1984,White Alone,75328000.0,55575,460,67208.0,429.0,"Under $15,000",10.5,1
1984,White Alone,75328000.0,55575,460,67208.0,429.0,"$15,000 to $24,999",10.2,2
1984,White Alone,75328000.0,55575,460,67208.0,429.0,"$25,000 to $34,999",9.9,3
1984,White Alone,75328000.0,55575,460,67208.0,429.0,"$35,000 to $49,999",14.7,4
1984,White Alone,75328000.0,55575,460,67208.0,429.0,"$50,000 to $74,999",20.4,5
1984,White Alone,75328000.0,55575,460,67208.0,429.0,"$75,000 to $99,999",14.4,6
1984,White Alone,75328000.0,55575,460,67208.0,429.0,"$100,000 to $149,999",13.3,7
1984,White Alone,75328000.0,55575,460,67208.0,429.0,"$150,000 to $199,999",4.0,8
1984,White Alone,75328000.0,55575,460,67208.0,429.0,"$200,000 and over",2.7,9
1983,White Alone,74376000.0,53616,399,64761.0,415.0,"Under $15,000",10.9,1
1983,White Alone,74376000.0,53616,399,64761.0,415.0,"$15,000 to $24,999",10.3,2
1983,White Alone,74376000.0,53616,399,64761.0,415.0,"$25,000 to $34,999",10.4,3
1983,White Alone,74376000.0,53616,399,64761.0,415.0,"$35,000 to $49,999",15.0,4
1983,White Alone,74376000.0,53616,399,64761.0,415.0,"$50,000 to $74,999",20.8,5
1983,White Alone,74376000.0,53616,399,64761.0,415.0,"$75,000 to $99,999",13.9,6
1983,White Alone,74376000.0,53616,399,64761.0,415.0,"$100,000 to $149,999",12.7,7
1983,White Alone,74376000.0,53616,399,64761.0,415.0,"$150,000 to $199,999",3.6,8
1983,White Alone,74376000.0,53616,399,64761.0,415.0,"$200,000 and over",2.4,9
1982,White Alone,73182000.0,53902,403,64607.0,416.0,"Under $15,000",11.0,1
1982,White Alone,73182000.0,53902,403,64607.0,416.0,"$15,000 to $24,999",10.2,2
1982,White Alone,73182000.0,53902,403,64607.0,416.0,"$25,000 to $34,999",10.5,3
1982,White Alone,73182000.0,53902,403,64607.0,416.0,"$35,000 to $49,999",14.7,4
1982,White Alone,73182000.0,53902,403,64607.0,416.0,"$50,000 to $74,999",21.3,5
1982,White Alone,73182000.0,53902,403,64607.0,416.0,"$75,000 to $99,999",14.0,6
1982,White Alone,73182000.0,53902,403,64607.0,416.0,"$100,000 to $149,999",12.5,7
1982,White Alone,73182000.0,53902,403,64607.0,416.0,"$150,000 to $199,999",3.6,8
1982,White Alone,73182000.0,53902,403,64607.0,416.0,"$200,000 and over",2.3,9
1981,White Alone,72845000.0,54548,414,64262.0,401.0,"Under $15,000",10.8,1
1981,White Alone,72845000.0,54548,414,64262.0,401.0,"$15,000 to $24,999",10.2,2
1981,White Alone,72845000.0,54548,414,64262.0,401.0,"$25,000 to $34,999",10.7,3
1981,White Alone,72845000.0,54548,414,64262.0,401.0,"$35,000 to $49,999",14.4,4
1981,White Alone,72845000.0,54548,414,64262.0,401.0,"$50,000 to $74,999",21.2,5
1981,White Alone,72845000.0,54548,414,64262.0,401.0,"$75,000 to $99,999",14.7,6
1981,White Alone,72845000.0,54548,414,64262.0,401.0,"$100,000 to $149,999",12.6,7
1981,White Alone,72845000.0,54548,414,64262.0,401.0,"$150,000 to $199,999",3.4,8
1981,White Alone,72845000.0,54548,414,64262.0,401.0,"$200,000 and over",2.0,9
1980,White Alone,71872000.0,55346,468,64911.0,409.0,"Under $15,000",10.6,1
1980,White Alone,71872000.0,55346,468,64911.0,409.0,"$15,000 to $24,999",10.1,2
1980,White Alone,71872000.0,55346,468,64911.0,409.0,"$25,000 to $34,999",10.0,3
1980,White Alone,71872000.0,55346,468,64911.0,409.0,"$35,000 to $49,999",14.6,4
1980,White Alone,71872000.0,55346,468,64911.0,409.0,"$50,000 to $74,999",21.8,5
1980,White Alone,71872000.0,55346,468,64911.0,409.0,"$75,000 to $99,999",14.7,6
1980,White Alone,71872000.0,55346,468,64911.0,409.0,"$100,000 to $149,999",12.7,7
1980,White Alone,71872000.0,55346,468,64911.0,409.0,"$150,000 to $199,999",3.5,8
1980,White Alone,71872000.0,55346,468,64911.0,409.0,"$200,000 and over",2.0,9
1979,White Alone,70766000.0,56851,444,66950.0,439.0,"Under $15,000",10.4,1
1979,White Alone,70766000.0,56851,444,66950.0,439.0,"$15,000 to $24,999",9.5,2
1979,White Alone,70766000.0,56851,444,66950.0,439.0,"$25,000 to $34,999",9.9,3
1979,White Alone,70766000.0,56851,444,66950.0,439.0,"$35,000 to $49,999",14.3,4
1979,White Alone,70766000.0,56851,444,66950.0,439.0,"$50,000 to $74,999",21.0,5
1979,White Alone,70766000.0,56851,444,66950.0,439.0,"$75,000 to $99,999",15.8,6
1979,White Alone,70766000.0,56851,444,66950.0,439.0,"$100,000 to $149,999",13.0,7
1979,White Alone,70766000.0,56851,444,66950.0,439.0,"$150,000 to $199,999",3.6,8
1979,White Alone,70766000.0,56851,444,66950.0,439.0,"$200,000 and over",2.3,9
1978,White Alone,68028000.0,56475,409,66309.0,439.0,"Under $15,000",10.2,1
1978,White Alone,68028000.0,56475,409,66309.0,439.0,"$15,000 to $24,999",9.9,2
1978,White Alone,68028000.0,56475,409,66309.0,439.0,"$25,000 to $34,999",9.9,3
1978,White Alone,68028000.0,56475,409,66309.0,439.0,"$35,000 to $49,999",14.2,4
1978,White Alone,68028000.0,56475,409,66309.0,439.0,"$50,000 to $74,999",21.4,5
1978,White Alone,68028000.0,56475,409,66309.0,439.0,"$75,000 to $99,999",15.7,6
1978,White Alone,68028000.0,56475,409,66309.0,439.0,"$100,000 to $149,999",13.0,7
1978,White Alone,68028000.0,56475,409,66309.0,439.0,"$150,000 to $199,999",3.4,8
1978,White Alone,68028000.0,56475,409,66309.0,439.0,"$200,000 and over",2.2,9
1977,White Alone,66934000.0,54999,380,64467.0,342.0,"Under $15,000",10.5,1
1977,White Alone,66934000.0,54999,380,64467.0,342.0,"$15,000 to $24,999",10.5,2
1977,White Alone,66934000.0,54999,380,64467.0,342.0,"$25,000 to $34,999",10.2,3
1977,White Alone,66934000.0,54999,380,64467.0,342.0,"$35,000 to $49,999",14.1,4
1977,White Alone,66934000.0,54999,380,64467.0,342.0,"$50,000 to $74,999",21.9,5
1977,White Alone,66934000.0,54999,380,64467.0,342.0,"$75,000 to $99,999",15.5,6
1977,White Alone,66934000.0,54999,380,64467.0,342.0,"$100,000 to $149,999",12.3,7
1977,White Alone,66934000.0,54999,380,64467.0,342.0,"$150,000 to $199,999",3.1,8
1977,White Alone,66934000.0,54999,380,64467.0,342.0,"$200,000 and over",2.0,9
1976,White Alone,65353000.0,54443,371,63485.0,337.0,"Under $15,000",10.7,1
1976,White Alone,65353000.0,54443,371,63485.0,337.0,"$15,000 to $24,999",10.5,2
1976,White Alone,65353000.0,54443,371,63485.0,337.0,"$25,000 to $34,999",10.0,3
1976,White Alone,65353000.0,54443,371,63485.0,337.0,"$35,000 to $49,999",14.8,4
1976,White Alone,65353000.0,54443,371,63485.0,337.0,"$50,000 to $74,999",22.3,5
1976,White Alone,65353000.0,54443,371,63485.0,337.0,"$75,000 to $99,999",15.2,6
1976,White Alone,65353000.0,54443,371,63485.0,337.0,"$100,000 to $149,999",11.9,7
1976,White Alone,65353000.0,54443,371,63485.0,337.0,"$150,000 to $199,999",2.8,8
1976,White Alone,65353000.0,54443,371,63485.0,337.0,"$200,000 and over",1.9,9
1975,White Alone,64392000.0,53464,321,61904.0,335.0,"Under $15,000",11.0,1
1975,White Alone,64392000.0,53464,321,61904.0,335.0,"$15,000 to $24,999",10.8,2
1975,White Alone,64392000.0,53464,321,61904.0,335.0,"$25,000 to $34,999",10.5,3
1975,White Alone,64392000.0,53464,321,61904.0,335.0,"$35,000 to $49,999",14.6,4
1975,White Alone,64392000.0,53464,321,61904.0,335.0,"$50,000 to $74,999",22.7,5
1975,White Alone,64392000.0,53464,321,61904.0,335.0,"$75,000 to $99,999",14.9,6
1975,White Alone,64392000.0,53464,321,61904.0,335.0,"$100,000 to $149,999",11.2,7
1975,White Alone,64392000.0,53464,321,61904.0,335.0,"$150,000 to $199,999",2.6,8
1975,White Alone,64392000.0,53464,321,61904.0,335.0,"$200,000 and over",1.6,9
1974,White Alone,62984000.0,54904,339,63667.0,339.0,"Under $15,000",10.6,1
1974,White Alone,62984000.0,54904,339,63667.0,339.0,"$15,000 to $24,999",10.0,2
1974,White Alone,62984000.0,54904,339,63667.0,339.0,"$25,000 to $34,999",9.7,3
1974,White Alone,62984000.0,54904,339,63667.0,339.0,"$35,000 to $49,999",15.2,4
1974,White Alone,62984000.0,54904,339,63667.0,339.0,"$50,000 to $74,999",22.7,5
1974,White Alone,62984000.0,54904,339,63667.0,339.0,"$75,000 to $99,999",15.6,6
1974,White Alone,62984000.0,54904,339,63667.0,339.0,"$100,000 to $149,999",11.6,7
1974,White Alone,62984000.0,54904,339,63667.0,339.0,"$150,000 to $199,999",2.9,8
1974,White Alone,62984000.0,54904,339,63667.0,339.0,"$200,000 and over",1.8,9
1973,White Alone,61965000.0,56821,356,65124.0,339.0,"Under $15,000",10.5,1
1973,White Alone,61965000.0,56821,356,65124.0,339.0,"$15,000 to $24,999",10.0,2
1973,White Alone,61965000.0,56821,356,65124.0,339.0,"$25,000 to $34,999",9.1,3
1973,White Alone,61965000.0,56821,356,65124.0,339.0,"$35,000 to $49,999",14.0,4
1973,White Alone,61965000.0,56821,356,65124.0,339.0,"$50,000 to $74,999",22.8,5
1973,White Alone,61965000.0,56821,356,65124.0,339.0,"$75,000 to $99,999",15.6,6
1973,White Alone,61965000.0,56821,356,65124.0,339.0,"$100,000 to $149,999",12.6,7
1973,White Alone,61965000.0,56821,356,65124.0,339.0,"$150,000 to $199,999",3.2,8
1973,White Alone,61965000.0,56821,356,65124.0,339.0,"$200,000 and over",2.1,9
1972,White Alone,60618000.0,55752,352,64257.0,343.0,"Under $15,000",11.2,1
1972,White Alone,60618000.0,55752,352,64257.0,343.0,"$15,000 to $24,999",9.6,2
1972,White Alone,60618000.0,55752,352,64257.0,343.0,"$25,000 to $34,999",9.5,3
1972,White Alone,60618000.0,55752,352,64257.0,343.0,"$35,000 to $49,999",14.6,4
1972,White Alone,60618000.0,55752,352,64257.0,343.0,"$50,000 to $74,999",23.2,5
1972,White Alone,60618000.0,55752,352,64257.0,343.0,"$75,000 to $99,999",15.4,6
1972,White Alone,60618000.0,55752,352,64257.0,343.0,"$100,000 to $149,999",11.7,7
1972,White Alone,60618000.0,55752,352,64257.0,343.0,"$150,000 to $199,999",2.9,8
1972,White Alone,60618000.0,55752,352,64257.0,343.0,"$200,000 and over",2.0,9
1971,White Alone,59463000.0,53303,334,60731.0,325.0,"Under $15,000",12.1,1
1971,White Alone,59463000.0,53303,334,60731.0,325.0,"$15,000 to $24,999",9.5,2
1971,White Alone,59463000.0,53303,334,60731.0,325.0,"$25,000 to $34,999",10.2,3
1971,White Alone,59463000.0,53303,334,60731.0,325.0,"$35,000 to $49,999",15.0,4
1971,White Alone,59463000.0,53303,334,60731.0,325.0,"$50,000 to $74,999",24.4,5
1971,White Alone,59463000.0,53303,334,60731.0,325.0,"$75,000 to $99,999",14.5,6
1971,White Alone,59463000.0,53303,334,60731.0,325.0,"$100,000 to $149,999",10.4,7
1971,White Alone,59463000.0,53303,334,60731.0,325.0,"$150,000 to $199,999",2.4,8
1971,White Alone,59463000.0,53303,334,60731.0,325.0,"$200,000 and over",1.5,9
1970,White Alone,57575000.0,53600,339,60988.0,330.0,"Under $15,000",12.1,1
1970,White Alone,57575000.0,53600,339,60988.0,330.0,"$15,000 to $24,999",9.4,2
1970,White Alone,57575000.0,53600,339,60988.0,330.0,"$25,000 to $34,999",9.3,3
1970,White Alone,57575000.0,53600,339,60988.0,330.0,"$35,000 to $49,999",15.5,4
1970,White Alone,57575000.0,53600,339,60988.0,330.0,"$50,000 to $74,999",24.9,5
1970,White Alone,57575000.0,53600,339,60988.0,330.0,"$75,000 to $99,999",14.3,6
1970,White Alone,57575000.0,53600,339,60988.0,330.0,"$100,000 to $149,999",10.5,7
1970,White Alone,57575000.0,53600,339,60988.0,330.0,"$150,000 to $199,999",2.3,8
1970,White Alone,57575000.0,53600,339,60988.0,330.0,"$200,000 and over",1.6,9
1969,White Alone,56248000.0,54126,325,61192.0,336.0,"Under $15,000",12.0,1
1969,White Alone,56248000.0,54126,325,61192.0,336.0,"$15,000 to $24,999",9.3,2
1969,White Alone,56248000.0,54126,325,61192.0,336.0,"$25,000 to $34,999",8.9,3
1969,White Alone,56248000.0,54126,325,61192.0,336.0,"$35,000 to $49,999",15.8,4
1969,White Alone,56248000.0,54126,325,61192.0,336.0,"$50,000 to $74,999",25.2,5
1969,White Alone,56248000.0,54126,325,61192.0,336.0,"$75,000 to $99,999",15.0,6
1969,White Alone,56248000.0,54126,325,61192.0,336.0,"$100,000 to $149,999",10.0,7
1969,White Alone,56248000.0,54126,325,61192.0,336.0,"$150,000 to $199,999",2.4,8
1969,White Alone,56248000.0,54126,325,61192.0,336.0,"$200,000 and over",1.5,9
1968,White Alone,55394000.0,52064,319,58606.0,319.0,"Under $15,000",12.3,1
1968,White Alone,55394000.0,52064,319,58606.0,319.0,"$15,000 to $24,999",9.3,2
1968,White Alone,55394000.0,52064,319,58606.0,319.0,"$25,000 to $34,999",9.8,3
1968,White Alone,55394000.0,52064,319,58606.0,319.0,"$35,000 to $49,999",16.5,4
1968,White Alone,55394000.0,52064,319,58606.0,319.0,"$50,000 to $74,999",25.7,5
1968,White Alone,55394000.0,52064,319,58606.0,319.0,"$75,000 to $99,999",14.5,6
1968,White Alone,55394000.0,52064,319,58606.0,319.0,"$100,000 to $149,999",8.8,7
1968,White Alone,55394000.0,52064,319,58606.0,319.0,"$150,000 to $199,999",1.9,8
1968,White Alone,55394000.0,52064,319,58606.0,319.0,"$200,000 and over",1.2,9
1967,White Alone,54188000.0,49992,298,55576.0,309.0,"Under $15,000",13.5,1
1967,White Alone,54188000.0,49992,298,55576.0,309.0,"$15,000 to $24,999",9.4,2
1967,White Alone,54188000.0,49992,298,55576.0,309.0,"$25,000 to $34,999",10.4,3
1967,White Alone,54188000.0,49992,298,55576.0,309.0,"$35,000 to $49,999",16.9,4
1967,White Alone,54188000.0,49992,298,55576.0,309.0,"$50,000 to $74,999",25.8,5
1967,White Alone,54188000.0,49992,298,55576.0,309.0,"$75,000 to $99,999",12.6,6
1967,White Alone,54188000.0,49992,298,55576.0,309.0,"$100,000 to $149,999",8.2,7
1967,White Alone,54188000.0,49992,298,55576.0,309.0,"$150,000 to $199,999",1.8,8
1967,White Alone,54188000.0,49992,298,55576.0,309.0,"$200,000 and over",1.3,9
2019,"White Alone, Not Hispanic",84868000.0,76057,876,106659.0,1359.0,"Under $15,000",7.3,1
2019,"White Alone, Not Hispanic",84868000.0,76057,876,106659.0,1359.0,"$15,000 to $24,999",7.3,2
2019,"White Alone, Not Hispanic",84868000.0,76057,876,106659.0,1359.0,"$25,000 to $34,999",7.5,3
2019,"White Alone, Not Hispanic",84868000.0,76057,876,106659.0,1359.0,"$35,000 to $49,999",11.0,4
2019,"White Alone, Not Hispanic",84868000.0,76057,876,106659.0,1359.0,"$50,000 to $74,999",16.2,5
2019,"White Alone, Not Hispanic",84868000.0,76057,876,106659.0,1359.0,"$75,000 to $99,999",12.8,6
2019,"White Alone, Not Hispanic",84868000.0,76057,876,106659.0,1359.0,"$100,000 to $149,999",16.8,7
2019,"White Alone, Not Hispanic",84868000.0,76057,876,106659.0,1359.0,"$150,000 to $199,999",9.3,8
2019,"White Alone, Not Hispanic",84868000.0,76057,876,106659.0,1359.0,"$200,000 and over",11.8,9
2018,"White Alone, Not Hispanic",84727000.0,71922,664,100041.0,1191.0,"Under $15,000",8.0,1
2018,"White Alone, Not Hispanic",84727000.0,71922,664,100041.0,1191.0,"$15,000 to $24,999",7.8,2
2018,"White Alone, Not Hispanic",84727000.0,71922,664,100041.0,1191.0,"$25,000 to $34,999",7.9,3
2018,"White Alone, Not Hispanic",84727000.0,71922,664,100041.0,1191.0,"$35,000 to $49,999",11.2,4
2018,"White Alone, Not Hispanic",84727000.0,71922,664,100041.0,1191.0,"$50,000 to $74,999",17.0,5
2018,"White Alone, Not Hispanic",84727000.0,71922,664,100041.0,1191.0,"$75,000 to $99,999",13.2,6
2018,"White Alone, Not Hispanic",84727000.0,71922,664,100041.0,1191.0,"$100,000 to $149,999",16.5,7
2018,"White Alone, Not Hispanic",84727000.0,71922,664,100041.0,1191.0,"$150,000 to $199,999",8.1,8
2018,"White Alone, Not Hispanic",84727000.0,71922,664,100041.0,1191.0,"$200,000 and over",10.3,9
2017,"White Alone, Not Hispanic",84681000.0,71071,1095,97466.0,1134.0,"Under $15,000",8.0,1
2017,"White Alone, Not Hispanic",84681000.0,71071,1095,97466.0,1134.0,"$15,000 to $24,999",8.5,2
2017,"White Alone, Not Hispanic",84681000.0,71071,1095,97466.0,1134.0,"$25,000 to $34,999",8.5,3
2017,"White Alone, Not Hispanic",84681000.0,71071,1095,97466.0,1134.0,"$35,000 to $49,999",11.2,4
2017,"White Alone, Not Hispanic",84681000.0,71071,1095,97466.0,1134.0,"$50,000 to $74,999",16.1,5
2017,"White Alone, Not Hispanic",84681000.0,71071,1095,97466.0,1134.0,"$75,000 to $99,999",13.1,6
2017,"White Alone, Not Hispanic",84681000.0,71071,1095,97466.0,1134.0,"$100,000 to $149,999",16.3,7
2017,"White Alone, Not Hispanic",84681000.0,71071,1095,97466.0,1134.0,"$150,000 to $199,999",8.5,8
2017,"White Alone, Not Hispanic",84681000.0,71071,1095,97466.0,1134.0,"$200,000 and over",9.8,9
2016,"White Alone, Not Hispanic",84387000.0,69292,894,95624.0,1067.0,"Under $15,000",8.4,1
2016,"White Alone, Not Hispanic",84387000.0,69292,894,95624.0,1067.0,"$15,000 to $24,999",8.2,2
2016,"White Alone, Not Hispanic",84387000.0,69292,894,95624.0,1067.0,"$25,000 to $34,999",8.5,3
2016,"White Alone, Not Hispanic",84387000.0,69292,894,95624.0,1067.0,"$35,000 to $49,999",11.8,4
2016,"White Alone, Not Hispanic",84387000.0,69292,894,95624.0,1067.0,"$50,000 to $74,999",16.6,5
2016,"White Alone, Not Hispanic",84387000.0,69292,894,95624.0,1067.0,"$75,000 to $99,999",12.6,6
2016,"White Alone, Not Hispanic",84387000.0,69292,894,95624.0,1067.0,"$100,000 to $149,999",16.5,7
2016,"White Alone, Not Hispanic",84387000.0,69292,894,95624.0,1067.0,"$150,000 to $199,999",8.0,8
2016,"White Alone, Not Hispanic",84387000.0,69292,894,95624.0,1067.0,"$200,000 and over",9.4,9
2015,"White Alone, Not Hispanic",84445000.0,67930,962,92355.0,943.0,"Under $15,000",8.2,1
2015,"White Alone, Not Hispanic",84445000.0,67930,962,92355.0,943.0,"$15,000 to $24,999",9.1,2
2015,"White Alone, Not Hispanic",84445000.0,67930,962,92355.0,943.0,"$25,000 to $34,999",8.9,3
2015,"White Alone, Not Hispanic",84445000.0,67930,962,92355.0,943.0,"$35,000 to $49,999",11.7,4
2015,"White Alone, Not Hispanic",84445000.0,67930,962,92355.0,943.0,"$50,000 to $74,999",16.1,5
2015,"White Alone, Not Hispanic",84445000.0,67930,962,92355.0,943.0,"$75,000 to $99,999",13.0,6
2015,"White Alone, Not Hispanic",84445000.0,67930,962,92355.0,943.0,"$100,000 to $149,999",16.7,7
2015,"White Alone, Not Hispanic",84445000.0,67930,962,92355.0,943.0,"$150,000 to $199,999",8.0,8
2015,"White Alone, Not Hispanic",84445000.0,67930,962,92355.0,943.0,"$200,000 and over",8.3,9
2014,"White Alone, Not Hispanic",84228000.0,65135,654,89142.0,1030.0,"Under $15,000",9.3,1
2014,"White Alone, Not Hispanic",84228000.0,65135,654,89142.0,1030.0,"$15,000 to $24,999",9.5,2
2014,"White Alone, Not Hispanic",84228000.0,65135,654,89142.0,1030.0,"$25,000 to $34,999",8.8,3
2014,"White Alone, Not Hispanic",84228000.0,65135,654,89142.0,1030.0,"$35,000 to $49,999",12.0,4
2014,"White Alone, Not Hispanic",84228000.0,65135,654,89142.0,1030.0,"$50,000 to $74,999",16.6,5
2014,"White Alone, Not Hispanic",84228000.0,65135,654,89142.0,1030.0,"$75,000 to $99,999",12.8,6
2014,"White Alone, Not Hispanic",84228000.0,65135,654,89142.0,1030.0,"$100,000 to $149,999",15.4,7
2014,"White Alone, Not Hispanic",84228000.0,65135,654,89142.0,1030.0,"$150,000 to $199,999",7.5,8
2014,"White Alone, Not Hispanic",84228000.0,65135,654,89142.0,1030.0,"$200,000 and over",8.0,9
2013,"White Alone, Not Hispanic",84432000.0,66318,964,89292.0,1533.0,"Under $15,000",9.2,1
2013,"White Alone, Not Hispanic",84432000.0,66318,964,89292.0,1533.0,"$15,000 to $24,999",9.4,2
2013,"White Alone, Not Hispanic",84432000.0,66318,964,89292.0,1533.0,"$25,000 to $34,999",8.6,3
2013,"White Alone, Not Hispanic",84432000.0,66318,964,89292.0,1533.0,"$35,000 to $49,999",11.7,4
2013,"White Alone, Not Hispanic",84432000.0,66318,964,89292.0,1533.0,"$50,000 to $74,999",17.2,5
2013,"White Alone, Not Hispanic",84432000.0,66318,964,89292.0,1533.0,"$75,000 to $99,999",13.2,6
2013,"White Alone, Not Hispanic",84432000.0,66318,964,89292.0,1533.0,"$100,000 to $149,999",15.2,7
2013,"White Alone, Not Hispanic",84432000.0,66318,964,89292.0,1533.0,"$150,000 to $199,999",7.6,8
2013,"White Alone, Not Hispanic",84432000.0,66318,964,89292.0,1533.0,"$200,000 and over",8.0,9
2012,"White Alone, Not Hispanic",83792000.0,63597,659,86838.0,945.0,"Under $15,000",8.8,1
2012,"White Alone, Not Hispanic",83792000.0,63597,659,86838.0,945.0,"$15,000 to $24,999",9.8,2
2012,"White Alone, Not Hispanic",83792000.0,63597,659,86838.0,945.0,"$25,000 to $34,999",9.4,3
2012,"White Alone, Not Hispanic",83792000.0,63597,659,86838.0,945.0,"$35,000 to $49,999",12.1,4
2012,"White Alone, Not Hispanic",83792000.0,63597,659,86838.0,945.0,"$50,000 to $74,999",17.5,5
2012,"White Alone, Not Hispanic",83792000.0,63597,659,86838.0,945.0,"$75,000 to $99,999",13.0,6
2012,"White Alone, Not Hispanic",83792000.0,63597,659,86838.0,945.0,"$100,000 to $149,999",15.4,7
2012,"White Alone, Not Hispanic",83792000.0,63597,659,86838.0,945.0,"$150,000 to $199,999",7.2,8
2012,"White Alone, Not Hispanic",83792000.0,63597,659,86838.0,945.0,"$200,000 and over",6.9,9
2011,"White Alone, Not Hispanic",83573000.0,63124,615,86650.0,896.0,"Under $15,000",9.0,1
2011,"White Alone, Not Hispanic",83573000.0,63124,615,86650.0,896.0,"$15,000 to $24,999",9.3,2
2011,"White Alone, Not Hispanic",83573000.0,63124,615,86650.0,896.0,"$25,000 to $34,999",9.5,3
2011,"White Alone, Not Hispanic",83573000.0,63124,615,86650.0,896.0,"$35,000 to $49,999",12.7,4
2011,"White Alone, Not Hispanic",83573000.0,63124,615,86650.0,896.0,"$50,000 to $74,999",17.5,5
2011,"White Alone, Not Hispanic",83573000.0,63124,615,86650.0,896.0,"$75,000 to $99,999",12.7,6
2011,"White Alone, Not Hispanic",83573000.0,63124,615,86650.0,896.0,"$100,000 to $149,999",15.3,7
2011,"White Alone, Not Hispanic",83573000.0,63124,615,86650.0,896.0,"$150,000 to $199,999",7.1,8
2011,"White Alone, Not Hispanic",83573000.0,63124,615,86650.0,896.0,"$200,000 and over",6.9,9
2010,"White Alone, Not Hispanic",83314000.0,63996,862,86173.0,889.0,"Under $15,000",8.7,1
2010,"White Alone, Not Hispanic",83314000.0,63996,862,86173.0,889.0,"$15,000 to $24,999",10.0,2
2010,"White Alone, Not Hispanic",83314000.0,63996,862,86173.0,889.0,"$25,000 to $34,999",8.7,3
2010,"White Alone, Not Hispanic",83314000.0,63996,862,86173.0,889.0,"$35,000 to $49,999",12.8,4
2010,"White Alone, Not Hispanic",83314000.0,63996,862,86173.0,889.0,"$50,000 to $74,999",17.0,5
2010,"White Alone, Not Hispanic",83314000.0,63996,862,86173.0,889.0,"$75,000 to $99,999",13.0,6
2010,"White Alone, Not Hispanic",83314000.0,63996,862,86173.0,889.0,"$100,000 to $149,999",15.8,7
2010,"White Alone, Not Hispanic",83314000.0,63996,862,86173.0,889.0,"$150,000 to $199,999",7.0,8
2010,"White Alone, Not Hispanic",83314000.0,63996,862,86173.0,889.0,"$200,000 and over",7.0,9
2009,"White Alone, Not Hispanic",83158000.0,65053,548,87484.0,588.0,"Under $15,000",8.2,1
2009,"White Alone, Not Hispanic",83158000.0,65053,548,87484.0,588.0,"$15,000 to $24,999",9.0,2
2009,"White Alone, Not Hispanic",83158000.0,65053,548,87484.0,588.0,"$25,000 to $34,999",9.1,3
2009,"White Alone, Not Hispanic",83158000.0,65053,548,87484.0,588.0,"$35,000 to $49,999",12.8,4
2009,"White Alone, Not Hispanic",83158000.0,65053,548,87484.0,588.0,"$50,000 to $74,999",17.7,5
2009,"White Alone, Not Hispanic",83158000.0,65053,548,87484.0,588.0,"$75,000 to $99,999",13.1,6
2009,"White Alone, Not Hispanic",83158000.0,65053,548,87484.0,588.0,"$100,000 to $149,999",15.9,7
2009,"White Alone, Not Hispanic",83158000.0,65053,548,87484.0,588.0,"$150,000 to $199,999",7.1,8
2009,"White Alone, Not Hispanic",83158000.0,65053,548,87484.0,588.0,"$200,000 and over",6.9,9
2008,"White Alone, Not Hispanic",82884000.0,66099,441,88206.0,593.0,"Under $15,000",8.3,1
2008,"White Alone, Not Hispanic",82884000.0,66099,441,88206.0,593.0,"$15,000 to $24,999",9.2,2
2008,"White Alone, Not Hispanic",82884000.0,66099,441,88206.0,593.0,"$25,000 to $34,999",8.8,3
2008,"White Alone, Not Hispanic",82884000.0,66099,441,88206.0,593.0,"$35,000 to $49,999",12.5,4
2008,"White Alone, Not Hispanic",82884000.0,66099,441,88206.0,593.0,"$50,000 to $74,999",17.1,5
2008,"White Alone, Not Hispanic",82884000.0,66099,441,88206.0,593.0,"$75,000 to $99,999",13.4,6
2008,"White Alone, Not Hispanic",82884000.0,66099,441,88206.0,593.0,"$100,000 to $149,999",16.6,7
2008,"White Alone, Not Hispanic",82884000.0,66099,441,88206.0,593.0,"$150,000 to $199,999",7.1,8
2008,"White Alone, Not Hispanic",82884000.0,66099,441,88206.0,593.0,"$200,000 and over",7.0,9
2007,"White Alone, Not Hispanic",82765000.0,67884,502,90456.0,600.0,"Under $15,000",7.9,1
2007,"White Alone, Not Hispanic",82765000.0,67884,502,90456.0,600.0,"$15,000 to $24,999",9.2,2
2007,"White Alone, Not Hispanic",82765000.0,67884,502,90456.0,600.0,"$25,000 to $34,999",8.5,3
2007,"White Alone, Not Hispanic",82765000.0,67884,502,90456.0,600.0,"$35,000 to $49,999",12.0,4
2007,"White Alone, Not Hispanic",82765000.0,67884,502,90456.0,600.0,"$50,000 to $74,999",17.3,5
2007,"White Alone, Not Hispanic",82765000.0,67884,502,90456.0,600.0,"$75,000 to $99,999",13.2,6
2007,"White Alone, Not Hispanic",82765000.0,67884,502,90456.0,600.0,"$100,000 to $149,999",16.9,7
2007,"White Alone, Not Hispanic",82765000.0,67884,502,90456.0,600.0,"$150,000 to $199,999",7.6,8
2007,"White Alone, Not Hispanic",82765000.0,67884,502,90456.0,600.0,"$200,000 and over",7.5,9
2006,"White Alone, Not Hispanic",82675000.0,66635,393,91195.0,663.0,"Under $15,000",7.6,1
2006,"White Alone, Not Hispanic",82675000.0,66635,393,91195.0,663.0,"$15,000 to $24,999",8.8,2
2006,"White Alone, Not Hispanic",82675000.0,66635,393,91195.0,663.0,"$25,000 to $34,999",8.8,3
2006,"White Alone, Not Hispanic",82675000.0,66635,393,91195.0,663.0,"$35,000 to $49,999",12.4,4
2006,"White Alone, Not Hispanic",82675000.0,66635,393,91195.0,663.0,"$50,000 to $74,999",17.4,5
2006,"White Alone, Not Hispanic",82675000.0,66635,393,91195.0,663.0,"$75,000 to $99,999",13.4,6
2006,"White Alone, Not Hispanic",82675000.0,66635,393,91195.0,663.0,"$100,000 to $149,999",16.5,7
2006,"White Alone, Not Hispanic",82675000.0,66635,393,91195.0,663.0,"$150,000 to $199,999",7.4,8
2006,"White Alone, Not Hispanic",82675000.0,66635,393,91195.0,663.0,"$200,000 and over",7.6,9
2005,"White Alone, Not Hispanic",82003000.0,66644,371,90028.0,654.0,"Under $15,000",8.1,1
2005,"White Alone, Not Hispanic",82003000.0,66644,371,90028.0,654.0,"$15,000 to $24,999",9.0,2
2005,"White Alone, Not Hispanic",82003000.0,66644,371,90028.0,654.0,"$25,000 to $34,999",8.9,3
2005,"White Alone, Not Hispanic",82003000.0,66644,371,90028.0,654.0,"$35,000 to $49,999",12.2,4
2005,"White Alone, Not Hispanic",82003000.0,66644,371,90028.0,654.0,"$50,000 to $74,999",17.5,5
2005,"White Alone, Not Hispanic",82003000.0,66644,371,90028.0,654.0,"$75,000 to $99,999",13.7,6
2005,"White Alone, Not Hispanic",82003000.0,66644,371,90028.0,654.0,"$100,000 to $149,999",16.1,7
2005,"White Alone, Not Hispanic",82003000.0,66644,371,90028.0,654.0,"$150,000 to $199,999",7.3,8
2005,"White Alone, Not Hispanic",82003000.0,66644,371,90028.0,654.0,"$200,000 and over",7.2,9
2004,"White Alone, Not Hispanic",81628000.0,66359,500,88539.0,634.0,"Under $15,000",8.3,1
2004,"White Alone, Not Hispanic",81628000.0,66359,500,88539.0,634.0,"$15,000 to $24,999",9.1,2
2004,"White Alone, Not Hispanic",81628000.0,66359,500,88539.0,634.0,"$25,000 to $34,999",9.1,3
2004,"White Alone, Not Hispanic",81628000.0,66359,500,88539.0,634.0,"$35,000 to $49,999",12.2,4
2004,"White Alone, Not Hispanic",81628000.0,66359,500,88539.0,634.0,"$50,000 to $74,999",17.3,5
2004,"White Alone, Not Hispanic",81628000.0,66359,500,88539.0,634.0,"$75,000 to $99,999",13.3,6
2004,"White Alone, Not Hispanic",81628000.0,66359,500,88539.0,634.0,"$100,000 to $149,999",16.6,7
2004,"White Alone, Not Hispanic",81628000.0,66359,500,88539.0,634.0,"$150,000 to $199,999",7.1,8
2004,"White Alone, Not Hispanic",81628000.0,66359,500,88539.0,634.0,"$200,000 and over",7.1,9
2003,"White Alone, Not Hispanic",81148000.0,66573,529,89021.0,621.0,"Under $15,000",8.3,1
2003,"White Alone, Not Hispanic",81148000.0,66573,529,89021.0,621.0,"$15,000 to $24,999",9.0,2
2003,"White Alone, Not Hispanic",81148000.0,66573,529,89021.0,621.0,"$25,000 to $34,999",9.0,3
2003,"White Alone, Not Hispanic",81148000.0,66573,529,89021.0,621.0,"$35,000 to $49,999",12.0,4
2003,"White Alone, Not Hispanic",81148000.0,66573,529,89021.0,621.0,"$50,000 to $74,999",17.3,5
2003,"White Alone, Not Hispanic",81148000.0,66573,529,89021.0,621.0,"$75,000 to $99,999",13.3,6
2003,"White Alone, Not Hispanic",81148000.0,66573,529,89021.0,621.0,"$100,000 to $149,999",16.8,7
2003,"White Alone, Not Hispanic",81148000.0,66573,529,89021.0,621.0,"$150,000 to $199,999",7.2,8
2003,"White Alone, Not Hispanic",81148000.0,66573,529,89021.0,621.0,"$200,000 and over",7.2,9
2002,"White Alone, Not Hispanic",81166000.0,66835,431,88517.0,619.0,"Under $15,000",8.1,1
2002,"White Alone, Not Hispanic",81166000.0,66835,431,88517.0,619.0,"$15,000 to $24,999",9.1,2
2002,"White Alone, Not Hispanic",81166000.0,66835,431,88517.0,619.0,"$25,000 to $34,999",8.5,3
2002,"White Alone, Not Hispanic",81166000.0,66835,431,88517.0,619.0,"$35,000 to $49,999",12.4,4
2002,"White Alone, Not Hispanic",81166000.0,66835,431,88517.0,619.0,"$50,000 to $74,999",17.5,5
2002,"White Alone, Not Hispanic",81166000.0,66835,431,88517.0,619.0,"$75,000 to $99,999",13.3,6
2002,"White Alone, Not Hispanic",81166000.0,66835,431,88517.0,619.0,"$100,000 to $149,999",17.2,7
2002,"White Alone, Not Hispanic",81166000.0,66835,431,88517.0,619.0,"$150,000 to $199,999",7.0,8
2002,"White Alone, Not Hispanic",81166000.0,66835,431,88517.0,619.0,"$200,000 and over",6.8,9
2001,"White Alone, Not Hispanic",80818000.0,67027,457,90389.0,674.0,"Under $15,000",7.9,1
2001,"White Alone, Not Hispanic",80818000.0,67027,457,90389.0,674.0,"$15,000 to $24,999",9.0,2
2001,"White Alone, Not Hispanic",80818000.0,67027,457,90389.0,674.0,"$25,000 to $34,999",8.6,3
2001,"White Alone, Not Hispanic",80818000.0,67027,457,90389.0,674.0,"$35,000 to $49,999",12.3,4
2001,"White Alone, Not Hispanic",80818000.0,67027,457,90389.0,674.0,"$50,000 to $74,999",17.7,5
2001,"White Alone, Not Hispanic",80818000.0,67027,457,90389.0,674.0,"$75,000 to $99,999",13.4,6
2001,"White Alone, Not Hispanic",80818000.0,67027,457,90389.0,674.0,"$100,000 to $149,999",16.9,7
2001,"White Alone, Not Hispanic",80818000.0,67027,457,90389.0,674.0,"$150,000 to $199,999",7.1,8
2001,"White Alone, Not Hispanic",80818000.0,67027,457,90389.0,674.0,"$200,000 and over",7.2,9
2000,"White Alone, Not Hispanic",80527000.0,67920,448,90897.0,671.0,"Under $15,000",7.7,1
2000,"White Alone, Not Hispanic",80527000.0,67920,448,90897.0,671.0,"$15,000 to $24,999",8.7,2
2000,"White Alone, Not Hispanic",80527000.0,67920,448,90897.0,671.0,"$25,000 to $34,999",8.3,3
2000,"White Alone, Not Hispanic",80527000.0,67920,448,90897.0,671.0,"$35,000 to $49,999",12.7,4
2000,"White Alone, Not Hispanic",80527000.0,67920,448,90897.0,671.0,"$50,000 to $74,999",17.5,5
2000,"White Alone, Not Hispanic",80527000.0,67920,448,90897.0,671.0,"$75,000 to $99,999",13.7,6
2000,"White Alone, Not Hispanic",80527000.0,67920,448,90897.0,671.0,"$100,000 to $149,999",16.8,7
2000,"White Alone, Not Hispanic",80527000.0,67920,448,90897.0,671.0,"$150,000 to $199,999",7.6,8
2000,"White Alone, Not Hispanic",80527000.0,67920,448,90897.0,671.0,"$200,000 and over",7.1,9
1999,"White Alone, Not Hispanic",79819000.0,67969,706,90178.0,879.0,"Under $15,000",7.2,1
1999,"White Alone, Not Hispanic",79819000.0,67969,706,90178.0,879.0,"$15,000 to $24,999",8.9,2
1999,"White Alone, Not Hispanic",79819000.0,67969,706,90178.0,879.0,"$25,000 to $34,999",8.7,3
1999,"White Alone, Not Hispanic",79819000.0,67969,706,90178.0,879.0,"$35,000 to $49,999",12.4,4
1999,"White Alone, Not Hispanic",79819000.0,67969,706,90178.0,879.0,"$50,000 to $74,999",17.5,5
1999,"White Alone, Not Hispanic",79819000.0,67969,706,90178.0,879.0,"$75,000 to $99,999",13.9,6
1999,"White Alone, Not Hispanic",79819000.0,67969,706,90178.0,879.0,"$100,000 to $149,999",17.0,7
1999,"White Alone, Not Hispanic",79819000.0,67969,706,90178.0,879.0,"$150,000 to $199,999",7.3,8
1999,"White Alone, Not Hispanic",79819000.0,67969,706,90178.0,879.0,"$200,000 and over",7.2,9
1998,"White Alone, Not Hispanic",78577000.0,66715,631,87944.0,884.0,"Under $15,000",7.6,1
1998,"White Alone, Not Hispanic",78577000.0,66715,631,87944.0,884.0,"$15,000 to $24,999",8.8,2
1998,"White Alone, Not Hispanic",78577000.0,66715,631,87944.0,884.0,"$25,000 to $34,999",8.6,3
1998,"White Alone, Not Hispanic",78577000.0,66715,631,87944.0,884.0,"$35,000 to $49,999",12.5,4
1998,"White Alone, Not Hispanic",78577000.0,66715,631,87944.0,884.0,"$50,000 to $74,999",17.7,5
1998,"White Alone, Not Hispanic",78577000.0,66715,631,87944.0,884.0,"$75,000 to $99,999",14.6,6
1998,"White Alone, Not Hispanic",78577000.0,66715,631,87944.0,884.0,"$100,000 to $149,999",16.8,7
1998,"White Alone, Not Hispanic",78577000.0,66715,631,87944.0,884.0,"$150,000 to $199,999",7.0,8
1998,"White Alone, Not Hispanic",78577000.0,66715,631,87944.0,884.0,"$200,000 and over",6.4,9
1997,"White Alone, Not Hispanic",77936000.0,64652,556,85346.0,,"Under $15,000",8.1,1
1997,"White Alone, Not Hispanic",77936000.0,64652,556,85346.0,,"$15,000 to $24,999",9.4,2
1997,"White Alone, Not Hispanic",77936000.0,64652,556,85346.0,,"$25,000 to $34,999",8.9,3
1997,"White Alone, Not Hispanic",77936000.0,64652,556,85346.0,,"$35,000 to $49,999",12.7,4
1997,"White Alone, Not Hispanic",77936000.0,64652,556,85346.0,,"$50,000 to $74,999",18.1,5
1997,"White Alone, Not Hispanic",77936000.0,64652,556,85346.0,,"$75,000 to $99,999",14.1,6
1997,"White Alone, Not Hispanic",77936000.0,64652,556,85346.0,,"$100,000 to $149,999",16.2,7
1997,"White Alone, Not Hispanic",77936000.0,64652,556,85346.0,,"$150,000 to $199,999",6.5,8
1997,"White Alone, Not Hispanic",77936000.0,64652,556,85346.0,,"$200,000 and over",6.0,9
1996,"White Alone, Not Hispanic",77240000.0,63136,712,82163.0,,"Under $15,000",8.4,1
1996,"White Alone, Not Hispanic",77240000.0,63136,712,82163.0,,"$15,000 to $24,999",9.6,2
1996,"White Alone, Not Hispanic",77240000.0,63136,712,82163.0,,"$25,000 to $34,999",9.1,3
1996,"White Alone, Not Hispanic",77240000.0,63136,712,82163.0,,"$35,000 to $49,999",13.3,4
1996,"White Alone, Not Hispanic",77240000.0,63136,712,82163.0,,"$50,000 to $74,999",18.2,5
1996,"White Alone, Not Hispanic",77240000.0,63136,712,82163.0,,"$75,000 to $99,999",14.4,6
1996,"White Alone, Not Hispanic",77240000.0,63136,712,82163.0,,"$100,000 to $149,999",15.8,7
1996,"White Alone, Not Hispanic",77240000.0,63136,712,82163.0,,"$150,000 to $199,999",6.1,8
1996,"White Alone, Not Hispanic",77240000.0,63136,712,82163.0,,"$200,000 and over",5.3,9
1995,"White Alone, Not Hispanic",76932000.0,62128,533,80636.0,794.0,"Under $15,000",8.1,1
1995,"White Alone, Not Hispanic",76932000.0,62128,533,80636.0,794.0,"$15,000 to $24,999",9.5,2
1995,"White Alone, Not Hispanic",76932000.0,62128,533,80636.0,794.0,"$25,000 to $34,999",9.6,3
1995,"White Alone, Not Hispanic",76932000.0,62128,533,80636.0,794.0,"$35,000 to $49,999",12.8,4
1995,"White Alone, Not Hispanic",76932000.0,62128,533,80636.0,794.0,"$50,000 to $74,999",19.3,5
1995,"White Alone, Not Hispanic",76932000.0,62128,533,80636.0,794.0,"$75,000 to $99,999",14.2,6
1995,"White Alone, Not Hispanic",76932000.0,62128,533,80636.0,794.0,"$100,000 to $149,999",15.6,7
1995,"White Alone, Not Hispanic",76932000.0,62128,533,80636.0,794.0,"$150,000 to $199,999",5.9,8
1995,"White Alone, Not Hispanic",76932000.0,62128,533,80636.0,794.0,"$200,000 and over",5.0,9
1994,"White Alone, Not Hispanic",77004000.0,60113,524,79032.0,771.0,"Under $15,000",8.9,1
1994,"White Alone, Not Hispanic",77004000.0,60113,524,79032.0,771.0,"$15,000 to $24,999",10.0,2
1994,"White Alone, Not Hispanic",77004000.0,60113,524,79032.0,771.0,"$25,000 to $34,999",9.7,3
1994,"White Alone, Not Hispanic",77004000.0,60113,524,79032.0,771.0,"$35,000 to $49,999",13.2,4
1994,"White Alone, Not Hispanic",77004000.0,60113,524,79032.0,771.0,"$50,000 to $74,999",19.0,5
1994,"White Alone, Not Hispanic",77004000.0,60113,524,79032.0,771.0,"$75,000 to $99,999",13.5,6
1994,"White Alone, Not Hispanic",77004000.0,60113,524,79032.0,771.0,"$100,000 to $149,999",15.2,7
1994,"White Alone, Not Hispanic",77004000.0,60113,524,79032.0,771.0,"$150,000 to $199,999",5.7,8
1994,"White Alone, Not Hispanic",77004000.0,60113,524,79032.0,771.0,"$200,000 and over",4.8,9
1993,"White Alone, Not Hispanic",75697000.0,59704,575,77617.0,762.0,"Under $15,000",9.4,1
1993,"White Alone, Not Hispanic",75697000.0,59704,575,77617.0,762.0,"$15,000 to $24,999",9.7,2
1993,"White Alone, Not Hispanic",75697000.0,59704,575,77617.0,762.0,"$25,000 to $34,999",9.5,3
1993,"White Alone, Not Hispanic",75697000.0,59704,575,77617.0,762.0,"$35,000 to $49,999",13.5,4
1993,"White Alone, Not Hispanic",75697000.0,59704,575,77617.0,762.0,"$50,000 to $74,999",19.1,5
1993,"White Alone, Not Hispanic",75697000.0,59704,575,77617.0,762.0,"$75,000 to $99,999",14.1,6
1993,"White Alone, Not Hispanic",75697000.0,59704,575,77617.0,762.0,"$100,000 to $149,999",14.8,7
1993,"White Alone, Not Hispanic",75697000.0,59704,575,77617.0,762.0,"$150,000 to $199,999",5.5,8
1993,"White Alone, Not Hispanic",75697000.0,59704,575,77617.0,762.0,"$200,000 and over",4.5,9
1992,"White Alone, Not Hispanic",75107000.0,59627,607,74557.0,566.0,"Under $15,000",9.2,1
1992,"White Alone, Not Hispanic",75107000.0,59627,607,74557.0,566.0,"$15,000 to $24,999",9.8,2
1992,"White Alone, Not Hispanic",75107000.0,59627,607,74557.0,566.0,"$25,000 to $34,999",9.7,3
1992,"White Alone, Not Hispanic",75107000.0,59627,607,74557.0,566.0,"$35,000 to $49,999",13.3,4
1992,"White Alone, Not Hispanic",75107000.0,59627,607,74557.0,566.0,"$50,000 to $74,999",19.3,5
1992,"White Alone, Not Hispanic",75107000.0,59627,607,74557.0,566.0,"$75,000 to $99,999",14.5,6
1992,"White Alone, Not Hispanic",75107000.0,59627,607,74557.0,566.0,"$100,000 to $149,999",14.9,7
1992,"White Alone, Not Hispanic",75107000.0,59627,607,74557.0,566.0,"$150,000 to $199,999",5.3,8
1992,"White Alone, Not Hispanic",75107000.0,59627,607,74557.0,566.0,"$200,000 and over",4.0,9
1991,"White Alone, Not Hispanic",75625000.0,59335,480,74109.0,544.0,"Under $15,000",9.2,1
1991,"White Alone, Not Hispanic",75625000.0,59335,480,74109.0,544.0,"$15,000 to $24,999",9.6,2
1991,"White Alone, Not Hispanic",75625000.0,59335,480,74109.0,544.0,"$25,000 to $34,999",9.4,3
1991,"White Alone, Not Hispanic",75625000.0,59335,480,74109.0,544.0,"$35,000 to $49,999",13.9,4
1991,"White Alone, Not Hispanic",75625000.0,59335,480,74109.0,544.0,"$50,000 to $74,999",19.6,5
1991,"White Alone, Not Hispanic",75625000.0,59335,480,74109.0,544.0,"$75,000 to $99,999",14.3,6
1991,"White Alone, Not Hispanic",75625000.0,59335,480,74109.0,544.0,"$100,000 to $149,999",15.0,7
1991,"White Alone, Not Hispanic",75625000.0,59335,480,74109.0,544.0,"$150,000 to $199,999",5.4,8
1991,"White Alone, Not Hispanic",75625000.0,59335,480,74109.0,544.0,"$200,000 and over",3.7,9
1990,"White Alone, Not Hispanic",75035000.0,60775,466,75669.0,563.0,"Under $15,000",8.8,1
1990,"White Alone, Not Hispanic",75035000.0,60775,466,75669.0,563.0,"$15,000 to $24,999",9.2,2
1990,"White Alone, Not Hispanic",75035000.0,60775,466,75669.0,563.0,"$25,000 to $34,999",9.2,3
1990,"White Alone, Not Hispanic",75035000.0,60775,466,75669.0,563.0,"$35,000 to $49,999",13.8,4
1990,"White Alone, Not Hispanic",75035000.0,60775,466,75669.0,563.0,"$50,000 to $74,999",20.0,5
1990,"White Alone, Not Hispanic",75035000.0,60775,466,75669.0,563.0,"$75,000 to $99,999",14.5,6
1990,"White Alone, Not Hispanic",75035000.0,60775,466,75669.0,563.0,"$100,000 to $149,999",15.1,7
1990,"White Alone, Not Hispanic",75035000.0,60775,466,75669.0,563.0,"$150,000 to $199,999",5.3,8
1990,"White Alone, Not Hispanic",75035000.0,60775,466,75669.0,563.0,"$200,000 and over",4.1,9
1989,"White Alone, Not Hispanic",74495000.0,62005,499,77462.0,624.0,"Under $15,000",8.5,1
1989,"White Alone, Not Hispanic",74495000.0,62005,499,77462.0,624.0,"$15,000 to $24,999",9.4,2
1989,"White Alone, Not Hispanic",74495000.0,62005,499,77462.0,624.0,"$25,000 to $34,999",9.2,3
1989,"White Alone, Not Hispanic",74495000.0,62005,499,77462.0,624.0,"$35,000 to $49,999",13.1,4
1989,"White Alone, Not Hispanic",74495000.0,62005,499,77462.0,624.0,"$50,000 to $74,999",19.6,5
1989,"White Alone, Not Hispanic",74495000.0,62005,499,77462.0,624.0,"$75,000 to $99,999",14.7,6
1989,"White Alone, Not Hispanic",74495000.0,62005,499,77462.0,624.0,"$100,000 to $149,999",15.4,7
1989,"White Alone, Not Hispanic",74495000.0,62005,499,77462.0,624.0,"$150,000 to $199,999",5.6,8
1989,"White Alone, Not Hispanic",74495000.0,62005,499,77462.0,624.0,"$200,000 and over",4.4,9
1988,"White Alone, Not Hispanic",74067000.0,61619,596,75408.0,583.0,"Under $15,000",9.1,1
1988,"White Alone, Not Hispanic",74067000.0,61619,596,75408.0,583.0,"$15,000 to $24,999",8.7,2
1988,"White Alone, Not Hispanic",74067000.0,61619,596,75408.0,583.0,"$25,000 to $34,999",9.5,3
1988,"White Alone, Not Hispanic",74067000.0,61619,596,75408.0,583.0,"$35,000 to $49,999",12.9,4
1988,"White Alone, Not Hispanic",74067000.0,61619,596,75408.0,583.0,"$50,000 to $74,999",20.1,5
1988,"White Alone, Not Hispanic",74067000.0,61619,596,75408.0,583.0,"$75,000 to $99,999",14.8,6
1988,"White Alone, Not Hispanic",74067000.0,61619,596,75408.0,583.0,"$100,000 to $149,999",15.6,7
1988,"White Alone, Not Hispanic",74067000.0,61619,596,75408.0,583.0,"$150,000 to $199,999",5.3,8
1988,"White Alone, Not Hispanic",74067000.0,61619,596,75408.0,583.0,"$200,000 and over",4.0,9
1987,"White Alone, Not Hispanic",73120000.0,60907,558,74385.0,568.0,"Under $15,000",9.2,1
1987,"White Alone, Not Hispanic",73120000.0,60907,558,74385.0,568.0,"$15,000 to $24,999",9.1,2
1987,"White Alone, Not Hispanic",73120000.0,60907,558,74385.0,568.0,"$25,000 to $34,999",9.5,3
1987,"White Alone, Not Hispanic",73120000.0,60907,558,74385.0,568.0,"$35,000 to $49,999",13.3,4
1987,"White Alone, Not Hispanic",73120000.0,60907,558,74385.0,568.0,"$50,000 to $74,999",19.6,5
1987,"White Alone, Not Hispanic",73120000.0,60907,558,74385.0,568.0,"$75,000 to $99,999",15.2,6
1987,"White Alone, Not Hispanic",73120000.0,60907,558,74385.0,568.0,"$100,000 to $149,999",15.2,7
1987,"White Alone, Not Hispanic",73120000.0,60907,558,74385.0,568.0,"$150,000 to $199,999",5.1,8
1987,"White Alone, Not Hispanic",73120000.0,60907,558,74385.0,568.0,"$200,000 and over",3.7,9
1986,"White Alone, Not Hispanic",72067000.0,59780,507,72969.0,551.0,"Under $15,000",9.9,1
1986,"White Alone, Not Hispanic",72067000.0,59780,507,72969.0,551.0,"$15,000 to $24,999",9.2,2
1986,"White Alone, Not Hispanic",72067000.0,59780,507,72969.0,551.0,"$25,000 to $34,999",9.4,3
1986,"White Alone, Not Hispanic",72067000.0,59780,507,72969.0,551.0,"$35,000 to $49,999",13.5,4
1986,"White Alone, Not Hispanic",72067000.0,59780,507,72969.0,551.0,"$50,000 to $74,999",20.0,5
1986,"White Alone, Not Hispanic",72067000.0,59780,507,72969.0,551.0,"$75,000 to $99,999",14.8,6
1986,"White Alone, Not Hispanic",72067000.0,59780,507,72969.0,551.0,"$100,000 to $149,999",14.9,7
1986,"White Alone, Not Hispanic",72067000.0,59780,507,72969.0,551.0,"$150,000 to $199,999",4.9,8
1986,"White Alone, Not Hispanic",72067000.0,59780,507,72969.0,551.0,"$200,000 and over",3.6,9
1985,"White Alone, Not Hispanic",71540000.0,57868,486,70092.0,523.0,"Under $15,000",10.1,1
1985,"White Alone, Not Hispanic",71540000.0,57868,486,70092.0,523.0,"$15,000 to $24,999",9.6,2
1985,"White Alone, Not Hispanic",71540000.0,57868,486,70092.0,523.0,"$25,000 to $34,999",9.7,3
1985,"White Alone, Not Hispanic",71540000.0,57868,486,70092.0,523.0,"$35,000 to $49,999",14.1,4
1985,"White Alone, Not Hispanic",71540000.0,57868,486,70092.0,523.0,"$50,000 to $74,999",20.4,5
1985,"White Alone, Not Hispanic",71540000.0,57868,486,70092.0,523.0,"$75,000 to $99,999",14.5,6
1985,"White Alone, Not Hispanic",71540000.0,57868,486,70092.0,523.0,"$100,000 to $149,999",14.2,7
1985,"White Alone, Not Hispanic",71540000.0,57868,486,70092.0,523.0,"$150,000 to $199,999",4.4,8
1985,"White Alone, Not Hispanic",71540000.0,57868,486,70092.0,523.0,"$200,000 and over",3.0,9
1984,"White Alone, Not Hispanic",70586000.0,56729,518,68376.0,503.0,"Under $15,000",10.0,1
1984,"White Alone, Not Hispanic",70586000.0,56729,518,68376.0,503.0,"$15,000 to $24,999",9.9,2
1984,"White Alone, Not Hispanic",70586000.0,56729,518,68376.0,503.0,"$25,000 to $34,999",9.7,3
1984,"White Alone, Not Hispanic",70586000.0,56729,518,68376.0,503.0,"$35,000 to $49,999",14.7,4
1984,"White Alone, Not Hispanic",70586000.0,56729,518,68376.0,503.0,"$50,000 to $74,999",20.4,5
1984,"White Alone, Not Hispanic",70586000.0,56729,518,68376.0,503.0,"$75,000 to $99,999",14.7,6
1984,"White Alone, Not Hispanic",70586000.0,56729,518,68376.0,503.0,"$100,000 to $149,999",13.7,7
1984,"White Alone, Not Hispanic",70586000.0,56729,518,68376.0,503.0,"$150,000 to $199,999",4.2,8
1984,"White Alone, Not Hispanic",70586000.0,56729,518,68376.0,503.0,"$200,000 and over",2.8,9
1983,"White Alone, Not Hispanic",69648000.0,54994,455,66463.0,467.0,"Under $15,000",10.4,1
1983,"White Alone, Not Hispanic",69648000.0,54994,455,66463.0,467.0,"$15,000 to $24,999",10.0,2
1983,"White Alone, Not Hispanic",69648000.0,54994,455,66463.0,467.0,"$25,000 to $34,999",10.2,3
1983,"White Alone, Not Hispanic",69648000.0,54994,455,66463.0,467.0,"$35,000 to $49,999",14.9,4
1983,"White Alone, Not Hispanic",69648000.0,54994,455,66463.0,467.0,"$50,000 to $74,999",21.0,5
1983,"White Alone, Not Hispanic",69648000.0,54994,455,66463.0,467.0,"$75,000 to $99,999",14.2,6
1983,"White Alone, Not Hispanic",69648000.0,54994,455,66463.0,467.0,"$100,000 to $149,999",13.0,7
1983,"White Alone, Not Hispanic",69648000.0,54994,455,66463.0,467.0,"$150,000 to $199,999",3.8,8
1983,"White Alone, Not Hispanic",69648000.0,54994,455,66463.0,467.0,"$200,000 and over",2.6,9
1982,"White Alone, Not Hispanic",69214000.0,54806,453,65557.0,462.0,"Under $15,000",10.7,1
1982,"White Alone, Not Hispanic",69214000.0,54806,453,65557.0,462.0,"$15,000 to $24,999",9.9,2
1982,"White Alone, Not Hispanic",69214000.0,54806,453,65557.0,462.0,"$25,000 to $34,999",10.4,3
1982,"White Alone, Not Hispanic",69214000.0,54806,453,65557.0,462.0,"$35,000 to $49,999",14.6,4
1982,"White Alone, Not Hispanic",69214000.0,54806,453,65557.0,462.0,"$50,000 to $74,999",21.4,5
1982,"White Alone, Not Hispanic",69214000.0,54806,453,65557.0,462.0,"$75,000 to $99,999",14.3,6
1982,"White Alone, Not Hispanic",69214000.0,54806,453,65557.0,462.0,"$100,000 to $149,999",12.8,7
1982,"White Alone, Not Hispanic",69214000.0,54806,453,65557.0,462.0,"$150,000 to $199,999",3.7,8
1982,"White Alone, Not Hispanic",69214000.0,54806,453,65557.0,462.0,"$200,000 and over",2.3,9
1981,"White Alone, Not Hispanic",68996000.0,55335,463,65071.0,445.0,"Under $15,000",10.5,1
1981,"White Alone, Not Hispanic",68996000.0,55335,463,65071.0,445.0,"$15,000 to $24,999",10.0,2
1981,"White Alone, Not Hispanic",68996000.0,55335,463,65071.0,445.0,"$25,000 to $34,999",10.6,3
1981,"White Alone, Not Hispanic",68996000.0,55335,463,65071.0,445.0,"$35,000 to $49,999",14.3,4
1981,"White Alone, Not Hispanic",68996000.0,55335,463,65071.0,445.0,"$50,000 to $74,999",21.2,5
1981,"White Alone, Not Hispanic",68996000.0,55335,463,65071.0,445.0,"$75,000 to $99,999",15.0,6
1981,"White Alone, Not Hispanic",68996000.0,55335,463,65071.0,445.0,"$100,000 to $149,999",12.8,7
1981,"White Alone, Not Hispanic",68996000.0,55335,463,65071.0,445.0,"$150,000 to $199,999",3.5,8
1981,"White Alone, Not Hispanic",68996000.0,55335,463,65071.0,445.0,"$200,000 and over",2.1,9
1980,"White Alone, Not Hispanic",68106000.0,56327,526,65765.0,487.0,"Under $15,000",10.3,1
1980,"White Alone, Not Hispanic",68106000.0,56327,526,65765.0,487.0,"$15,000 to $24,999",9.9,2
1980,"White Alone, Not Hispanic",68106000.0,56327,526,65765.0,487.0,"$25,000 to $34,999",9.8,3
1980,"White Alone, Not Hispanic",68106000.0,56327,526,65765.0,487.0,"$35,000 to $49,999",14.5,4
1980,"White Alone, Not Hispanic",68106000.0,56327,526,65765.0,487.0,"$50,000 to $74,999",21.9,5
1980,"White Alone, Not Hispanic",68106000.0,56327,526,65765.0,487.0,"$75,000 to $99,999",14.9,6
1980,"White Alone, Not Hispanic",68106000.0,56327,526,65765.0,487.0,"$100,000 to $149,999",13.0,7
1980,"White Alone, Not Hispanic",68106000.0,56327,526,65765.0,487.0,"$150,000 to $199,999",3.6,8
1980,"White Alone, Not Hispanic",68106000.0,56327,526,65765.0,487.0,"$200,000 and over",2.0,9
1979,"White Alone, Not Hispanic",67203000.0,57651,526,67724.0,488.0,"Under $15,000",10.2,1
1979,"White Alone, Not Hispanic",67203000.0,57651,526,67724.0,488.0,"$15,000 to $24,999",9.4,2
1979,"White Alone, Not Hispanic",67203000.0,57651,526,67724.0,488.0,"$25,000 to $34,999",9.8,3
1979,"White Alone, Not Hispanic",67203000.0,57651,526,67724.0,488.0,"$35,000 to $49,999",14.2,4
1979,"White Alone, Not Hispanic",67203000.0,57651,526,67724.0,488.0,"$50,000 to $74,999",21.0,5
1979,"White Alone, Not Hispanic",67203000.0,57651,526,67724.0,488.0,"$75,000 to $99,999",16.1,6
1979,"White Alone, Not Hispanic",67203000.0,57651,526,67724.0,488.0,"$100,000 to $149,999",13.2,7
1979,"White Alone, Not Hispanic",67203000.0,57651,526,67724.0,488.0,"$150,000 to $199,999",3.8,8
1979,"White Alone, Not Hispanic",67203000.0,57651,526,67724.0,488.0,"$200,000 and over",2.4,9
1978,"White Alone, Not Hispanic",64836000.0,57539,498,67092.0,475.0,"Under $15,000",10.0,1
1978,"White Alone, Not Hispanic",64836000.0,57539,498,67092.0,475.0,"$15,000 to $24,999",9.8,2
1978,"White Alone, Not Hispanic",64836000.0,57539,498,67092.0,475.0,"$25,000 to $34,999",9.7,3
1978,"White Alone, Not Hispanic",64836000.0,57539,498,67092.0,475.0,"$35,000 to $49,999",14.0,4
1978,"White Alone, Not Hispanic",64836000.0,57539,498,67092.0,475.0,"$50,000 to $74,999",21.5,5
1978,"White Alone, Not Hispanic",64836000.0,57539,498,67092.0,475.0,"$75,000 to $99,999",15.9,6
1978,"White Alone, Not Hispanic",64836000.0,57539,498,67092.0,475.0,"$100,000 to $149,999",13.4,7
1978,"White Alone, Not Hispanic",64836000.0,57539,498,67092.0,475.0,"$150,000 to $199,999",3.5,8
1978,"White Alone, Not Hispanic",64836000.0,57539,498,67092.0,475.0,"$200,000 and over",2.3,9
1977,"White Alone, Not Hispanic",63721000.0,56090,520,65265.0,507.0,"Under $15,000",10.4,1
1977,"White Alone, Not Hispanic",63721000.0,56090,520,65265.0,507.0,"$15,000 to $24,999",10.3,2
1977,"White Alone, Not Hispanic",63721000.0,56090,520,65265.0,507.0,"$25,000 to $34,999",10.0,3
1977,"White Alone, Not Hispanic",63721000.0,56090,520,65265.0,507.0,"$35,000 to $49,999",13.9,4
1977,"White Alone, Not Hispanic",63721000.0,56090,520,65265.0,507.0,"$50,000 to $74,999",21.9,5
1977,"White Alone, Not Hispanic",63721000.0,56090,520,65265.0,507.0,"$75,000 to $99,999",15.7,6
1977,"White Alone, Not Hispanic",63721000.0,56090,520,65265.0,507.0,"$100,000 to $149,999",12.6,7
1977,"White Alone, Not Hispanic",63721000.0,56090,520,65265.0,507.0,"$150,000 to $199,999",3.2,8
1977,"White Alone, Not Hispanic",63721000.0,56090,520,65265.0,507.0,"$200,000 and over",2.1,9
1976,"White Alone, Not Hispanic",62365000.0,55553,532,64300.0,472.0,"Under $15,000",10.4,1
1976,"White Alone, Not Hispanic",62365000.0,55553,532,64300.0,472.0,"$15,000 to $24,999",10.3,2
1976,"White Alone, Not Hispanic",62365000.0,55553,532,64300.0,472.0,"$25,000 to $34,999",9.9,3
1976,"White Alone, Not Hispanic",62365000.0,55553,532,64300.0,472.0,"$35,000 to $49,999",14.6,4
1976,"White Alone, Not Hispanic",62365000.0,55553,532,64300.0,472.0,"$50,000 to $74,999",22.4,5
1976,"White Alone, Not Hispanic",62365000.0,55553,532,64300.0,472.0,"$75,000 to $99,999",15.4,6
1976,"White Alone, Not Hispanic",62365000.0,55553,532,64300.0,472.0,"$100,000 to $149,999",12.2,7
1976,"White Alone, Not Hispanic",62365000.0,55553,532,64300.0,472.0,"$150,000 to $199,999",2.8,8
1976,"White Alone, Not Hispanic",62365000.0,55553,532,64300.0,472.0,"$200,000 and over",1.9,9
1975,"White Alone, Not Hispanic",61533000.0,53867,470,62662.0,499.0,"Under $15,000",10.8,1
1975,"White Alone, Not Hispanic",61533000.0,53867,470,62662.0,499.0,"$15,000 to $24,999",10.6,2
1975,"White Alone, Not Hispanic",61533000.0,53867,470,62662.0,499.0,"$25,000 to $34,999",10.3,3
1975,"White Alone, Not Hispanic",61533000.0,53867,470,62662.0,499.0,"$35,000 to $49,999",14.5,4
1975,"White Alone, Not Hispanic",61533000.0,53867,470,62662.0,499.0,"$50,000 to $74,999",22.7,5
1975,"White Alone, Not Hispanic",61533000.0,53867,470,62662.0,499.0,"$75,000 to $99,999",15.2,6
1975,"White Alone, Not Hispanic",61533000.0,53867,470,62662.0,499.0,"$100,000 to $149,999",11.6,7
1975,"White Alone, Not Hispanic",61533000.0,53867,470,62662.0,499.0,"$150,000 to $199,999",2.7,8
1975,"White Alone, Not Hispanic",61533000.0,53867,470,62662.0,499.0,"$200,000 and over",1.7,9
1974,"White Alone, Not Hispanic",60164000.0,55373,447,64385.0,463.0,"Under $15,000",10.5,1
1974,"White Alone, Not Hispanic",60164000.0,55373,447,64385.0,463.0,"$15,000 to $24,999",9.8,2
1974,"White Alone, Not Hispanic",60164000.0,55373,447,64385.0,463.0,"$25,000 to $34,999",9.5,3
1974,"White Alone, Not Hispanic",60164000.0,55373,447,64385.0,463.0,"$35,000 to $49,999",15.0,4
1974,"White Alone, Not Hispanic",60164000.0,55373,447,64385.0,463.0,"$50,000 to $74,999",22.7,5
1974,"White Alone, Not Hispanic",60164000.0,55373,447,64385.0,463.0,"$75,000 to $99,999",15.9,6
1974,"White Alone, Not Hispanic",60164000.0,55373,447,64385.0,463.0,"$100,000 to $149,999",11.9,7
1974,"White Alone, Not Hispanic",60164000.0,55373,447,64385.0,463.0,"$150,000 to $199,999",3.0,8
1974,"White Alone, Not Hispanic",60164000.0,55373,447,64385.0,463.0,"$200,000 and over",1.8,9
1973,"White Alone, Not Hispanic",59236000.0,57321,441,65851.0,458.0,"Under $15,000",10.4,1
1973,"White Alone, Not Hispanic",59236000.0,57321,441,65851.0,458.0,"$15,000 to $24,999",9.9,2
1973,"White Alone, Not Hispanic",59236000.0,57321,441,65851.0,458.0,"$25,000 to $34,999",8.9,3
1973,"White Alone, Not Hispanic",59236000.0,57321,441,65851.0,458.0,"$35,000 to $49,999",13.8,4
1973,"White Alone, Not Hispanic",59236000.0,57321,441,65851.0,458.0,"$50,000 to $74,999",22.8,5
1973,"White Alone, Not Hispanic",59236000.0,57321,441,65851.0,458.0,"$75,000 to $99,999",15.8,6
1973,"White Alone, Not Hispanic",59236000.0,57321,441,65851.0,458.0,"$100,000 to $149,999",12.9,7
1973,"White Alone, Not Hispanic",59236000.0,57321,441,65851.0,458.0,"$150,000 to $199,999",3.3,8
1973,"White Alone, Not Hispanic",59236000.0,57321,441,65851.0,458.0,"$200,000 and over",2.2,9
1972,"White Alone, Not Hispanic",58005000.0,56546,442,65002.0,478.0,"Under $15,000",11.1,1
1972,"White Alone, Not Hispanic",58005000.0,56546,442,65002.0,478.0,"$15,000 to $24,999",9.3,2
1972,"White Alone, Not Hispanic",58005000.0,56546,442,65002.0,478.0,"$25,000 to $34,999",9.3,3
1972,"White Alone, Not Hispanic",58005000.0,56546,442,65002.0,478.0,"$35,000 to $49,999",14.3,4
1972,"White Alone, Not Hispanic",58005000.0,56546,442,65002.0,478.0,"$50,000 to $74,999",23.2,5
1972,"White Alone, Not Hispanic",58005000.0,56546,442,65002.0,478.0,"$75,000 to $99,999",15.6,6
1972,"White Alone, Not Hispanic",58005000.0,56546,442,65002.0,478.0,"$100,000 to $149,999",12.0,7
1972,"White Alone, Not Hispanic",58005000.0,56546,442,65002.0,478.0,"$150,000 to $199,999",3.0,8
1972,"White Alone, Not Hispanic",58005000.0,56546,442,65002.0,478.0,"$200,000 and over",2.0,9
2019,Black Alone or in Combination,18055000.0,46073,1148,67924.0,1919.0,"Under $15,000",16.8,1
2019,Black Alone or in Combination,18055000.0,46073,1148,67924.0,1919.0,"$15,000 to $24,999",11.5,2
2019,Black Alone or in Combination,18055000.0,46073,1148,67924.0,1919.0,"$25,000 to $34,999",11.3,3
2019,Black Alone or in Combination,18055000.0,46073,1148,67924.0,1919.0,"$35,000 to $49,999",13.5,4
2019,Black Alone or in Combination,18055000.0,46073,1148,67924.0,1919.0,"$50,000 to $74,999",16.9,5
2019,Black Alone or in Combination,18055000.0,46073,1148,67924.0,1919.0,"$75,000 to $99,999",9.8,6
2019,Black Alone or in Combination,18055000.0,46073,1148,67924.0,1919.0,"$100,000 to $149,999",10.9,7
2019,Black Alone or in Combination,18055000.0,46073,1148,67924.0,1919.0,"$150,000 to $199,999",4.3,8
2019,Black Alone or in Combination,18055000.0,46073,1148,67924.0,1919.0,"$200,000 and over",4.9,9
2018,Black Alone or in Combination,18095000.0,42447,933,60439.0,1358.0,"Under $15,000",18.7,1
2018,Black Alone or in Combination,18095000.0,42447,933,60439.0,1358.0,"$15,000 to $24,999",12.6,2
2018,Black Alone or in Combination,18095000.0,42447,933,60439.0,1358.0,"$25,000 to $34,999",11.4,3
2018,Black Alone or in Combination,18095000.0,42447,933,60439.0,1358.0,"$35,000 to $49,999",13.9,4
2018,Black Alone or in Combination,18095000.0,42447,933,60439.0,1358.0,"$50,000 to $74,999",16.4,5
2018,Black Alone or in Combination,18095000.0,42447,933,60439.0,1358.0,"$75,000 to $99,999",9.7,6
2018,Black Alone or in Combination,18095000.0,42447,933,60439.0,1358.0,"$100,000 to $149,999",9.7,7
2018,Black Alone or in Combination,18095000.0,42447,933,60439.0,1358.0,"$150,000 to $199,999",4.2,8
2018,Black Alone or in Combination,18095000.0,42447,933,60439.0,1358.0,"$200,000 and over",3.4,9
2017,Black Alone or in Combination,17801000.0,42337,860,61518.0,1371.0,"Under $15,000",18.9,1
2017,Black Alone or in Combination,17801000.0,42337,860,61518.0,1371.0,"$15,000 to $24,999",12.1,2
2017,Black Alone or in Combination,17801000.0,42337,860,61518.0,1371.0,"$25,000 to $34,999",11.8,3
2017,Black Alone or in Combination,17801000.0,42337,860,61518.0,1371.0,"$35,000 to $49,999",13.8,4
2017,Black Alone or in Combination,17801000.0,42337,860,61518.0,1371.0,"$50,000 to $74,999",15.7,5
2017,Black Alone or in Combination,17801000.0,42337,860,61518.0,1371.0,"$75,000 to $99,999",10.6,6
2017,Black Alone or in Combination,17801000.0,42337,860,61518.0,1371.0,"$100,000 to $149,999",9.9,7
2017,Black Alone or in Combination,17801000.0,42337,860,61518.0,1371.0,"$150,000 to $199,999",3.7,8
2017,Black Alone or in Combination,17801000.0,42337,860,61518.0,1371.0,"$200,000 and over",3.5,9
2016,Black Alone or in Combination,17505000.0,42684,1022,61921.0,1640.0,"Under $15,000",19.2,1
2016,Black Alone or in Combination,17505000.0,42684,1022,61921.0,1640.0,"$15,000 to $24,999",12.3,2
2016,Black Alone or in Combination,17505000.0,42684,1022,61921.0,1640.0,"$25,000 to $34,999",11.4,3
2016,Black Alone or in Combination,17505000.0,42684,1022,61921.0,1640.0,"$35,000 to $49,999",13.7,4
2016,Black Alone or in Combination,17505000.0,42684,1022,61921.0,1640.0,"$50,000 to $74,999",16.9,5
2016,Black Alone or in Combination,17505000.0,42684,1022,61921.0,1640.0,"$75,000 to $99,999",9.8,6
2016,Black Alone or in Combination,17505000.0,42684,1022,61921.0,1640.0,"$100,000 to $149,999",9.8,7
2016,Black Alone or in Combination,17505000.0,42684,1022,61921.0,1640.0,"$150,000 to $199,999",3.8,8
2016,Black Alone or in Combination,17505000.0,42684,1022,61921.0,1640.0,"$200,000 and over",3.2,9
2015,Black Alone or in Combination,17322000.0,40155,969,59140.0,1539.0,"Under $15,000",20.1,1
2015,Black Alone or in Combination,17322000.0,40155,969,59140.0,1539.0,"$15,000 to $24,999",13.5,2
2015,Black Alone or in Combination,17322000.0,40155,969,59140.0,1539.0,"$25,000 to $34,999",11.7,3
2015,Black Alone or in Combination,17322000.0,40155,969,59140.0,1539.0,"$35,000 to $49,999",12.9,4
2015,Black Alone or in Combination,17322000.0,40155,969,59140.0,1539.0,"$50,000 to $74,999",15.7,5
2015,Black Alone or in Combination,17322000.0,40155,969,59140.0,1539.0,"$75,000 to $99,999",10.1,6
2015,Black Alone or in Combination,17322000.0,40155,969,59140.0,1539.0,"$100,000 to $149,999",9.4,7
2015,Black Alone or in Combination,17322000.0,40155,969,59140.0,1539.0,"$150,000 to $199,999",3.6,8
2015,Black Alone or in Combination,17322000.0,40155,969,59140.0,1539.0,"$200,000 and over",2.9,9
2014,Black Alone or in Combination,17198000.0,38540,839,55800.0,1232.0,"Under $15,000",20.7,1
2014,Black Alone or in Combination,17198000.0,38540,839,55800.0,1232.0,"$15,000 to $24,999",13.9,2
2014,Black Alone or in Combination,17198000.0,38540,839,55800.0,1232.0,"$25,000 to $34,999",11.9,3
2014,Black Alone or in Combination,17198000.0,38540,839,55800.0,1232.0,"$35,000 to $49,999",14.4,4
2014,Black Alone or in Combination,17198000.0,38540,839,55800.0,1232.0,"$50,000 to $74,999",15.3,5
2014,Black Alone or in Combination,17198000.0,38540,839,55800.0,1232.0,"$75,000 to $99,999",9.0,6
2014,Black Alone or in Combination,17198000.0,38540,839,55800.0,1232.0,"$100,000 to $149,999",8.8,7
2014,Black Alone or in Combination,17198000.0,38540,839,55800.0,1232.0,"$150,000 to $199,999",3.4,8
2014,Black Alone or in Combination,17198000.0,38540,839,55800.0,1232.0,"$200,000 and over",2.7,9
2013,Black Alone or in Combination,16723000.0,39314,1407,56804.0,2392.0,"Under $15,000",20.4,1
2013,Black Alone or in Combination,16723000.0,39314,1407,56804.0,2392.0,"$15,000 to $24,999",13.3,2
2013,Black Alone or in Combination,16723000.0,39314,1407,56804.0,2392.0,"$25,000 to $34,999",12.2,3
2013,Black Alone or in Combination,16723000.0,39314,1407,56804.0,2392.0,"$35,000 to $49,999",14.7,4
2013,Black Alone or in Combination,16723000.0,39314,1407,56804.0,2392.0,"$50,000 to $74,999",16.3,5
2013,Black Alone or in Combination,16723000.0,39314,1407,56804.0,2392.0,"$75,000 to $99,999",7.6,6
2013,Black Alone or in Combination,16723000.0,39314,1407,56804.0,2392.0,"$100,000 to $149,999",9.4,7
2013,Black Alone or in Combination,16723000.0,39314,1407,56804.0,2392.0,"$150,000 to $199,999",3.6,8
2013,Black Alone or in Combination,16723000.0,39314,1407,56804.0,2392.0,"$200,000 and over",2.5,9
2012,Black Alone or in Combination,16559000.0,37614,1464,53725.0,1354.0,"Under $15,000",21.6,1
2012,Black Alone or in Combination,16559000.0,37614,1464,53725.0,1354.0,"$15,000 to $24,999",14.2,2
2012,Black Alone or in Combination,16559000.0,37614,1464,53725.0,1354.0,"$25,000 to $34,999",11.7,3
2012,Black Alone or in Combination,16559000.0,37614,1464,53725.0,1354.0,"$35,000 to $49,999",13.3,4
2012,Black Alone or in Combination,16559000.0,37614,1464,53725.0,1354.0,"$50,000 to $74,999",16.4,5
2012,Black Alone or in Combination,16559000.0,37614,1464,53725.0,1354.0,"$75,000 to $99,999",8.9,6
2012,Black Alone or in Combination,16559000.0,37614,1464,53725.0,1354.0,"$100,000 to $149,999",8.8,7
2012,Black Alone or in Combination,16559000.0,37614,1464,53725.0,1354.0,"$150,000 to $199,999",3.1,8
2012,Black Alone or in Combination,16559000.0,37614,1464,53725.0,1354.0,"$200,000 and over",2.2,9
2011,Black Alone or in Combination,16165000.0,36871,1036,54118.0,1449.0,"Under $15,000",22.5,1
2011,Black Alone or in Combination,16165000.0,36871,1036,54118.0,1449.0,"$15,000 to $24,999",14.0,2
2011,Black Alone or in Combination,16165000.0,36871,1036,54118.0,1449.0,"$25,000 to $34,999",11.7,3
2011,Black Alone or in Combination,16165000.0,36871,1036,54118.0,1449.0,"$35,000 to $49,999",13.5,4
2011,Black Alone or in Combination,16165000.0,36871,1036,54118.0,1449.0,"$50,000 to $74,999",15.5,5
2011,Black Alone or in Combination,16165000.0,36871,1036,54118.0,1449.0,"$75,000 to $99,999",9.0,6
2011,Black Alone or in Combination,16165000.0,36871,1036,54118.0,1449.0,"$100,000 to $149,999",8.5,7
2011,Black Alone or in Combination,16165000.0,36871,1036,54118.0,1449.0,"$150,000 to $199,999",3.2,8
2011,Black Alone or in Combination,16165000.0,36871,1036,54118.0,1449.0,"$200,000 and over",2.2,9
2010,Black Alone or in Combination,15909000.0,37786,909,53466.0,1212.0,"Under $15,000",21.9,1
2010,Black Alone or in Combination,15909000.0,37786,909,53466.0,1212.0,"$15,000 to $24,999",13.6,2
2010,Black Alone or in Combination,15909000.0,37786,909,53466.0,1212.0,"$25,000 to $34,999",11.3,3
2010,Black Alone or in Combination,15909000.0,37786,909,53466.0,1212.0,"$35,000 to $49,999",14.7,4
2010,Black Alone or in Combination,15909000.0,37786,909,53466.0,1212.0,"$50,000 to $74,999",15.2,5
2010,Black Alone or in Combination,15909000.0,37786,909,53466.0,1212.0,"$75,000 to $99,999",10.0,6
2010,Black Alone or in Combination,15909000.0,37786,909,53466.0,1212.0,"$100,000 to $149,999",8.2,7
2010,Black Alone or in Combination,15909000.0,37786,909,53466.0,1212.0,"$150,000 to $199,999",3.1,8
2010,Black Alone or in Combination,15909000.0,37786,909,53466.0,1212.0,"$200,000 and over",2.0,9
2009,Black Alone or in Combination,15212000.0,39119,821,55281.0,1014.0,"Under $15,000",19.7,1
2009,Black Alone or in Combination,15212000.0,39119,821,55281.0,1014.0,"$15,000 to $24,999",13.5,2
2009,Black Alone or in Combination,15212000.0,39119,821,55281.0,1014.0,"$25,000 to $34,999",11.8,3
2009,Black Alone or in Combination,15212000.0,39119,821,55281.0,1014.0,"$35,000 to $49,999",14.8,4
2009,Black Alone or in Combination,15212000.0,39119,821,55281.0,1014.0,"$50,000 to $74,999",16.3,5
2009,Black Alone or in Combination,15212000.0,39119,821,55281.0,1014.0,"$75,000 to $99,999",9.8,6
2009,Black Alone or in Combination,15212000.0,39119,821,55281.0,1014.0,"$100,000 to $149,999",9.1,7
2009,Black Alone or in Combination,15212000.0,39119,821,55281.0,1014.0,"$150,000 to $199,999",2.9,8
2009,Black Alone or in Combination,15212000.0,39119,821,55281.0,1014.0,"$200,000 and over",2.1,9
2008,Black Alone or in Combination,15056000.0,40882,860,55563.0,956.0,"Under $15,000",19.4,1
2008,Black Alone or in Combination,15056000.0,40882,860,55563.0,956.0,"$15,000 to $24,999",12.9,2
2008,Black Alone or in Combination,15056000.0,40882,860,55563.0,956.0,"$25,000 to $34,999",11.7,3
2008,Black Alone or in Combination,15056000.0,40882,860,55563.0,956.0,"$35,000 to $49,999",15.6,4
2008,Black Alone or in Combination,15056000.0,40882,860,55563.0,956.0,"$50,000 to $74,999",16.7,5
2008,Black Alone or in Combination,15056000.0,40882,860,55563.0,956.0,"$75,000 to $99,999",9.3,6
2008,Black Alone or in Combination,15056000.0,40882,860,55563.0,956.0,"$100,000 to $149,999",9.3,7
2008,Black Alone or in Combination,15056000.0,40882,860,55563.0,956.0,"$150,000 to $199,999",3.1,8
2008,Black Alone or in Combination,15056000.0,40882,860,55563.0,956.0,"$200,000 and over",2.1,9
2007,Black Alone or in Combination,14976000.0,42138,945,57885.0,1041.0,"Under $15,000",19.5,1
2007,Black Alone or in Combination,14976000.0,42138,945,57885.0,1041.0,"$15,000 to $24,999",13.1,2
2007,Black Alone or in Combination,14976000.0,42138,945,57885.0,1041.0,"$25,000 to $34,999",10.5,3
2007,Black Alone or in Combination,14976000.0,42138,945,57885.0,1041.0,"$35,000 to $49,999",14.7,4
2007,Black Alone or in Combination,14976000.0,42138,945,57885.0,1041.0,"$50,000 to $74,999",16.6,5
2007,Black Alone or in Combination,14976000.0,42138,945,57885.0,1041.0,"$75,000 to $99,999",9.8,6
2007,Black Alone or in Combination,14976000.0,42138,945,57885.0,1041.0,"$100,000 to $149,999",10.2,7
2007,Black Alone or in Combination,14976000.0,42138,945,57885.0,1041.0,"$150,000 to $199,999",3.4,8
2007,Black Alone or in Combination,14976000.0,42138,945,57885.0,1041.0,"$200,000 and over",2.2,9
2006,Black Alone or in Combination,14709000.0,40843,498,57826.0,1167.0,"Under $15,000",18.9,1
2006,Black Alone or in Combination,14709000.0,40843,498,57826.0,1167.0,"$15,000 to $24,999",12.9,2
2006,Black Alone or in Combination,14709000.0,40843,498,57826.0,1167.0,"$25,000 to $34,999",11.4,3
2006,Black Alone or in Combination,14709000.0,40843,498,57826.0,1167.0,"$35,000 to $49,999",14.9,4
2006,Black Alone or in Combination,14709000.0,40843,498,57826.0,1167.0,"$50,000 to $74,999",16.9,5
2006,Black Alone or in Combination,14709000.0,40843,498,57826.0,1167.0,"$75,000 to $99,999",9.6,6
2006,Black Alone or in Combination,14709000.0,40843,498,57826.0,1167.0,"$100,000 to $149,999",9.8,7
2006,Black Alone or in Combination,14709000.0,40843,498,57826.0,1167.0,"$150,000 to $199,999",3.3,8
2006,Black Alone or in Combination,14709000.0,40843,498,57826.0,1167.0,"$200,000 and over",2.4,9
2005,Black Alone or in Combination,14399000.0,40621,637,56071.0,1004.0,"Under $15,000",19.7,1
2005,Black Alone or in Combination,14399000.0,40621,637,56071.0,1004.0,"$15,000 to $24,999",13.7,2
2005,Black Alone or in Combination,14399000.0,40621,637,56071.0,1004.0,"$25,000 to $34,999",11.4,3
2005,Black Alone or in Combination,14399000.0,40621,637,56071.0,1004.0,"$35,000 to $49,999",13.8,4
2005,Black Alone or in Combination,14399000.0,40621,637,56071.0,1004.0,"$50,000 to $74,999",16.9,5
2005,Black Alone or in Combination,14399000.0,40621,637,56071.0,1004.0,"$75,000 to $99,999",9.8,6
2005,Black Alone or in Combination,14399000.0,40621,637,56071.0,1004.0,"$100,000 to $149,999",9.3,7
2005,Black Alone or in Combination,14399000.0,40621,637,56071.0,1004.0,"$150,000 to $199,999",3.3,8
2005,Black Alone or in Combination,14399000.0,40621,637,56071.0,1004.0,"$200,000 and over",2.1,9
2004,Black Alone or in Combination,14151000.0,41022,618,55300.0,966.0,"Under $15,000",20.2,1
2004,Black Alone or in Combination,14151000.0,41022,618,55300.0,966.0,"$15,000 to $24,999",12.1,2
2004,Black Alone or in Combination,14151000.0,41022,618,55300.0,966.0,"$25,000 to $34,999",12.2,3
2004,Black Alone or in Combination,14151000.0,41022,618,55300.0,966.0,"$35,000 to $49,999",14.6,4
2004,Black Alone or in Combination,14151000.0,41022,618,55300.0,966.0,"$50,000 to $74,999",16.5,5
2004,Black Alone or in Combination,14151000.0,41022,618,55300.0,966.0,"$75,000 to $99,999",10.1,6
2004,Black Alone or in Combination,14151000.0,41022,618,55300.0,966.0,"$100,000 to $149,999",9.2,7
2004,Black Alone or in Combination,14151000.0,41022,618,55300.0,966.0,"$150,000 to $199,999",3.1,8
2004,Black Alone or in Combination,14151000.0,41022,618,55300.0,966.0,"$200,000 and over",2.0,9
2003,Black Alone or in Combination,13969000.0,41369,855,56177.0,979.0,"Under $15,000",19.5,1
2003,Black Alone or in Combination,13969000.0,41369,855,56177.0,979.0,"$15,000 to $24,999",12.8,2
2003,Black Alone or in Combination,13969000.0,41369,855,56177.0,979.0,"$25,000 to $34,999",12.0,3
2003,Black Alone or in Combination,13969000.0,41369,855,56177.0,979.0,"$35,000 to $49,999",13.6,4
2003,Black Alone or in Combination,13969000.0,41369,855,56177.0,979.0,"$50,000 to $74,999",16.9,5
2003,Black Alone or in Combination,13969000.0,41369,855,56177.0,979.0,"$75,000 to $99,999",10.3,6
2003,Black Alone or in Combination,13969000.0,41369,855,56177.0,979.0,"$100,000 to $149,999",9.7,7
2003,Black Alone or in Combination,13969000.0,41369,855,56177.0,979.0,"$150,000 to $199,999",3.1,8
2003,Black Alone or in Combination,13969000.0,41369,855,56177.0,979.0,"$200,000 and over",2.1,9
2002,Black Alone or in Combination,13778000.0,41579,900,57478.0,1102.0,"Under $15,000",19.0,1
2002,Black Alone or in Combination,13778000.0,41579,900,57478.0,1102.0,"$15,000 to $24,999",13.0,2
2002,Black Alone or in Combination,13778000.0,41579,900,57478.0,1102.0,"$25,000 to $34,999",11.1,3
2002,Black Alone or in Combination,13778000.0,41579,900,57478.0,1102.0,"$35,000 to $49,999",15.8,4
2002,Black Alone or in Combination,13778000.0,41579,900,57478.0,1102.0,"$50,000 to $74,999",16.2,5
2002,Black Alone or in Combination,13778000.0,41579,900,57478.0,1102.0,"$75,000 to $99,999",9.8,6
2002,Black Alone or in Combination,13778000.0,41579,900,57478.0,1102.0,"$100,000 to $149,999",9.6,7
2002,Black Alone or in Combination,13778000.0,41579,900,57478.0,1102.0,"$150,000 to $199,999",3.3,8
2002,Black Alone or in Combination,13778000.0,41579,900,57478.0,1102.0,"$200,000 and over",2.3,9
2019,Black Alone,17054000.0,45438,1212,66553.0,1882.0,"Under $15,000",17.2,1
2019,Black Alone,17054000.0,45438,1212,66553.0,1882.0,"$15,000 to $24,999",11.5,2
2019,Black Alone,17054000.0,45438,1212,66553.0,1882.0,"$25,000 to $34,999",11.4,3
2019,Black Alone,17054000.0,45438,1212,66553.0,1882.0,"$35,000 to $49,999",13.7,4
2019,Black Alone,17054000.0,45438,1212,66553.0,1882.0,"$50,000 to $74,999",16.8,5
2019,Black Alone,17054000.0,45438,1212,66553.0,1882.0,"$75,000 to $99,999",9.8,6
2019,Black Alone,17054000.0,45438,1212,66553.0,1882.0,"$100,000 to $149,999",10.8,7
2019,Black Alone,17054000.0,45438,1212,66553.0,1882.0,"$150,000 to $199,999",4.2,8
2019,Black Alone,17054000.0,45438,1212,66553.0,1882.0,"$200,000 and over",4.6,9
2018,Black Alone,17167000.0,42110,922,59728.0,1370.0,"Under $15,000",19.1,1
2018,Black Alone,17167000.0,42110,922,59728.0,1370.0,"$15,000 to $24,999",12.6,2
2018,Black Alone,17167000.0,42110,922,59728.0,1370.0,"$25,000 to $34,999",11.3,3
2018,Black Alone,17167000.0,42110,922,59728.0,1370.0,"$35,000 to $49,999",13.9,4
2018,Black Alone,17167000.0,42110,922,59728.0,1370.0,"$50,000 to $74,999",16.3,5
2018,Black Alone,17167000.0,42110,922,59728.0,1370.0,"$75,000 to $99,999",9.7,6
2018,Black Alone,17167000.0,42110,922,59728.0,1370.0,"$100,000 to $149,999",9.6,7
2018,Black Alone,17167000.0,42110,922,59728.0,1370.0,"$150,000 to $199,999",4.2,8
2018,Black Alone,17167000.0,42110,922,59728.0,1370.0,"$200,000 and over",3.3,9
2017,Black Alone,16997000.0,41987,990,61109.0,1415.0,"Under $15,000",19.1,1
2017,Black Alone,16997000.0,41987,990,61109.0,1415.0,"$15,000 to $24,999",12.2,2
2017,Black Alone,16997000.0,41987,990,61109.0,1415.0,"$25,000 to $34,999",11.8,3
2017,Black Alone,16997000.0,41987,990,61109.0,1415.0,"$35,000 to $49,999",13.9,4
2017,Black Alone,16997000.0,41987,990,61109.0,1415.0,"$50,000 to $74,999",15.7,5
2017,Black Alone,16997000.0,41987,990,61109.0,1415.0,"$75,000 to $99,999",10.3,6
2017,Black Alone,16997000.0,41987,990,61109.0,1415.0,"$100,000 to $149,999",9.8,7
2017,Black Alone,16997000.0,41987,990,61109.0,1415.0,"$150,000 to $199,999",3.7,8
2017,Black Alone,16997000.0,41987,990,61109.0,1415.0,"$200,000 and over",3.4,9
2016,Black Alone,16733000.0,42071,1264,61200.0,1633.0,"Under $15,000",19.6,1
2016,Black Alone,16733000.0,42071,1264,61200.0,1633.0,"$15,000 to $24,999",12.4,2
2016,Black Alone,16733000.0,42071,1264,61200.0,1633.0,"$25,000 to $34,999",11.4,3
2016,Black Alone,16733000.0,42071,1264,61200.0,1633.0,"$35,000 to $49,999",13.6,4
2016,Black Alone,16733000.0,42071,1264,61200.0,1633.0,"$50,000 to $74,999",16.7,5
2016,Black Alone,16733000.0,42071,1264,61200.0,1633.0,"$75,000 to $99,999",9.7,6
2016,Black Alone,16733000.0,42071,1264,61200.0,1633.0,"$100,000 to $149,999",9.7,7
2016,Black Alone,16733000.0,42071,1264,61200.0,1633.0,"$150,000 to $199,999",3.8,8
2016,Black Alone,16733000.0,42071,1264,61200.0,1633.0,"$200,000 and over",3.1,9
2015,Black Alone,16539000.0,39817,911,58652.0,1528.0,"Under $15,000",20.3,1
2015,Black Alone,16539000.0,39817,911,58652.0,1528.0,"$15,000 to $24,999",13.6,2
2015,Black Alone,16539000.0,39817,911,58652.0,1528.0,"$25,000 to $34,999",11.7,3
2015,Black Alone,16539000.0,39817,911,58652.0,1528.0,"$35,000 to $49,999",13.0,4
2015,Black Alone,16539000.0,39817,911,58652.0,1528.0,"$50,000 to $74,999",15.6,5
2015,Black Alone,16539000.0,39817,911,58652.0,1528.0,"$75,000 to $99,999",10.0,6
2015,Black Alone,16539000.0,39817,911,58652.0,1528.0,"$100,000 to $149,999",9.3,7
2015,Black Alone,16539000.0,39817,911,58652.0,1528.0,"$150,000 to $199,999",3.6,8
2015,Black Alone,16539000.0,39817,911,58652.0,1528.0,"$200,000 and over",2.8,9
2014,Black Alone,16437000.0,38264,820,55378.0,1229.0,"Under $15,000",20.8,1
2014,Black Alone,16437000.0,38264,820,55378.0,1229.0,"$15,000 to $24,999",14.0,2
2014,Black Alone,16437000.0,38264,820,55378.0,1229.0,"$25,000 to $34,999",12.0,3
2014,Black Alone,16437000.0,38264,820,55378.0,1229.0,"$35,000 to $49,999",14.4,4
2014,Black Alone,16437000.0,38264,820,55378.0,1229.0,"$50,000 to $74,999",15.4,5
2014,Black Alone,16437000.0,38264,820,55378.0,1229.0,"$75,000 to $99,999",8.9,6
2014,Black Alone,16437000.0,38264,820,55378.0,1229.0,"$100,000 to $149,999",8.7,7
2014,Black Alone,16437000.0,38264,820,55378.0,1229.0,"$150,000 to $199,999",3.3,8
2014,Black Alone,16437000.0,38264,820,55378.0,1229.0,"$200,000 and over",2.6,9
2013,Black Alone,16009000.0,38831,1550,55463.0,2143.0,"Under $15,000",20.9,1
2013,Black Alone,16009000.0,38831,1550,55463.0,2143.0,"$15,000 to $24,999",13.5,2
2013,Black Alone,16009000.0,38831,1550,55463.0,2143.0,"$25,000 to $34,999",12.0,3
2013,Black Alone,16009000.0,38831,1550,55463.0,2143.0,"$35,000 to $49,999",14.6,4
2013,Black Alone,16009000.0,38831,1550,55463.0,2143.0,"$50,000 to $74,999",16.1,5
2013,Black Alone,16009000.0,38831,1550,55463.0,2143.0,"$75,000 to $99,999",7.7,6
2013,Black Alone,16009000.0,38831,1550,55463.0,2143.0,"$100,000 to $149,999",9.2,7
2013,Black Alone,16009000.0,38831,1550,55463.0,2143.0,"$150,000 to $199,999",3.5,8
2013,Black Alone,16009000.0,38831,1550,55463.0,2143.0,"$200,000 and over",2.4,9
2012,Black Alone,15872000.0,37171,1450,53253.0,1382.0,"Under $15,000",21.7,1
2012,Black Alone,15872000.0,37171,1450,53253.0,1382.0,"$15,000 to $24,999",14.3,2
2012,Black Alone,15872000.0,37171,1450,53253.0,1382.0,"$25,000 to $34,999",11.7,3
2012,Black Alone,15872000.0,37171,1450,53253.0,1382.0,"$35,000 to $49,999",13.3,4
2012,Black Alone,15872000.0,37171,1450,53253.0,1382.0,"$50,000 to $74,999",16.5,5
2012,Black Alone,15872000.0,37171,1450,53253.0,1382.0,"$75,000 to $99,999",8.9,6
2012,Black Alone,15872000.0,37171,1450,53253.0,1382.0,"$100,000 to $149,999",8.6,7
2012,Black Alone,15872000.0,37171,1450,53253.0,1382.0,"$150,000 to $199,999",3.0,8
2012,Black Alone,15872000.0,37171,1450,53253.0,1382.0,"$200,000 and over",2.1,9
2011,Black Alone,15583000.0,36715,954,53832.0,1505.0,"Under $15,000",22.6,1
2011,Black Alone,15583000.0,36715,954,53832.0,1505.0,"$15,000 to $24,999",14.0,2
2011,Black Alone,15583000.0,36715,954,53832.0,1505.0,"$25,000 to $34,999",11.7,3
2011,Black Alone,15583000.0,36715,954,53832.0,1505.0,"$35,000 to $49,999",13.5,4
2011,Black Alone,15583000.0,36715,954,53832.0,1505.0,"$50,000 to $74,999",15.5,5
2011,Black Alone,15583000.0,36715,954,53832.0,1505.0,"$75,000 to $99,999",9.0,6
2011,Black Alone,15583000.0,36715,954,53832.0,1505.0,"$100,000 to $149,999",8.4,7
2011,Black Alone,15583000.0,36715,954,53832.0,1505.0,"$150,000 to $199,999",3.2,8
2011,Black Alone,15583000.0,36715,954,53832.0,1505.0,"$200,000 and over",2.1,9
2010,Black Alone,15265000.0,37749,965,52829.0,1210.0,"Under $15,000",22.1,1
2010,Black Alone,15265000.0,37749,965,52829.0,1210.0,"$15,000 to $24,999",13.5,2
2010,Black Alone,15265000.0,37749,965,52829.0,1210.0,"$25,000 to $34,999",11.3,3
2010,Black Alone,15265000.0,37749,965,52829.0,1210.0,"$35,000 to $49,999",14.7,4
2010,Black Alone,15265000.0,37749,965,52829.0,1210.0,"$50,000 to $74,999",15.3,5
2010,Black Alone,15265000.0,37749,965,52829.0,1210.0,"$75,000 to $99,999",10.1,6
2010,Black Alone,15265000.0,37749,965,52829.0,1210.0,"$100,000 to $149,999",8.1,7
2010,Black Alone,15265000.0,37749,965,52829.0,1210.0,"$150,000 to $199,999",3.0,8
2010,Black Alone,15265000.0,37749,965,52829.0,1210.0,"$200,000 and over",1.9,9
2009,Black Alone,14730000.0,38921,774,55001.0,1032.0,"Under $15,000",19.7,1
2009,Black Alone,14730000.0,38921,774,55001.0,1032.0,"$15,000 to $24,999",13.6,2
2009,Black Alone,14730000.0,38921,774,55001.0,1032.0,"$25,000 to $34,999",11.8,3
2009,Black Alone,14730000.0,38921,774,55001.0,1032.0,"$35,000 to $49,999",14.8,4
2009,Black Alone,14730000.0,38921,774,55001.0,1032.0,"$50,000 to $74,999",16.2,5
2009,Black Alone,14730000.0,38921,774,55001.0,1032.0,"$75,000 to $99,999",9.8,6
2009,Black Alone,14730000.0,38921,774,55001.0,1032.0,"$100,000 to $149,999",9.1,7
2009,Black Alone,14730000.0,38921,774,55001.0,1032.0,"$150,000 to $199,999",2.9,8
2009,Black Alone,14730000.0,38921,774,55001.0,1032.0,"$200,000 and over",2.0,9
2008,Black Alone,14595000.0,40731,864,55389.0,975.0,"Under $15,000",19.5,1
2008,Black Alone,14595000.0,40731,864,55389.0,975.0,"$15,000 to $24,999",13.0,2
2008,Black Alone,14595000.0,40731,864,55389.0,975.0,"$25,000 to $34,999",11.6,3
2008,Black Alone,14595000.0,40731,864,55389.0,975.0,"$35,000 to $49,999",15.6,4
2008,Black Alone,14595000.0,40731,864,55389.0,975.0,"$50,000 to $74,999",16.6,5
2008,Black Alone,14595000.0,40731,864,55389.0,975.0,"$75,000 to $99,999",9.3,6
2008,Black Alone,14595000.0,40731,864,55389.0,975.0,"$100,000 to $149,999",9.2,7
2008,Black Alone,14595000.0,40731,864,55389.0,975.0,"$150,000 to $199,999",3.1,8
2008,Black Alone,14595000.0,40731,864,55389.0,975.0,"$200,000 and over",2.0,9
2007,Black Alone,14551000.0,41922,966,57638.0,1057.0,"Under $15,000",19.6,1
2007,Black Alone,14551000.0,41922,966,57638.0,1057.0,"$15,000 to $24,999",13.1,2
2007,Black Alone,14551000.0,41922,966,57638.0,1057.0,"$25,000 to $34,999",10.5,3
2007,Black Alone,14551000.0,41922,966,57638.0,1057.0,"$35,000 to $49,999",14.7,4
2007,Black Alone,14551000.0,41922,966,57638.0,1057.0,"$50,000 to $74,999",16.7,5
2007,Black Alone,14551000.0,41922,966,57638.0,1057.0,"$75,000 to $99,999",9.8,6
2007,Black Alone,14551000.0,41922,966,57638.0,1057.0,"$100,000 to $149,999",10.0,7
2007,Black Alone,14551000.0,41922,966,57638.0,1057.0,"$150,000 to $199,999",3.4,8
2007,Black Alone,14551000.0,41922,966,57638.0,1057.0,"$200,000 and over",2.1,9
2006,Black Alone,14354000.0,40636,504,57361.0,1167.0,"Under $15,000",19.1,1
2006,Black Alone,14354000.0,40636,504,57361.0,1167.0,"$15,000 to $24,999",12.9,2
2006,Black Alone,14354000.0,40636,504,57361.0,1167.0,"$25,000 to $34,999",11.5,3
2006,Black Alone,14354000.0,40636,504,57361.0,1167.0,"$35,000 to $49,999",14.9,4
2006,Black Alone,14354000.0,40636,504,57361.0,1167.0,"$50,000 to $74,999",16.8,5
2006,Black Alone,14354000.0,40636,504,57361.0,1167.0,"$75,000 to $99,999",9.6,6
2006,Black Alone,14354000.0,40636,504,57361.0,1167.0,"$100,000 to $149,999",9.7,7
2006,Black Alone,14354000.0,40636,504,57361.0,1167.0,"$150,000 to $199,999",3.3,8
2006,Black Alone,14354000.0,40636,504,57361.0,1167.0,"$200,000 and over",2.3,9
2005,Black Alone,14002000.0,40495,650,55713.0,995.0,"Under $15,000",19.8,1
2005,Black Alone,14002000.0,40495,650,55713.0,995.0,"$15,000 to $24,999",13.7,2
2005,Black Alone,14002000.0,40495,650,55713.0,995.0,"$25,000 to $34,999",11.4,3
2005,Black Alone,14002000.0,40495,650,55713.0,995.0,"$35,000 to $49,999",13.8,4
2005,Black Alone,14002000.0,40495,650,55713.0,995.0,"$50,000 to $74,999",16.9,5
2005,Black Alone,14002000.0,40495,650,55713.0,995.0,"$75,000 to $99,999",9.8,6
2005,Black Alone,14002000.0,40495,650,55713.0,995.0,"$100,000 to $149,999",9.2,7
2005,Black Alone,14002000.0,40495,650,55713.0,995.0,"$150,000 to $199,999",3.3,8
2005,Black Alone,14002000.0,40495,650,55713.0,995.0,"$200,000 and over",2.1,9
2004,Black Alone,13809000.0,40832,699,55129.0,982.0,"Under $15,000",20.3,1
2004,Black Alone,13809000.0,40832,699,55129.0,982.0,"$15,000 to $24,999",12.1,2
2004,Black Alone,13809000.0,40832,699,55129.0,982.0,"$25,000 to $34,999",12.3,3
2004,Black Alone,13809000.0,40832,699,55129.0,982.0,"$35,000 to $49,999",14.7,4
2004,Black Alone,13809000.0,40832,699,55129.0,982.0,"$50,000 to $74,999",16.3,5
2004,Black Alone,13809000.0,40832,699,55129.0,982.0,"$75,000 to $99,999",10.1,6
2004,Black Alone,13809000.0,40832,699,55129.0,982.0,"$100,000 to $149,999",9.1,7
2004,Black Alone,13809000.0,40832,699,55129.0,982.0,"$150,000 to $199,999",3.0,8
2004,Black Alone,13809000.0,40832,699,55129.0,982.0,"$200,000 and over",2.0,9
2003,Black Alone,13629000.0,41308,885,55919.0,986.0,"Under $15,000",19.6,1
2003,Black Alone,13629000.0,41308,885,55919.0,986.0,"$15,000 to $24,999",12.8,2
2003,Black Alone,13629000.0,41308,885,55919.0,986.0,"$25,000 to $34,999",12.0,3
2003,Black Alone,13629000.0,41308,885,55919.0,986.0,"$35,000 to $49,999",13.7,4
2003,Black Alone,13629000.0,41308,885,55919.0,986.0,"$50,000 to $74,999",16.9,5
2003,Black Alone,13629000.0,41308,885,55919.0,986.0,"$75,000 to $99,999",10.2,6
2003,Black Alone,13629000.0,41308,885,55919.0,986.0,"$100,000 to $149,999",9.7,7
2003,Black Alone,13629000.0,41308,885,55919.0,986.0,"$150,000 to $199,999",3.1,8
2003,Black Alone,13629000.0,41308,885,55919.0,986.0,"$200,000 and over",2.1,9
2002,Black Alone,13465000.0,41364,917,57018.0,1083.0,"Under $15,000",19.0,1
2002,Black Alone,13465000.0,41364,917,57018.0,1083.0,"$15,000 to $24,999",13.0,2
2002,Black Alone,13465000.0,41364,917,57018.0,1083.0,"$25,000 to $34,999",11.1,3
2002,Black Alone,13465000.0,41364,917,57018.0,1083.0,"$35,000 to $49,999",15.8,4
2002,Black Alone,13465000.0,41364,917,57018.0,1083.0,"$50,000 to $74,999",16.1,5
2002,Black Alone,13465000.0,41364,917,57018.0,1083.0,"$75,000 to $99,999",9.8,6
2002,Black Alone,13465000.0,41364,917,57018.0,1083.0,"$100,000 to $149,999",9.6,7
2002,Black Alone,13465000.0,41364,917,57018.0,1083.0,"$150,000 to $199,999",3.2,8
2002,Black Alone,13465000.0,41364,917,57018.0,1083.0,"$200,000 and over",2.3,9
2001,Black Alone,13315000.0,42658,826,56812.0,986.0,"Under $15,000",18.8,1
2001,Black Alone,13315000.0,42658,826,56812.0,986.0,"$15,000 to $24,999",12.3,2
2001,Black Alone,13315000.0,42658,826,56812.0,986.0,"$25,000 to $34,999",10.9,3
2001,Black Alone,13315000.0,42658,826,56812.0,986.0,"$35,000 to $49,999",14.8,4
2001,Black Alone,13315000.0,42658,826,56812.0,986.0,"$50,000 to $74,999",17.3,5
2001,Black Alone,13315000.0,42658,826,56812.0,986.0,"$75,000 to $99,999",10.5,6
2001,Black Alone,13315000.0,42658,826,56812.0,986.0,"$100,000 to $149,999",10.4,7
2001,Black Alone,13315000.0,42658,826,56812.0,986.0,"$150,000 to $199,999",3.0,8
2001,Black Alone,13315000.0,42658,826,56812.0,986.0,"$200,000 and over",1.8,9
2000,Black Alone,13174000.0,44166,962,58325.0,972.0,"Under $15,000",17.6,1
2000,Black Alone,13174000.0,44166,962,58325.0,972.0,"$15,000 to $24,999",11.9,2
2000,Black Alone,13174000.0,44166,962,58325.0,972.0,"$25,000 to $34,999",11.5,3
2000,Black Alone,13174000.0,44166,962,58325.0,972.0,"$35,000 to $49,999",14.5,4
2000,Black Alone,13174000.0,44166,962,58325.0,972.0,"$50,000 to $74,999",18.1,5
2000,Black Alone,13174000.0,44166,962,58325.0,972.0,"$75,000 to $99,999",11.1,6
2000,Black Alone,13174000.0,44166,962,58325.0,972.0,"$100,000 to $149,999",9.5,7
2000,Black Alone,13174000.0,44166,962,58325.0,972.0,"$150,000 to $199,999",3.9,8
2000,Black Alone,13174000.0,44166,962,58325.0,972.0,"$200,000 and over",2.0,9
1999,Black Alone,12838000.0,42960,1317,59203.0,1398.0,"Under $15,000",18.0,1
1999,Black Alone,12838000.0,42960,1317,59203.0,1398.0,"$15,000 to $24,999",12.8,2
1999,Black Alone,12838000.0,42960,1317,59203.0,1398.0,"$25,000 to $34,999",10.9,3
1999,Black Alone,12838000.0,42960,1317,59203.0,1398.0,"$35,000 to $49,999",14.6,4
1999,Black Alone,12838000.0,42960,1317,59203.0,1398.0,"$50,000 to $74,999",16.2,5
1999,Black Alone,12838000.0,42960,1317,59203.0,1398.0,"$75,000 to $99,999",11.1,6
1999,Black Alone,12838000.0,42960,1317,59203.0,1398.0,"$100,000 to $149,999",9.9,7
1999,Black Alone,12838000.0,42960,1317,59203.0,1398.0,"$150,000 to $199,999",4.0,8
1999,Black Alone,12838000.0,42960,1317,59203.0,1398.0,"$200,000 and over",2.5,9
1998,Black Alone,12579000.0,39852,1027,53667.0,1179.0,"Under $15,000",20.7,1
1998,Black Alone,12579000.0,39852,1027,53667.0,1179.0,"$15,000 to $24,999",13.5,2
1998,Black Alone,12579000.0,39852,1027,53667.0,1179.0,"$25,000 to $34,999",11.4,3
1998,Black Alone,12579000.0,39852,1027,53667.0,1179.0,"$35,000 to $49,999",13.8,4
1998,Black Alone,12579000.0,39852,1027,53667.0,1179.0,"$50,000 to $74,999",16.4,5
1998,Black Alone,12579000.0,39852,1027,53667.0,1179.0,"$75,000 to $99,999",10.2,6
1998,Black Alone,12579000.0,39852,1027,53667.0,1179.0,"$100,000 to $149,999",9.3,7
1998,Black Alone,12579000.0,39852,1027,53667.0,1179.0,"$150,000 to $199,999",2.9,8
1998,Black Alone,12579000.0,39852,1027,53667.0,1179.0,"$200,000 and over",1.8,9
1997,Black Alone,12474000.0,39913,1130,52520.0,1240.0,"Under $15,000",20.3,1
1997,Black Alone,12474000.0,39913,1130,52520.0,1240.0,"$15,000 to $24,999",13.6,2
1997,Black Alone,12474000.0,39913,1130,52520.0,1240.0,"$25,000 to $34,999",11.1,3
1997,Black Alone,12474000.0,39913,1130,52520.0,1240.0,"$35,000 to $49,999",15.1,4
1997,Black Alone,12474000.0,39913,1130,52520.0,1240.0,"$50,000 to $74,999",16.9,5
1997,Black Alone,12474000.0,39913,1130,52520.0,1240.0,"$75,000 to $99,999",10.2,6
1997,Black Alone,12474000.0,39913,1130,52520.0,1240.0,"$100,000 to $149,999",8.7,7
1997,Black Alone,12474000.0,39913,1130,52520.0,1240.0,"$150,000 to $199,999",2.7,8
1997,Black Alone,12474000.0,39913,1130,52520.0,1240.0,"$200,000 and over",1.4,9
1996,Black Alone,12109000.0,38223,1237,52837.0,1698.0,"Under $15,000",21.3,1
1996,Black Alone,12109000.0,38223,1237,52837.0,1698.0,"$15,000 to $24,999",14.3,2
1996,Black Alone,12109000.0,38223,1237,52837.0,1698.0,"$25,000 to $34,999",11.5,3
1996,Black Alone,12109000.0,38223,1237,52837.0,1698.0,"$35,000 to $49,999",14.0,4
1996,Black Alone,12109000.0,38223,1237,52837.0,1698.0,"$50,000 to $74,999",16.5,5
1996,Black Alone,12109000.0,38223,1237,52837.0,1698.0,"$75,000 to $99,999",10.6,6
1996,Black Alone,12109000.0,38223,1237,52837.0,1698.0,"$100,000 to $149,999",8.0,7
1996,Black Alone,12109000.0,38223,1237,52837.0,1698.0,"$150,000 to $199,999",2.3,8
1996,Black Alone,12109000.0,38223,1237,52837.0,1698.0,"$200,000 and over",1.5,9
1995,Black Alone,11577000.0,37421,1050,50802.0,1429.0,"Under $15,000",21.5,1
1995,Black Alone,11577000.0,37421,1050,50802.0,1429.0,"$15,000 to $24,999",14.0,2
1995,Black Alone,11577000.0,37421,1050,50802.0,1429.0,"$25,000 to $34,999",12.0,3
1995,Black Alone,11577000.0,37421,1050,50802.0,1429.0,"$35,000 to $49,999",14.2,4
1995,Black Alone,11577000.0,37421,1050,50802.0,1429.0,"$50,000 to $74,999",17.0,5
1995,Black Alone,11577000.0,37421,1050,50802.0,1429.0,"$75,000 to $99,999",9.3,6
1995,Black Alone,11577000.0,37421,1050,50802.0,1429.0,"$100,000 to $149,999",8.9,7
1995,Black Alone,11577000.0,37421,1050,50802.0,1429.0,"$150,000 to $199,999",1.9,8
1995,Black Alone,11577000.0,37421,1050,50802.0,1429.0,"$200,000 and over",1.2,9
1994,Black Alone,11655000.0,35985,1101,50073.0,1182.0,"Under $15,000",23.3,1
1994,Black Alone,11655000.0,35985,1101,50073.0,1182.0,"$15,000 to $24,999",14.0,2
1994,Black Alone,11655000.0,35985,1101,50073.0,1182.0,"$25,000 to $34,999",11.9,3
1994,Black Alone,11655000.0,35985,1101,50073.0,1182.0,"$35,000 to $49,999",14.1,4
1994,Black Alone,11655000.0,35985,1101,50073.0,1182.0,"$50,000 to $74,999",14.7,5
1994,Black Alone,11655000.0,35985,1101,50073.0,1182.0,"$75,000 to $99,999",9.7,6
1994,Black Alone,11655000.0,35985,1101,50073.0,1182.0,"$100,000 to $149,999",8.4,7
1994,Black Alone,11655000.0,35985,1101,50073.0,1182.0,"$150,000 to $199,999",2.5,8
1994,Black Alone,11655000.0,35985,1101,50073.0,1182.0,"$200,000 and over",1.4,9
1993,Black Alone,11281000.0,34126,1109,47572.0,1299.0,"Under $15,000",25.2,1
1993,Black Alone,11281000.0,34126,1109,47572.0,1299.0,"$15,000 to $24,999",14.4,2
1993,Black Alone,11281000.0,34126,1109,47572.0,1299.0,"$25,000 to $34,999",12.0,3
1993,Black Alone,11281000.0,34126,1109,47572.0,1299.0,"$35,000 to $49,999",14.1,4
1993,Black Alone,11281000.0,34126,1109,47572.0,1299.0,"$50,000 to $74,999",14.8,5
1993,Black Alone,11281000.0,34126,1109,47572.0,1299.0,"$75,000 to $99,999",8.7,6
1993,Black Alone,11281000.0,34126,1109,47572.0,1299.0,"$100,000 to $149,999",7.5,7
1993,Black Alone,11281000.0,34126,1109,47572.0,1299.0,"$150,000 to $199,999",2.2,8
1993,Black Alone,11281000.0,34126,1109,47572.0,1299.0,"$200,000 and over",1.2,9
1992,Black Alone,11269000.0,33593,1128,45585.0,1017.0,"Under $15,000",26.2,1
1992,Black Alone,11269000.0,33593,1128,45585.0,1017.0,"$15,000 to $24,999",14.1,2
1992,Black Alone,11269000.0,33593,1128,45585.0,1017.0,"$25,000 to $34,999",11.3,3
1992,Black Alone,11269000.0,33593,1128,45585.0,1017.0,"$35,000 to $49,999",13.9,4
1992,Black Alone,11269000.0,33593,1128,45585.0,1017.0,"$50,000 to $74,999",15.9,5
1992,Black Alone,11269000.0,33593,1128,45585.0,1017.0,"$75,000 to $99,999",8.9,6
1992,Black Alone,11269000.0,33593,1128,45585.0,1017.0,"$100,000 to $149,999",6.8,7
1992,Black Alone,11269000.0,33593,1128,45585.0,1017.0,"$150,000 to $199,999",2.1,8
1992,Black Alone,11269000.0,33593,1128,45585.0,1017.0,"$200,000 and over",0.9,9
1991,Black Alone,11083000.0,34524,1193,45971.0,987.0,"Under $15,000",26.0,1
1991,Black Alone,11083000.0,34524,1193,45971.0,987.0,"$15,000 to $24,999",13.3,2
1991,Black Alone,11083000.0,34524,1193,45971.0,987.0,"$25,000 to $34,999",11.3,3
1991,Black Alone,11083000.0,34524,1193,45971.0,987.0,"$35,000 to $49,999",13.9,4
1991,Black Alone,11083000.0,34524,1193,45971.0,987.0,"$50,000 to $74,999",16.4,5
1991,Black Alone,11083000.0,34524,1193,45971.0,987.0,"$75,000 to $99,999",9.2,6
1991,Black Alone,11083000.0,34524,1193,45971.0,987.0,"$100,000 to $149,999",7.1,7
1991,Black Alone,11083000.0,34524,1193,45971.0,987.0,"$150,000 to $199,999",1.9,8
1991,Black Alone,11083000.0,34524,1193,45971.0,987.0,"$200,000 and over",0.8,9
1990,Black Alone,10671000.0,35531,1333,47208.0,1048.0,"Under $15,000",24.9,1
1990,Black Alone,10671000.0,35531,1333,47208.0,1048.0,"$15,000 to $24,999",13.9,2
1990,Black Alone,10671000.0,35531,1333,47208.0,1048.0,"$25,000 to $34,999",10.9,3
1990,Black Alone,10671000.0,35531,1333,47208.0,1048.0,"$35,000 to $49,999",14.1,4
1990,Black Alone,10671000.0,35531,1333,47208.0,1048.0,"$50,000 to $74,999",16.5,5
1990,Black Alone,10671000.0,35531,1333,47208.0,1048.0,"$75,000 to $99,999",9.4,6
1990,Black Alone,10671000.0,35531,1333,47208.0,1048.0,"$100,000 to $149,999",7.3,7
1990,Black Alone,10671000.0,35531,1333,47208.0,1048.0,"$150,000 to $199,999",2.1,8
1990,Black Alone,10671000.0,35531,1333,47208.0,1048.0,"$200,000 and over",0.9,9
1989,Black Alone,10486000.0,36099,1208,47901.0,1071.0,"Under $15,000",24.7,1
1989,Black Alone,10486000.0,36099,1208,47901.0,1071.0,"$15,000 to $24,999",13.4,2
1989,Black Alone,10486000.0,36099,1208,47901.0,1071.0,"$25,000 to $34,999",11.0,3
1989,Black Alone,10486000.0,36099,1208,47901.0,1071.0,"$35,000 to $49,999",14.3,4
1989,Black Alone,10486000.0,36099,1208,47901.0,1071.0,"$50,000 to $74,999",16.4,5
1989,Black Alone,10486000.0,36099,1208,47901.0,1071.0,"$75,000 to $99,999",9.1,6
1989,Black Alone,10486000.0,36099,1208,47901.0,1071.0,"$100,000 to $149,999",8.2,7
1989,Black Alone,10486000.0,36099,1208,47901.0,1071.0,"$150,000 to $199,999",2.2,8
1989,Black Alone,10486000.0,36099,1208,47901.0,1071.0,"$200,000 and over",0.8,9
1988,Black Alone,10561000.0,34185,1172,46832.0,1124.0,"Under $15,000",25.3,1
1988,Black Alone,10561000.0,34185,1172,46832.0,1124.0,"$15,000 to $24,999",14.2,2
1988,Black Alone,10561000.0,34185,1172,46832.0,1124.0,"$25,000 to $34,999",11.3,3
1988,Black Alone,10561000.0,34185,1172,46832.0,1124.0,"$35,000 to $49,999",13.8,4
1988,Black Alone,10561000.0,34185,1172,46832.0,1124.0,"$50,000 to $74,999",15.3,5
1988,Black Alone,10561000.0,34185,1172,46832.0,1124.0,"$75,000 to $99,999",9.2,6
1988,Black Alone,10561000.0,34185,1172,46832.0,1124.0,"$100,000 to $149,999",8.0,7
1988,Black Alone,10561000.0,34185,1172,46832.0,1124.0,"$150,000 to $199,999",2.0,8
1988,Black Alone,10561000.0,34185,1172,46832.0,1124.0,"$200,000 and over",1.0,9
1987,Black Alone,10192000.0,33833,1065,45683.0,1033.0,"Under $15,000",25.7,1
1987,Black Alone,10192000.0,33833,1065,45683.0,1033.0,"$15,000 to $24,999",14.2,2
1987,Black Alone,10192000.0,33833,1065,45683.0,1033.0,"$25,000 to $34,999",11.6,3
1987,Black Alone,10192000.0,33833,1065,45683.0,1033.0,"$35,000 to $49,999",15.1,4
1987,Black Alone,10192000.0,33833,1065,45683.0,1033.0,"$50,000 to $74,999",14.7,5
1987,Black Alone,10192000.0,33833,1065,45683.0,1033.0,"$75,000 to $99,999",9.0,6
1987,Black Alone,10192000.0,33833,1065,45683.0,1033.0,"$100,000 to $149,999",6.9,7
1987,Black Alone,10192000.0,33833,1065,45683.0,1033.0,"$150,000 to $199,999",1.6,8
1987,Black Alone,10192000.0,33833,1065,45683.0,1033.0,"$200,000 and over",1.1,9
1986,Black Alone,9922000.0,33675,1087,45180.0,1010.0,"Under $15,000",25.7,1
1986,Black Alone,9922000.0,33675,1087,45180.0,1010.0,"$15,000 to $24,999",14.2,2
1986,Black Alone,9922000.0,33675,1087,45180.0,1010.0,"$25,000 to $34,999",11.8,3
1986,Black Alone,9922000.0,33675,1087,45180.0,1010.0,"$35,000 to $49,999",13.9,4
1986,Black Alone,9922000.0,33675,1087,45180.0,1010.0,"$50,000 to $74,999",16.0,5
1986,Black Alone,9922000.0,33675,1087,45180.0,1010.0,"$75,000 to $99,999",9.3,6
1986,Black Alone,9922000.0,33675,1087,45180.0,1010.0,"$100,000 to $149,999",6.4,7
1986,Black Alone,9922000.0,33675,1087,45180.0,1010.0,"$150,000 to $199,999",1.9,8
1986,Black Alone,9922000.0,33675,1087,45180.0,1010.0,"$200,000 and over",0.7,9
1985,Black Alone,9797000.0,33671,1076,43933.0,938.0,"Under $15,000",25.0,1
1985,Black Alone,9797000.0,33671,1076,43933.0,938.0,"$15,000 to $24,999",15.2,2
1985,Black Alone,9797000.0,33671,1076,43933.0,938.0,"$25,000 to $34,999",11.9,3
1985,Black Alone,9797000.0,33671,1076,43933.0,938.0,"$35,000 to $49,999",14.8,4
1985,Black Alone,9797000.0,33671,1076,43933.0,938.0,"$50,000 to $74,999",15.8,5
1985,Black Alone,9797000.0,33671,1076,43933.0,938.0,"$75,000 to $99,999",8.6,6
1985,Black Alone,9797000.0,33671,1076,43933.0,938.0,"$100,000 to $149,999",6.9,7
1985,Black Alone,9797000.0,33671,1076,43933.0,938.0,"$150,000 to $199,999",1.2,8
1985,Black Alone,9797000.0,33671,1076,43933.0,938.0,"$200,000 and over",0.6,9
1984,Black Alone,9480000.0,31659,1001,42223.0,854.0,"Under $15,000",25.5,1
1984,Black Alone,9480000.0,31659,1001,42223.0,854.0,"$15,000 to $24,999",16.1,2
1984,Black Alone,9480000.0,31659,1001,42223.0,854.0,"$25,000 to $34,999",12.4,3
1984,Black Alone,9480000.0,31659,1001,42223.0,854.0,"$35,000 to $49,999",15.0,4
1984,Black Alone,9480000.0,31659,1001,42223.0,854.0,"$50,000 to $74,999",15.1,5
1984,Black Alone,9480000.0,31659,1001,42223.0,854.0,"$75,000 to $99,999",7.7,6
1984,Black Alone,9480000.0,31659,1001,42223.0,854.0,"$100,000 to $149,999",6.4,7
1984,Black Alone,9480000.0,31659,1001,42223.0,854.0,"$150,000 to $199,999",1.3,8
1984,Black Alone,9480000.0,31659,1001,42223.0,854.0,"$200,000 and over",0.4,9
1983,Black Alone,9236000.0,30426,938,40468.0,821.0,"Under $15,000",27.2,1
1983,Black Alone,9236000.0,30426,938,40468.0,821.0,"$15,000 to $24,999",15.9,2
1983,Black Alone,9236000.0,30426,938,40468.0,821.0,"$25,000 to $34,999",12.5,3
1983,Black Alone,9236000.0,30426,938,40468.0,821.0,"$35,000 to $49,999",14.3,4
1983,Black Alone,9236000.0,30426,938,40468.0,821.0,"$50,000 to $74,999",15.0,5
1983,Black Alone,9236000.0,30426,938,40468.0,821.0,"$75,000 to $99,999",8.1,6
1983,Black Alone,9236000.0,30426,938,40468.0,821.0,"$100,000 to $149,999",5.7,7
1983,Black Alone,9236000.0,30426,938,40468.0,821.0,"$150,000 to $199,999",1.1,8
1983,Black Alone,9236000.0,30426,938,40468.0,821.0,"$200,000 and over",0.2,9
1982,Black Alone,8916000.0,30549,806,40195.0,827.0,"Under $15,000",26.3,1
1982,Black Alone,8916000.0,30549,806,40195.0,827.0,"$15,000 to $24,999",15.6,2
1982,Black Alone,8916000.0,30549,806,40195.0,827.0,"$25,000 to $34,999",13.7,3
1982,Black Alone,8916000.0,30549,806,40195.0,827.0,"$35,000 to $49,999",13.2,4
1982,Black Alone,8916000.0,30549,806,40195.0,827.0,"$50,000 to $74,999",16.9,5
1982,Black Alone,8916000.0,30549,806,40195.0,827.0,"$75,000 to $99,999",8.4,6
1982,Black Alone,8916000.0,30549,806,40195.0,827.0,"$100,000 to $149,999",4.4,7
1982,Black Alone,8916000.0,30549,806,40195.0,827.0,"$150,000 to $199,999",1.0,8
1982,Black Alone,8916000.0,30549,806,40195.0,827.0,"$200,000 and over",0.3,9
1981,Black Alone,8961000.0,30610,846,40211.0,801.0,"Under $15,000",26.6,1
1981,Black Alone,8961000.0,30610,846,40211.0,801.0,"$15,000 to $24,999",16.0,2
1981,Black Alone,8961000.0,30610,846,40211.0,801.0,"$25,000 to $34,999",13.1,3
1981,Black Alone,8961000.0,30610,846,40211.0,801.0,"$35,000 to $49,999",13.8,4
1981,Black Alone,8961000.0,30610,846,40211.0,801.0,"$50,000 to $74,999",15.5,5
1981,Black Alone,8961000.0,30610,846,40211.0,801.0,"$75,000 to $99,999",8.4,6
1981,Black Alone,8961000.0,30610,846,40211.0,801.0,"$100,000 to $149,999",5.6,7
1981,Black Alone,8961000.0,30610,846,40211.0,801.0,"$150,000 to $199,999",0.9,8
1981,Black Alone,8961000.0,30610,846,40211.0,801.0,"$200,000 and over",0.1,9
1980,Black Alone,8847000.0,31885,989,41382.0,838.0,"Under $15,000",24.9,1
1980,Black Alone,8847000.0,31885,989,41382.0,838.0,"$15,000 to $24,999",16.3,2
1980,Black Alone,8847000.0,31885,989,41382.0,838.0,"$25,000 to $34,999",12.6,3
1980,Black Alone,8847000.0,31885,989,41382.0,838.0,"$35,000 to $49,999",14.7,4
1980,Black Alone,8847000.0,31885,989,41382.0,838.0,"$50,000 to $74,999",16.6,5
1980,Black Alone,8847000.0,31885,989,41382.0,838.0,"$75,000 to $99,999",8.2,6
1980,Black Alone,8847000.0,31885,989,41382.0,838.0,"$100,000 to $149,999",5.6,7
1980,Black Alone,8847000.0,31885,989,41382.0,838.0,"$150,000 to $199,999",0.9,8
1980,Black Alone,8847000.0,31885,989,41382.0,838.0,"$200,000 and over",0.3,9
1979,Black Alone,8586000.0,33378,1002,42828.0,867.0,"Under $15,000",23.7,1
1979,Black Alone,8586000.0,33378,1002,42828.0,867.0,"$15,000 to $24,999",15.8,2
1979,Black Alone,8586000.0,33378,1002,42828.0,867.0,"$25,000 to $34,999",13.0,3
1979,Black Alone,8586000.0,33378,1002,42828.0,867.0,"$35,000 to $49,999",14.7,4
1979,Black Alone,8586000.0,33378,1002,42828.0,867.0,"$50,000 to $74,999",16.3,5
1979,Black Alone,8586000.0,33378,1002,42828.0,867.0,"$75,000 to $99,999",9.2,6
1979,Black Alone,8586000.0,33378,1002,42828.0,867.0,"$100,000 to $149,999",6.1,7
1979,Black Alone,8586000.0,33378,1002,42828.0,867.0,"$150,000 to $199,999",1.0,8
1979,Black Alone,8586000.0,33378,1002,42828.0,867.0,"$200,000 and over",0.3,9
1978,Black Alone,8066000.0,33939,1181,43373.0,931.0,"Under $15,000",23.4,1
1978,Black Alone,8066000.0,33939,1181,43373.0,931.0,"$15,000 to $24,999",15.4,2
1978,Black Alone,8066000.0,33939,1181,43373.0,931.0,"$25,000 to $34,999",12.6,3
1978,Black Alone,8066000.0,33939,1181,43373.0,931.0,"$35,000 to $49,999",14.5,4
1978,Black Alone,8066000.0,33939,1181,43373.0,931.0,"$50,000 to $74,999",17.5,5
1978,Black Alone,8066000.0,33939,1181,43373.0,931.0,"$75,000 to $99,999",8.6,6
1978,Black Alone,8066000.0,33939,1181,43373.0,931.0,"$100,000 to $149,999",6.7,7
1978,Black Alone,8066000.0,33939,1181,43373.0,931.0,"$150,000 to $199,999",1.1,8
1978,Black Alone,8066000.0,33939,1181,43373.0,931.0,"$200,000 and over",0.2,9
1977,Black Alone,7977000.0,32455,716,41585.0,609.0,"Under $15,000",22.9,1
1977,Black Alone,7977000.0,32455,716,41585.0,609.0,"$15,000 to $24,999",17.5,2
1977,Black Alone,7977000.0,32455,716,41585.0,609.0,"$25,000 to $34,999",13.4,3
1977,Black Alone,7977000.0,32455,716,41585.0,609.0,"$35,000 to $49,999",14.9,4
1977,Black Alone,7977000.0,32455,716,41585.0,609.0,"$50,000 to $74,999",16.4,5
1977,Black Alone,7977000.0,32455,716,41585.0,609.0,"$75,000 to $99,999",8.4,6
1977,Black Alone,7977000.0,32455,716,41585.0,609.0,"$100,000 to $149,999",5.3,7
1977,Black Alone,7977000.0,32455,716,41585.0,609.0,"$150,000 to $199,999",0.7,8
1977,Black Alone,7977000.0,32455,716,41585.0,609.0,"$200,000 and over",0.4,9
1976,Black Alone,7776000.0,32373,660,41362.0,607.0,"Under $15,000",23.1,1
1976,Black Alone,7776000.0,32373,660,41362.0,607.0,"$15,000 to $24,999",17.6,2
1976,Black Alone,7776000.0,32373,660,41362.0,607.0,"$25,000 to $34,999",12.7,3
1976,Black Alone,7776000.0,32373,660,41362.0,607.0,"$35,000 to $49,999",14.8,4
1976,Black Alone,7776000.0,32373,660,41362.0,607.0,"$50,000 to $74,999",17.3,5
1976,Black Alone,7776000.0,32373,660,41362.0,607.0,"$75,000 to $99,999",8.7,6
1976,Black Alone,7776000.0,32373,660,41362.0,607.0,"$100,000 to $149,999",4.8,7
1976,Black Alone,7776000.0,32373,660,41362.0,607.0,"$150,000 to $199,999",0.6,8
1976,Black Alone,7776000.0,32373,660,41362.0,607.0,"$200,000 and over",0.3,9
1975,Black Alone,7489000.0,32096,777,40063.0,584.0,"Under $15,000",24.3,1
1975,Black Alone,7489000.0,32096,777,40063.0,584.0,"$15,000 to $24,999",16.9,2
1975,Black Alone,7489000.0,32096,777,40063.0,584.0,"$25,000 to $34,999",12.9,3
1975,Black Alone,7489000.0,32096,777,40063.0,584.0,"$35,000 to $49,999",15.7,4
1975,Black Alone,7489000.0,32096,777,40063.0,584.0,"$50,000 to $74,999",16.8,5
1975,Black Alone,7489000.0,32096,777,40063.0,584.0,"$75,000 to $99,999",8.3,6
1975,Black Alone,7489000.0,32096,777,40063.0,584.0,"$100,000 to $149,999",4.3,7
1975,Black Alone,7489000.0,32096,777,40063.0,584.0,"$150,000 to $199,999",0.7,8
1975,Black Alone,7489000.0,32096,777,40063.0,584.0,"$200,000 and over",0.1,9
1974,Black Alone,7263000.0,32652,648,40609.0,594.0,"Under $15,000",23.0,1
1974,Black Alone,7263000.0,32652,648,40609.0,594.0,"$15,000 to $24,999",16.4,2
1974,Black Alone,7263000.0,32652,648,40609.0,594.0,"$25,000 to $34,999",13.8,3
1974,Black Alone,7263000.0,32652,648,40609.0,594.0,"$35,000 to $49,999",16.2,4
1974,Black Alone,7263000.0,32652,648,40609.0,594.0,"$50,000 to $74,999",16.5,5
1974,Black Alone,7263000.0,32652,648,40609.0,594.0,"$75,000 to $99,999",8.7,6
1974,Black Alone,7263000.0,32652,648,40609.0,594.0,"$100,000 to $149,999",4.6,7
1974,Black Alone,7263000.0,32652,648,40609.0,594.0,"$150,000 to $199,999",0.6,8
1974,Black Alone,7263000.0,32652,648,40609.0,594.0,"$200,000 and over",0.2,9
1973,Black Alone,7040000.0,33447,857,41534.0,679.0,"Under $15,000",21.4,1
1973,Black Alone,7040000.0,33447,857,41534.0,679.0,"$15,000 to $24,999",16.9,2
1973,Black Alone,7040000.0,33447,857,41534.0,679.0,"$25,000 to $34,999",12.9,3
1973,Black Alone,7040000.0,33447,857,41534.0,679.0,"$35,000 to $49,999",16.2,4
1973,Black Alone,7040000.0,33447,857,41534.0,679.0,"$50,000 to $74,999",17.9,5
1973,Black Alone,7040000.0,33447,857,41534.0,679.0,"$75,000 to $99,999",8.6,6
1973,Black Alone,7040000.0,33447,857,41534.0,679.0,"$100,000 to $149,999",4.7,7
1973,Black Alone,7040000.0,33447,857,41534.0,679.0,"$150,000 to $199,999",0.9,8
1973,Black Alone,7040000.0,33447,857,41534.0,679.0,"$200,000 and over",0.4,9
1972,Black Alone,6809000.0,32542,802,41108.0,721.0,"Under $15,000",23.1,1
1972,Black Alone,6809000.0,32542,802,41108.0,721.0,"$15,000 to $24,999",16.5,2
1972,Black Alone,6809000.0,32542,802,41108.0,721.0,"$25,000 to $34,999",13.8,3
1972,Black Alone,6809000.0,32542,802,41108.0,721.0,"$35,000 to $49,999",15.9,4
1972,Black Alone,6809000.0,32542,802,41108.0,721.0,"$50,000 to $74,999",16.0,5
1972,Black Alone,6809000.0,32542,802,41108.0,721.0,"$75,000 to $99,999",9.2,6
1972,Black Alone,6809000.0,32542,802,41108.0,721.0,"$100,000 to $149,999",4.3,7
1972,Black Alone,6809000.0,32542,802,41108.0,721.0,"$150,000 to $199,999",0.8,8
1972,Black Alone,6809000.0,32542,802,41108.0,721.0,"$200,000 and over",0.4,9
1971,Black Alone,6578000.0,31486,771,39016.0,659.0,"Under $15,000",24.7,1
1971,Black Alone,6578000.0,31486,771,39016.0,659.0,"$15,000 to $24,999",16.2,2
1971,Black Alone,6578000.0,31486,771,39016.0,659.0,"$25,000 to $34,999",14.2,3
1971,Black Alone,6578000.0,31486,771,39016.0,659.0,"$35,000 to $49,999",16.3,4
1971,Black Alone,6578000.0,31486,771,39016.0,659.0,"$50,000 to $74,999",16.7,5
1971,Black Alone,6578000.0,31486,771,39016.0,659.0,"$75,000 to $99,999",7.3,6
1971,Black Alone,6578000.0,31486,771,39016.0,659.0,"$100,000 to $149,999",3.8,7
1971,Black Alone,6578000.0,31486,771,39016.0,659.0,"$150,000 to $199,999",0.6,8
1971,Black Alone,6578000.0,31486,771,39016.0,659.0,"$200,000 and over",0.2,9
1970,Black Alone,6180000.0,32624,737,39836.0,708.0,"Under $15,000",24.1,1
1970,Black Alone,6180000.0,32624,737,39836.0,708.0,"$15,000 to $24,999",15.8,2
1970,Black Alone,6180000.0,32624,737,39836.0,708.0,"$25,000 to $34,999",13.7,3
1970,Black Alone,6180000.0,32624,737,39836.0,708.0,"$35,000 to $49,999",17.1,4
1970,Black Alone,6180000.0,32624,737,39836.0,708.0,"$50,000 to $74,999",16.7,5
1970,Black Alone,6180000.0,32624,737,39836.0,708.0,"$75,000 to $99,999",7.4,6
1970,Black Alone,6180000.0,32624,737,39836.0,708.0,"$100,000 to $149,999",4.4,7
1970,Black Alone,6180000.0,32624,737,39836.0,708.0,"$150,000 to $199,999",0.6,8
1970,Black Alone,6180000.0,32624,737,39836.0,708.0,"$200,000 and over",0.2,9
1969,Black Alone,6053000.0,32717,793,38948.0,681.0,"Under $15,000",24.0,1
1969,Black Alone,6053000.0,32717,793,38948.0,681.0,"$15,000 to $24,999",16.1,2
1969,Black Alone,6053000.0,32717,793,38948.0,681.0,"$25,000 to $34,999",14.1,3
1969,Black Alone,6053000.0,32717,793,38948.0,681.0,"$35,000 to $49,999",17.7,4
1969,Black Alone,6053000.0,32717,793,38948.0,681.0,"$50,000 to $74,999",16.9,5
1969,Black Alone,6053000.0,32717,793,38948.0,681.0,"$75,000 to $99,999",6.7,6
1969,Black Alone,6053000.0,32717,793,38948.0,681.0,"$100,000 to $149,999",3.8,7
1969,Black Alone,6053000.0,32717,793,38948.0,681.0,"$150,000 to $199,999",0.5,8
1969,Black Alone,6053000.0,32717,793,38948.0,681.0,"$200,000 and over",0.1,9
1968,Black Alone,5870000.0,30701,733,37392.0,648.0,"Under $15,000",24.4,1
1968,Black Alone,5870000.0,30701,733,37392.0,648.0,"$15,000 to $24,999",17.0,2
1968,Black Alone,5870000.0,30701,733,37392.0,648.0,"$25,000 to $34,999",15.5,3
1968,Black Alone,5870000.0,30701,733,37392.0,648.0,"$35,000 to $49,999",16.2,4
1968,Black Alone,5870000.0,30701,733,37392.0,648.0,"$50,000 to $74,999",16.6,5
1968,Black Alone,5870000.0,30701,733,37392.0,648.0,"$75,000 to $99,999",6.5,6
1968,Black Alone,5870000.0,30701,733,37392.0,648.0,"$100,000 to $149,999",3.2,7
1968,Black Alone,5870000.0,30701,733,37392.0,648.0,"$150,000 to $199,999",0.4,8
1968,Black Alone,5870000.0,30701,733,37392.0,648.0,"$200,000 and over",0.1,9
1967,Black Alone,5728000.0,29026,795,34878.0,640.0,"Under $15,000",26.8,1
1967,Black Alone,5728000.0,29026,795,34878.0,640.0,"$15,000 to $24,999",17.7,2
1967,Black Alone,5728000.0,29026,795,34878.0,640.0,"$25,000 to $34,999",15.2,3
1967,Black Alone,5728000.0,29026,795,34878.0,640.0,"$35,000 to $49,999",16.4,4
1967,Black Alone,5728000.0,29026,795,34878.0,640.0,"$50,000 to $74,999",14.8,5
1967,Black Alone,5728000.0,29026,795,34878.0,640.0,"$75,000 to $99,999",5.5,6
1967,Black Alone,5728000.0,29026,795,34878.0,640.0,"$100,000 to $149,999",2.7,7
1967,Black Alone,5728000.0,29026,795,34878.0,640.0,"$150,000 to $199,999",0.6,8
1967,Black Alone,5728000.0,29026,795,34878.0,640.0,"$200,000 and over",0.3,9
2019,Asian Alone or in Combination,7334000.0,97150,2746,131643.0,4343.0,"Under $15,000",6.3,1
2019,Asian Alone or in Combination,7334000.0,97150,2746,131643.0,4343.0,"$15,000 to $24,999",5.1,2
2019,Asian Alone or in Combination,7334000.0,97150,2746,131643.0,4343.0,"$25,000 to $34,999",5.1,3
2019,Asian Alone or in Combination,7334000.0,97150,2746,131643.0,4343.0,"$35,000 to $49,999",8.6,4
2019,Asian Alone or in Combination,7334000.0,97150,2746,131643.0,4343.0,"$50,000 to $74,999",13.6,5
2019,Asian Alone or in Combination,7334000.0,97150,2746,131643.0,4343.0,"$75,000 to $99,999",12.5,6
2019,Asian Alone or in Combination,7334000.0,97150,2746,131643.0,4343.0,"$100,000 to $149,999",17.9,7
2019,Asian Alone or in Combination,7334000.0,97150,2746,131643.0,4343.0,"$150,000 to $199,999",12.5,8
2019,Asian Alone or in Combination,7334000.0,97150,2746,131643.0,4343.0,"$200,000 and over",18.3,9
2018,Asian Alone or in Combination,7416000.0,88388,2475,121066.0,3592.0,"Under $15,000",8.2,1
2018,Asian Alone or in Combination,7416000.0,88388,2475,121066.0,3592.0,"$15,000 to $24,999",6.3,2
2018,Asian Alone or in Combination,7416000.0,88388,2475,121066.0,3592.0,"$25,000 to $34,999",5.9,3
2018,Asian Alone or in Combination,7416000.0,88388,2475,121066.0,3592.0,"$35,000 to $49,999",8.6,4
2018,Asian Alone or in Combination,7416000.0,88388,2475,121066.0,3592.0,"$50,000 to $74,999",14.1,5
2018,Asian Alone or in Combination,7416000.0,88388,2475,121066.0,3592.0,"$75,000 to $99,999",12.2,6
2018,Asian Alone or in Combination,7416000.0,88388,2475,121066.0,3592.0,"$100,000 to $149,999",18.1,7
2018,Asian Alone or in Combination,7416000.0,88388,2475,121066.0,3592.0,"$150,000 to $199,999",10.1,8
2018,Asian Alone or in Combination,7416000.0,88388,2475,121066.0,3592.0,"$200,000 and over",16.6,9
2017,Asian Alone or in Combination,7114000.0,84437,1976,118603.0,4130.0,"Under $15,000",8.6,1
2017,Asian Alone or in Combination,7114000.0,84437,1976,118603.0,4130.0,"$15,000 to $24,999",6.3,2
2017,Asian Alone or in Combination,7114000.0,84437,1976,118603.0,4130.0,"$25,000 to $34,999",6.0,3
2017,Asian Alone or in Combination,7114000.0,84437,1976,118603.0,4130.0,"$35,000 to $49,999",9.3,4
2017,Asian Alone or in Combination,7114000.0,84437,1976,118603.0,4130.0,"$50,000 to $74,999",14.4,5
2017,Asian Alone or in Combination,7114000.0,84437,1976,118603.0,4130.0,"$75,000 to $99,999",12.6,6
2017,Asian Alone or in Combination,7114000.0,84437,1976,118603.0,4130.0,"$100,000 to $149,999",16.3,7
2017,Asian Alone or in Combination,7114000.0,84437,1976,118603.0,4130.0,"$150,000 to $199,999",10.9,8
2017,Asian Alone or in Combination,7114000.0,84437,1976,118603.0,4130.0,"$200,000 and over",15.6,9
2016,Asian Alone or in Combination,6750000.0,86105,1982,113870.0,3105.0,"Under $15,000",8.7,1
2016,Asian Alone or in Combination,6750000.0,86105,1982,113870.0,3105.0,"$15,000 to $24,999",6.1,2
2016,Asian Alone or in Combination,6750000.0,86105,1982,113870.0,3105.0,"$25,000 to $34,999",6.2,3
2016,Asian Alone or in Combination,6750000.0,86105,1982,113870.0,3105.0,"$35,000 to $49,999",7.8,4
2016,Asian Alone or in Combination,6750000.0,86105,1982,113870.0,3105.0,"$50,000 to $74,999",14.9,5
2016,Asian Alone or in Combination,6750000.0,86105,1982,113870.0,3105.0,"$75,000 to $99,999",13.3,6
2016,Asian Alone or in Combination,6750000.0,86105,1982,113870.0,3105.0,"$100,000 to $149,999",16.9,7
2016,Asian Alone or in Combination,6750000.0,86105,1982,113870.0,3105.0,"$150,000 to $199,999",12.0,8
2016,Asian Alone or in Combination,6750000.0,86105,1982,113870.0,3105.0,"$200,000 and over",14.0,9
2015,Asian Alone or in Combination,6640000.0,82833,2483,113449.0,3904.0,"Under $15,000",9.3,1
2015,Asian Alone or in Combination,6640000.0,82833,2483,113449.0,3904.0,"$15,000 to $24,999",6.5,2
2015,Asian Alone or in Combination,6640000.0,82833,2483,113449.0,3904.0,"$25,000 to $34,999",6.0,3
2015,Asian Alone or in Combination,6640000.0,82833,2483,113449.0,3904.0,"$35,000 to $49,999",9.1,4
2015,Asian Alone or in Combination,6640000.0,82833,2483,113449.0,3904.0,"$50,000 to $74,999",15.0,5
2015,Asian Alone or in Combination,6640000.0,82833,2483,113449.0,3904.0,"$75,000 to $99,999",12.0,6
2015,Asian Alone or in Combination,6640000.0,82833,2483,113449.0,3904.0,"$100,000 to $149,999",16.9,7
2015,Asian Alone or in Combination,6640000.0,82833,2483,113449.0,3904.0,"$150,000 to $199,999",11.1,8
2015,Asian Alone or in Combination,6640000.0,82833,2483,113449.0,3904.0,"$200,000 and over",14.1,9
2014,Asian Alone or in Combination,6333000.0,80888,3523,106088.0,3427.0,"Under $15,000",9.3,1
2014,Asian Alone or in Combination,6333000.0,80888,3523,106088.0,3427.0,"$15,000 to $24,999",6.5,2
2014,Asian Alone or in Combination,6333000.0,80888,3523,106088.0,3427.0,"$25,000 to $34,999",7.4,3
2014,Asian Alone or in Combination,6333000.0,80888,3523,106088.0,3427.0,"$35,000 to $49,999",9.2,4
2014,Asian Alone or in Combination,6333000.0,80888,3523,106088.0,3427.0,"$50,000 to $74,999",14.3,5
2014,Asian Alone or in Combination,6333000.0,80888,3523,106088.0,3427.0,"$75,000 to $99,999",12.9,6
2014,Asian Alone or in Combination,6333000.0,80888,3523,106088.0,3427.0,"$100,000 to $149,999",17.6,7
2014,Asian Alone or in Combination,6333000.0,80888,3523,106088.0,3427.0,"$150,000 to $199,999",11.3,8
2014,Asian Alone or in Combination,6333000.0,80888,3523,106088.0,3427.0,"$200,000 and over",11.5,9
2013,Asian Alone or in Combination,6160000.0,79666,5772,111112.0,7638.0,"Under $15,000",9.7,1
2013,Asian Alone or in Combination,6160000.0,79666,5772,111112.0,7638.0,"$15,000 to $24,999",7.2,2
2013,Asian Alone or in Combination,6160000.0,79666,5772,111112.0,7638.0,"$25,000 to $34,999",5.3,3
2013,Asian Alone or in Combination,6160000.0,79666,5772,111112.0,7638.0,"$35,000 to $49,999",9.9,4
2013,Asian Alone or in Combination,6160000.0,79666,5772,111112.0,7638.0,"$50,000 to $74,999",15.1,5
2013,Asian Alone or in Combination,6160000.0,79666,5772,111112.0,7638.0,"$75,000 to $99,999",13.2,6
2013,Asian Alone or in Combination,6160000.0,79666,5772,111112.0,7638.0,"$100,000 to $149,999",17.6,7
2013,Asian Alone or in Combination,6160000.0,79666,5772,111112.0,7638.0,"$150,000 to $199,999",8.9,8
2013,Asian Alone or in Combination,6160000.0,79666,5772,111112.0,7638.0,"$200,000 and over",13.1,9
2012,Asian Alone or in Combination,5872000.0,76061,3188,102300.0,3476.0,"Under $15,000",9.7,1
2012,Asian Alone or in Combination,5872000.0,76061,3188,102300.0,3476.0,"$15,000 to $24,999",6.3,2
2012,Asian Alone or in Combination,5872000.0,76061,3188,102300.0,3476.0,"$25,000 to $34,999",7.4,3
2012,Asian Alone or in Combination,5872000.0,76061,3188,102300.0,3476.0,"$35,000 to $49,999",9.1,4
2012,Asian Alone or in Combination,5872000.0,76061,3188,102300.0,3476.0,"$50,000 to $74,999",17.1,5
2012,Asian Alone or in Combination,5872000.0,76061,3188,102300.0,3476.0,"$75,000 to $99,999",12.4,6
2012,Asian Alone or in Combination,5872000.0,76061,3188,102300.0,3476.0,"$100,000 to $149,999",17.2,7
2012,Asian Alone or in Combination,5872000.0,76061,3188,102300.0,3476.0,"$150,000 to $199,999",9.8,8
2012,Asian Alone or in Combination,5872000.0,76061,3188,102300.0,3476.0,"$200,000 and over",11.0,9
2011,Asian Alone or in Combination,5705000.0,74041,2931,97725.0,3847.0,"Under $15,000",9.2,1
2011,Asian Alone or in Combination,5705000.0,74041,2931,97725.0,3847.0,"$15,000 to $24,999",8.1,2
2011,Asian Alone or in Combination,5705000.0,74041,2931,97725.0,3847.0,"$25,000 to $34,999",7.5,3
2011,Asian Alone or in Combination,5705000.0,74041,2931,97725.0,3847.0,"$35,000 to $49,999",10.3,4
2011,Asian Alone or in Combination,5705000.0,74041,2931,97725.0,3847.0,"$50,000 to $74,999",15.8,5
2011,Asian Alone or in Combination,5705000.0,74041,2931,97725.0,3847.0,"$75,000 to $99,999",13.3,6
2011,Asian Alone or in Combination,5705000.0,74041,2931,97725.0,3847.0,"$100,000 to $149,999",17.6,7
2011,Asian Alone or in Combination,5705000.0,74041,2931,97725.0,3847.0,"$150,000 to $199,999",8.5,8
2011,Asian Alone or in Combination,5705000.0,74041,2931,97725.0,3847.0,"$200,000 and over",9.7,9
2010,Asian Alone or in Combination,5550000.0,74650,2832,98371.0,3108.0,"Under $15,000",9.5,1
2010,Asian Alone or in Combination,5550000.0,74650,2832,98371.0,3108.0,"$15,000 to $24,999",7.7,2
2010,Asian Alone or in Combination,5550000.0,74650,2832,98371.0,3108.0,"$25,000 to $34,999",6.9,3
2010,Asian Alone or in Combination,5550000.0,74650,2832,98371.0,3108.0,"$35,000 to $49,999",9.9,4
2010,Asian Alone or in Combination,5550000.0,74650,2832,98371.0,3108.0,"$50,000 to $74,999",16.0,5
2010,Asian Alone or in Combination,5550000.0,74650,2832,98371.0,3108.0,"$75,000 to $99,999",12.5,6
2010,Asian Alone or in Combination,5550000.0,74650,2832,98371.0,3108.0,"$100,000 to $149,999",17.0,7
2010,Asian Alone or in Combination,5550000.0,74650,2832,98371.0,3108.0,"$150,000 to $199,999",10.2,8
2010,Asian Alone or in Combination,5550000.0,74650,2832,98371.0,3108.0,"$200,000 and over",10.4,9
2009,Asian Alone or in Combination,4940000.0,77728,2820,107635.0,3478.0,"Under $15,000",10.3,1
2009,Asian Alone or in Combination,4940000.0,77728,2820,107635.0,3478.0,"$15,000 to $24,999",6.4,2
2009,Asian Alone or in Combination,4940000.0,77728,2820,107635.0,3478.0,"$25,000 to $34,999",6.9,3
2009,Asian Alone or in Combination,4940000.0,77728,2820,107635.0,3478.0,"$35,000 to $49,999",10.5,4
2009,Asian Alone or in Combination,4940000.0,77728,2820,107635.0,3478.0,"$50,000 to $74,999",15.0,5
2009,Asian Alone or in Combination,4940000.0,77728,2820,107635.0,3478.0,"$75,000 to $99,999",11.8,6
2009,Asian Alone or in Combination,4940000.0,77728,2820,107635.0,3478.0,"$100,000 to $149,999",17.5,7
2009,Asian Alone or in Combination,4940000.0,77728,2820,107635.0,3478.0,"$150,000 to $199,999",9.8,8
2009,Asian Alone or in Combination,4940000.0,77728,2820,107635.0,3478.0,"$200,000 and over",11.8,9
2008,Asian Alone or in Combination,4805000.0,78046,2767,102752.0,2912.0,"Under $15,000",9.8,1
2008,Asian Alone or in Combination,4805000.0,78046,2767,102752.0,2912.0,"$15,000 to $24,999",6.9,2
2008,Asian Alone or in Combination,4805000.0,78046,2767,102752.0,2912.0,"$25,000 to $34,999",6.7,3
2008,Asian Alone or in Combination,4805000.0,78046,2767,102752.0,2912.0,"$35,000 to $49,999",11.0,4
2008,Asian Alone or in Combination,4805000.0,78046,2767,102752.0,2912.0,"$50,000 to $74,999",14.5,5
2008,Asian Alone or in Combination,4805000.0,78046,2767,102752.0,2912.0,"$75,000 to $99,999",11.8,6
2008,Asian Alone or in Combination,4805000.0,78046,2767,102752.0,2912.0,"$100,000 to $149,999",18.6,7
2008,Asian Alone or in Combination,4805000.0,78046,2767,102752.0,2912.0,"$150,000 to $199,999",10.0,8
2008,Asian Alone or in Combination,4805000.0,78046,2767,102752.0,2912.0,"$200,000 and over",10.8,9
2007,Asian Alone or in Combination,4715000.0,81426,2818,104521.0,2940.0,"Under $15,000",8.6,1
2007,Asian Alone or in Combination,4715000.0,81426,2818,104521.0,2940.0,"$15,000 to $24,999",6.6,2
2007,Asian Alone or in Combination,4715000.0,81426,2818,104521.0,2940.0,"$25,000 to $34,999",6.6,3
2007,Asian Alone or in Combination,4715000.0,81426,2818,104521.0,2940.0,"$35,000 to $49,999",9.7,4
2007,Asian Alone or in Combination,4715000.0,81426,2818,104521.0,2940.0,"$50,000 to $74,999",15.4,5
2007,Asian Alone or in Combination,4715000.0,81426,2818,104521.0,2940.0,"$75,000 to $99,999",12.8,6
2007,Asian Alone or in Combination,4715000.0,81426,2818,104521.0,2940.0,"$100,000 to $149,999",19.1,7
2007,Asian Alone or in Combination,4715000.0,81426,2818,104521.0,2940.0,"$150,000 to $199,999",10.7,8
2007,Asian Alone or in Combination,4715000.0,81426,2818,104521.0,2940.0,"$200,000 and over",10.5,9
2006,Asian Alone or in Combination,4664000.0,81223,3381,111257.0,3831.0,"Under $15,000",7.9,1
2006,Asian Alone or in Combination,4664000.0,81223,3381,111257.0,3831.0,"$15,000 to $24,999",6.0,2
2006,Asian Alone or in Combination,4664000.0,81223,3381,111257.0,3831.0,"$25,000 to $34,999",7.0,3
2006,Asian Alone or in Combination,4664000.0,81223,3381,111257.0,3831.0,"$35,000 to $49,999",9.4,4
2006,Asian Alone or in Combination,4664000.0,81223,3381,111257.0,3831.0,"$50,000 to $74,999",15.8,5
2006,Asian Alone or in Combination,4664000.0,81223,3381,111257.0,3831.0,"$75,000 to $99,999",13.1,6
2006,Asian Alone or in Combination,4664000.0,81223,3381,111257.0,3831.0,"$100,000 to $149,999",18.1,7
2006,Asian Alone or in Combination,4664000.0,81223,3381,111257.0,3831.0,"$150,000 to $199,999",11.7,8
2006,Asian Alone or in Combination,4664000.0,81223,3381,111257.0,3831.0,"$200,000 and over",11.0,9
2005,Asian Alone or in Combination,4500000.0,80114,1574,104980.0,3014.0,"Under $15,000",9.1,1
2005,Asian Alone or in Combination,4500000.0,80114,1574,104980.0,3014.0,"$15,000 to $24,999",6.6,2
2005,Asian Alone or in Combination,4500000.0,80114,1574,104980.0,3014.0,"$25,000 to $34,999",6.7,3
2005,Asian Alone or in Combination,4500000.0,80114,1574,104980.0,3014.0,"$35,000 to $49,999",8.7,4
2005,Asian Alone or in Combination,4500000.0,80114,1574,104980.0,3014.0,"$50,000 to $74,999",15.9,5
2005,Asian Alone or in Combination,4500000.0,80114,1574,104980.0,3014.0,"$75,000 to $99,999",13.3,6
2005,Asian Alone or in Combination,4500000.0,80114,1574,104980.0,3014.0,"$100,000 to $149,999",18.8,7
2005,Asian Alone or in Combination,4500000.0,80114,1574,104980.0,3014.0,"$150,000 to $199,999",9.2,8
2005,Asian Alone or in Combination,4500000.0,80114,1574,104980.0,3014.0,"$200,000 and over",11.7,9
2004,Asian Alone or in Combination,4346000.0,77944,2584,103291.0,3207.0,"Under $15,000",8.5,1
2004,Asian Alone or in Combination,4346000.0,77944,2584,103291.0,3207.0,"$15,000 to $24,999",6.6,2
2004,Asian Alone or in Combination,4346000.0,77944,2584,103291.0,3207.0,"$25,000 to $34,999",6.9,3
2004,Asian Alone or in Combination,4346000.0,77944,2584,103291.0,3207.0,"$35,000 to $49,999",9.4,4
2004,Asian Alone or in Combination,4346000.0,77944,2584,103291.0,3207.0,"$50,000 to $74,999",17.1,5
2004,Asian Alone or in Combination,4346000.0,77944,2584,103291.0,3207.0,"$75,000 to $99,999",13.5,6
2004,Asian Alone or in Combination,4346000.0,77944,2584,103291.0,3207.0,"$100,000 to $149,999",18.1,7
2004,Asian Alone or in Combination,4346000.0,77944,2584,103291.0,3207.0,"$150,000 to $199,999",9.4,8
2004,Asian Alone or in Combination,4346000.0,77944,2584,103291.0,3207.0,"$200,000 and over",10.4,9
2003,Asian Alone or in Combination,4235000.0,77003,2824,96720.0,2737.0,"Under $15,000",11.4,1
2003,Asian Alone or in Combination,4235000.0,77003,2824,96720.0,2737.0,"$15,000 to $24,999",7.4,2
2003,Asian Alone or in Combination,4235000.0,77003,2824,96720.0,2737.0,"$25,000 to $34,999",6.4,3
2003,Asian Alone or in Combination,4235000.0,77003,2824,96720.0,2737.0,"$35,000 to $49,999",7.9,4
2003,Asian Alone or in Combination,4235000.0,77003,2824,96720.0,2737.0,"$50,000 to $74,999",15.9,5
2003,Asian Alone or in Combination,4235000.0,77003,2824,96720.0,2737.0,"$75,000 to $99,999",13.0,6
2003,Asian Alone or in Combination,4235000.0,77003,2824,96720.0,2737.0,"$100,000 to $149,999",18.7,7
2003,Asian Alone or in Combination,4235000.0,77003,2824,96720.0,2737.0,"$150,000 to $199,999",9.2,8
2003,Asian Alone or in Combination,4235000.0,77003,2824,96720.0,2737.0,"$200,000 and over",10.0,9
2002,Asian Alone or in Combination,4079000.0,74509,1854,99007.0,3097.0,"Under $15,000",8.6,1
2002,Asian Alone or in Combination,4079000.0,74509,1854,99007.0,3097.0,"$15,000 to $24,999",6.6,2
2002,Asian Alone or in Combination,4079000.0,74509,1854,99007.0,3097.0,"$25,000 to $34,999",7.3,3
2002,Asian Alone or in Combination,4079000.0,74509,1854,99007.0,3097.0,"$35,000 to $49,999",11.3,4
2002,Asian Alone or in Combination,4079000.0,74509,1854,99007.0,3097.0,"$50,000 to $74,999",16.7,5
2002,Asian Alone or in Combination,4079000.0,74509,1854,99007.0,3097.0,"$75,000 to $99,999",12.4,6
2002,Asian Alone or in Combination,4079000.0,74509,1854,99007.0,3097.0,"$100,000 to $149,999",18.8,7
2002,Asian Alone or in Combination,4079000.0,74509,1854,99007.0,3097.0,"$150,000 to $199,999",8.8,8
2002,Asian Alone or in Combination,4079000.0,74509,1854,99007.0,3097.0,"$200,000 and over",9.6,9
2019,Asian Alone,6853000.0,98174,3068,133111.0,4440.0,"Under $15,000",6.5,1
2019,Asian Alone,6853000.0,98174,3068,133111.0,4440.0,"$15,000 to $24,999",5.0,2
2019,Asian Alone,6853000.0,98174,3068,133111.0,4440.0,"$25,000 to $34,999",5.2,3
2019,Asian Alone,6853000.0,98174,3068,133111.0,4440.0,"$35,000 to $49,999",8.7,4
2019,Asian Alone,6853000.0,98174,3068,133111.0,4440.0,"$50,000 to $74,999",12.9,5
2019,Asian Alone,6853000.0,98174,3068,133111.0,4440.0,"$75,000 to $99,999",12.5,6
2019,Asian Alone,6853000.0,98174,3068,133111.0,4440.0,"$100,000 to $149,999",17.9,7
2019,Asian Alone,6853000.0,98174,3068,133111.0,4440.0,"$150,000 to $199,999",12.5,8
2019,Asian Alone,6853000.0,98174,3068,133111.0,4440.0,"$200,000 and over",18.9,9
2018,Asian Alone,6981000.0,88774,2856,121987.0,3787.0,"Under $15,000",8.3,1
2018,Asian Alone,6981000.0,88774,2856,121987.0,3787.0,"$15,000 to $24,999",6.2,2
2018,Asian Alone,6981000.0,88774,2856,121987.0,3787.0,"$25,000 to $34,999",5.9,3
2018,Asian Alone,6981000.0,88774,2856,121987.0,3787.0,"$35,000 to $49,999",8.5,4
2018,Asian Alone,6981000.0,88774,2856,121987.0,3787.0,"$50,000 to $74,999",14.0,5
2018,Asian Alone,6981000.0,88774,2856,121987.0,3787.0,"$75,000 to $99,999",12.0,6
2018,Asian Alone,6981000.0,88774,2856,121987.0,3787.0,"$100,000 to $149,999",18.1,7
2018,Asian Alone,6981000.0,88774,2856,121987.0,3787.0,"$150,000 to $199,999",10.3,8
2018,Asian Alone,6981000.0,88774,2856,121987.0,3787.0,"$200,000 and over",16.7,9
2017,Asian Alone,6735000.0,84823,2047,119004.0,4214.0,"Under $15,000",8.7,1
2017,Asian Alone,6735000.0,84823,2047,119004.0,4214.0,"$15,000 to $24,999",6.4,2
2017,Asian Alone,6735000.0,84823,2047,119004.0,4214.0,"$25,000 to $34,999",5.7,3
2017,Asian Alone,6735000.0,84823,2047,119004.0,4214.0,"$35,000 to $49,999",9.1,4
2017,Asian Alone,6735000.0,84823,2047,119004.0,4214.0,"$50,000 to $74,999",14.4,5
2017,Asian Alone,6735000.0,84823,2047,119004.0,4214.0,"$75,000 to $99,999",12.8,6
2017,Asian Alone,6735000.0,84823,2047,119004.0,4214.0,"$100,000 to $149,999",16.3,7
2017,Asian Alone,6735000.0,84823,2047,119004.0,4214.0,"$150,000 to $199,999",11.2,8
2017,Asian Alone,6735000.0,84823,2047,119004.0,4214.0,"$200,000 and over",15.6,9
2016,Asian Alone,6392000.0,86754,2042,115051.0,3190.0,"Under $15,000",8.7,1
2016,Asian Alone,6392000.0,86754,2042,115051.0,3190.0,"$15,000 to $24,999",6.0,2
2016,Asian Alone,6392000.0,86754,2042,115051.0,3190.0,"$25,000 to $34,999",6.2,3
2016,Asian Alone,6392000.0,86754,2042,115051.0,3190.0,"$35,000 to $49,999",7.7,4
2016,Asian Alone,6392000.0,86754,2042,115051.0,3190.0,"$50,000 to $74,999",14.7,5
2016,Asian Alone,6392000.0,86754,2042,115051.0,3190.0,"$75,000 to $99,999",13.4,6
2016,Asian Alone,6392000.0,86754,2042,115051.0,3190.0,"$100,000 to $149,999",16.9,7
2016,Asian Alone,6392000.0,86754,2042,115051.0,3190.0,"$150,000 to $199,999",12.1,8
2016,Asian Alone,6392000.0,86754,2042,115051.0,3190.0,"$200,000 and over",14.4,9
2015,Asian Alone,6328000.0,83270,3012,113756.0,3953.0,"Under $15,000",9.1,1
2015,Asian Alone,6328000.0,83270,3012,113756.0,3953.0,"$15,000 to $24,999",6.4,2
2015,Asian Alone,6328000.0,83270,3012,113756.0,3953.0,"$25,000 to $34,999",6.0,3
2015,Asian Alone,6328000.0,83270,3012,113756.0,3953.0,"$35,000 to $49,999",9.1,4
2015,Asian Alone,6328000.0,83270,3012,113756.0,3953.0,"$50,000 to $74,999",14.8,5
2015,Asian Alone,6328000.0,83270,3012,113756.0,3953.0,"$75,000 to $99,999",12.2,6
2015,Asian Alone,6328000.0,83270,3012,113756.0,3953.0,"$100,000 to $149,999",16.9,7
2015,Asian Alone,6328000.0,83270,3012,113756.0,3953.0,"$150,000 to $199,999",11.1,8
2015,Asian Alone,6328000.0,83270,3012,113756.0,3953.0,"$200,000 and over",14.4,9
2014,Asian Alone,6040000.0,80312,3747,105461.0,3414.0,"Under $15,000",9.6,1
2014,Asian Alone,6040000.0,80312,3747,105461.0,3414.0,"$15,000 to $24,999",6.5,2
2014,Asian Alone,6040000.0,80312,3747,105461.0,3414.0,"$25,000 to $34,999",7.5,3
2014,Asian Alone,6040000.0,80312,3747,105461.0,3414.0,"$35,000 to $49,999",9.2,4
2014,Asian Alone,6040000.0,80312,3747,105461.0,3414.0,"$50,000 to $74,999",14.1,5
2014,Asian Alone,6040000.0,80312,3747,105461.0,3414.0,"$75,000 to $99,999",12.5,6
2014,Asian Alone,6040000.0,80312,3747,105461.0,3414.0,"$100,000 to $149,999",17.6,7
2014,Asian Alone,6040000.0,80312,3747,105461.0,3414.0,"$150,000 to $199,999",11.4,8
2014,Asian Alone,6040000.0,80312,3747,105461.0,3414.0,"$200,000 and over",11.6,9
2013,Asian Alone,5818000.0,79568,6080,111256.0,8076.0,"Under $15,000",9.7,1
2013,Asian Alone,5818000.0,79568,6080,111256.0,8076.0,"$15,000 to $24,999",7.3,2
2013,Asian Alone,5818000.0,79568,6080,111256.0,8076.0,"$25,000 to $34,999",5.0,3
2013,Asian Alone,5818000.0,79568,6080,111256.0,8076.0,"$35,000 to $49,999",9.6,4
2013,Asian Alone,5818000.0,79568,6080,111256.0,8076.0,"$50,000 to $74,999",15.6,5
2013,Asian Alone,5818000.0,79568,6080,111256.0,8076.0,"$75,000 to $99,999",12.8,6
2013,Asian Alone,5818000.0,79568,6080,111256.0,8076.0,"$100,000 to $149,999",17.9,7
2013,Asian Alone,5818000.0,79568,6080,111256.0,8076.0,"$150,000 to $199,999",8.8,8
2013,Asian Alone,5818000.0,79568,6080,111256.0,8076.0,"$200,000 and over",13.3,9
2012,Asian Alone,5560000.0,76567,3468,101962.0,3369.0,"Under $15,000",9.8,1
2012,Asian Alone,5560000.0,76567,3468,101962.0,3369.0,"$15,000 to $24,999",6.4,2
2012,Asian Alone,5560000.0,76567,3468,101962.0,3369.0,"$25,000 to $34,999",7.3,3
2012,Asian Alone,5560000.0,76567,3468,101962.0,3369.0,"$35,000 to $49,999",9.0,4
2012,Asian Alone,5560000.0,76567,3468,101962.0,3369.0,"$50,000 to $74,999",16.9,5
2012,Asian Alone,5560000.0,76567,3468,101962.0,3369.0,"$75,000 to $99,999",12.4,6
2012,Asian Alone,5560000.0,76567,3468,101962.0,3369.0,"$100,000 to $149,999",17.4,7
2012,Asian Alone,5560000.0,76567,3468,101962.0,3369.0,"$150,000 to $199,999",9.9,8
2012,Asian Alone,5560000.0,76567,3468,101962.0,3369.0,"$200,000 and over",10.9,9
2011,Asian Alone,5374000.0,74194,2936,97564.0,3885.0,"Under $15,000",9.1,1
2011,Asian Alone,5374000.0,74194,2936,97564.0,3885.0,"$15,000 to $24,999",8.0,2
2011,Asian Alone,5374000.0,74194,2936,97564.0,3885.0,"$25,000 to $34,999",7.7,3
2011,Asian Alone,5374000.0,74194,2936,97564.0,3885.0,"$35,000 to $49,999",10.1,4
2011,Asian Alone,5374000.0,74194,2936,97564.0,3885.0,"$50,000 to $74,999",15.9,5
2011,Asian Alone,5374000.0,74194,2936,97564.0,3885.0,"$75,000 to $99,999",13.4,6
2011,Asian Alone,5374000.0,74194,2936,97564.0,3885.0,"$100,000 to $149,999",17.8,7
2011,Asian Alone,5374000.0,74194,2936,97564.0,3885.0,"$150,000 to $199,999",8.6,8
2011,Asian Alone,5374000.0,74194,2936,97564.0,3885.0,"$200,000 and over",9.5,9
2010,Asian Alone,5212000.0,75510,3045,99394.0,3278.0,"Under $15,000",9.8,1
2010,Asian Alone,5212000.0,75510,3045,99394.0,3278.0,"$15,000 to $24,999",7.6,2
2010,Asian Alone,5212000.0,75510,3045,99394.0,3278.0,"$25,000 to $34,999",6.8,3
2010,Asian Alone,5212000.0,75510,3045,99394.0,3278.0,"$35,000 to $49,999",9.5,4
2010,Asian Alone,5212000.0,75510,3045,99394.0,3278.0,"$50,000 to $74,999",15.8,5
2010,Asian Alone,5212000.0,75510,3045,99394.0,3278.0,"$75,000 to $99,999",12.4,6
2010,Asian Alone,5212000.0,75510,3045,99394.0,3278.0,"$100,000 to $149,999",17.1,7
2010,Asian Alone,5212000.0,75510,3045,99394.0,3278.0,"$150,000 to $199,999",10.4,8
2010,Asian Alone,5212000.0,75510,3045,99394.0,3278.0,"$200,000 and over",10.7,9
2009,Asian Alone,4687000.0,78201,2490,108472.0,3625.0,"Under $15,000",10.3,1
2009,Asian Alone,4687000.0,78201,2490,108472.0,3625.0,"$15,000 to $24,999",6.4,2
2009,Asian Alone,4687000.0,78201,2490,108472.0,3625.0,"$25,000 to $34,999",6.9,3
2009,Asian Alone,4687000.0,78201,2490,108472.0,3625.0,"$35,000 to $49,999",10.2,4
2009,Asian Alone,4687000.0,78201,2490,108472.0,3625.0,"$50,000 to $74,999",15.0,5
2009,Asian Alone,4687000.0,78201,2490,108472.0,3625.0,"$75,000 to $99,999",11.9,6
2009,Asian Alone,4687000.0,78201,2490,108472.0,3625.0,"$100,000 to $149,999",17.5,7
2009,Asian Alone,4687000.0,78201,2490,108472.0,3625.0,"$150,000 to $199,999",10.0,8
2009,Asian Alone,4687000.0,78201,2490,108472.0,3625.0,"$200,000 and over",11.9,9
2008,Asian Alone,4573000.0,78129,2714,102588.0,2943.0,"Under $15,000",9.9,1
2008,Asian Alone,4573000.0,78129,2714,102588.0,2943.0,"$15,000 to $24,999",6.9,2
2008,Asian Alone,4573000.0,78129,2714,102588.0,2943.0,"$25,000 to $34,999",6.7,3
2008,Asian Alone,4573000.0,78129,2714,102588.0,2943.0,"$35,000 to $49,999",10.8,4
2008,Asian Alone,4573000.0,78129,2714,102588.0,2943.0,"$50,000 to $74,999",14.4,5
2008,Asian Alone,4573000.0,78129,2714,102588.0,2943.0,"$75,000 to $99,999",11.8,6
2008,Asian Alone,4573000.0,78129,2714,102588.0,2943.0,"$100,000 to $149,999",18.5,7
2008,Asian Alone,4573000.0,78129,2714,102588.0,2943.0,"$150,000 to $199,999",10.1,8
2008,Asian Alone,4573000.0,78129,2714,102588.0,2943.0,"$200,000 and over",10.8,9
2007,Asian Alone,4494000.0,81706,2816,105086.0,3050.0,"Under $15,000",8.6,1
2007,Asian Alone,4494000.0,81706,2816,105086.0,3050.0,"$15,000 to $24,999",6.7,2
2007,Asian Alone,4494000.0,81706,2816,105086.0,3050.0,"$25,000 to $34,999",6.5,3
2007,Asian Alone,4494000.0,81706,2816,105086.0,3050.0,"$35,000 to $49,999",9.5,4
2007,Asian Alone,4494000.0,81706,2816,105086.0,3050.0,"$50,000 to $74,999",15.5,5
2007,Asian Alone,4494000.0,81706,2816,105086.0,3050.0,"$75,000 to $99,999",12.5,6
2007,Asian Alone,4494000.0,81706,2816,105086.0,3050.0,"$100,000 to $149,999",19.5,7
2007,Asian Alone,4494000.0,81706,2816,105086.0,3050.0,"$150,000 to $199,999",10.6,8
2007,Asian Alone,4494000.0,81706,2816,105086.0,3050.0,"$200,000 and over",10.6,9
2006,Asian Alone,4454000.0,81653,3500,112229.0,3973.0,"Under $15,000",7.9,1
2006,Asian Alone,4454000.0,81653,3500,112229.0,3973.0,"$15,000 to $24,999",6.1,2
2006,Asian Alone,4454000.0,81653,3500,112229.0,3973.0,"$25,000 to $34,999",7.1,3
2006,Asian Alone,4454000.0,81653,3500,112229.0,3973.0,"$35,000 to $49,999",9.3,4
2006,Asian Alone,4454000.0,81653,3500,112229.0,3973.0,"$50,000 to $74,999",15.5,5
2006,Asian Alone,4454000.0,81653,3500,112229.0,3973.0,"$75,000 to $99,999",13.1,6
2006,Asian Alone,4454000.0,81653,3500,112229.0,3973.0,"$100,000 to $149,999",18.0,7
2006,Asian Alone,4454000.0,81653,3500,112229.0,3973.0,"$150,000 to $199,999",11.7,8
2006,Asian Alone,4454000.0,81653,3500,112229.0,3973.0,"$200,000 and over",11.4,9
2005,Asian Alone,4273000.0,80174,1537,105110.0,3050.0,"Under $15,000",9.2,1
2005,Asian Alone,4273000.0,80174,1537,105110.0,3050.0,"$15,000 to $24,999",6.9,2
2005,Asian Alone,4273000.0,80174,1537,105110.0,3050.0,"$25,000 to $34,999",6.6,3
2005,Asian Alone,4273000.0,80174,1537,105110.0,3050.0,"$35,000 to $49,999",8.5,4
2005,Asian Alone,4273000.0,80174,1537,105110.0,3050.0,"$50,000 to $74,999",15.8,5
2005,Asian Alone,4273000.0,80174,1537,105110.0,3050.0,"$75,000 to $99,999",13.4,6
2005,Asian Alone,4273000.0,80174,1537,105110.0,3050.0,"$100,000 to $149,999",18.7,7
2005,Asian Alone,4273000.0,80174,1537,105110.0,3050.0,"$150,000 to $199,999",9.2,8
2005,Asian Alone,4273000.0,80174,1537,105110.0,3050.0,"$200,000 and over",11.7,9
2004,Asian Alone,4123000.0,78019,2727,103815.0,3303.0,"Under $15,000",8.4,1
2004,Asian Alone,4123000.0,78019,2727,103815.0,3303.0,"$15,000 to $24,999",6.6,2
2004,Asian Alone,4123000.0,78019,2727,103815.0,3303.0,"$25,000 to $34,999",7.0,3
2004,Asian Alone,4123000.0,78019,2727,103815.0,3303.0,"$35,000 to $49,999",9.3,4
2004,Asian Alone,4123000.0,78019,2727,103815.0,3303.0,"$50,000 to $74,999",17.0,5
2004,Asian Alone,4123000.0,78019,2727,103815.0,3303.0,"$75,000 to $99,999",13.3,6
2004,Asian Alone,4123000.0,78019,2727,103815.0,3303.0,"$100,000 to $149,999",18.3,7
2004,Asian Alone,4123000.0,78019,2727,103815.0,3303.0,"$150,000 to $199,999",9.4,8
2004,Asian Alone,4123000.0,78019,2727,103815.0,3303.0,"$200,000 and over",10.6,9
2003,Asian Alone,4040000.0,77612,2508,97501.0,2840.0,"Under $15,000",11.6,1
2003,Asian Alone,4040000.0,77612,2508,97501.0,2840.0,"$15,000 to $24,999",7.4,2
2003,Asian Alone,4040000.0,77612,2508,97501.0,2840.0,"$25,000 to $34,999",6.2,3
2003,Asian Alone,4040000.0,77612,2508,97501.0,2840.0,"$35,000 to $49,999",7.8,4
2003,Asian Alone,4040000.0,77612,2508,97501.0,2840.0,"$50,000 to $74,999",15.6,5
2003,Asian Alone,4040000.0,77612,2508,97501.0,2840.0,"$75,000 to $99,999",13.1,6
2003,Asian Alone,4040000.0,77612,2508,97501.0,2840.0,"$100,000 to $149,999",18.6,7
2003,Asian Alone,4040000.0,77612,2508,97501.0,2840.0,"$150,000 to $199,999",9.3,8
2003,Asian Alone,4040000.0,77612,2508,97501.0,2840.0,"$200,000 and over",10.3,9
2002,Asian Alone,3917000.0,74995,2159,99821.0,3202.0,"Under $15,000",8.4,1
2002,Asian Alone,3917000.0,74995,2159,99821.0,3202.0,"$15,000 to $24,999",6.6,2
2002,Asian Alone,3917000.0,74995,2159,99821.0,3202.0,"$25,000 to $34,999",7.2,3
2002,Asian Alone,3917000.0,74995,2159,99821.0,3202.0,"$35,000 to $49,999",11.5,4
2002,Asian Alone,3917000.0,74995,2159,99821.0,3202.0,"$50,000 to $74,999",16.3,5
2002,Asian Alone,3917000.0,74995,2159,99821.0,3202.0,"$75,000 to $99,999",12.5,6
2002,Asian Alone,3917000.0,74995,2159,99821.0,3202.0,"$100,000 to $149,999",18.8,7
2002,Asian Alone,3917000.0,74995,2159,99821.0,3202.0,"$150,000 to $199,999",8.8,8
2002,Asian Alone,3917000.0,74995,2159,99821.0,3202.0,"$200,000 and over",9.8,9
2001,Asian Alone,4071000.0,77638,3048,105899.0,4112.0,"Under $15,000",8.6,1
2001,Asian Alone,4071000.0,77638,3048,105899.0,4112.0,"$15,000 to $24,999",6.5,2
2001,Asian Alone,4071000.0,77638,3048,105899.0,4112.0,"$25,000 to $34,999",6.7,3
2001,Asian Alone,4071000.0,77638,3048,105899.0,4112.0,"$35,000 to $49,999",10.2,4
2001,Asian Alone,4071000.0,77638,3048,105899.0,4112.0,"$50,000 to $74,999",16.4,5
2001,Asian Alone,4071000.0,77638,3048,105899.0,4112.0,"$75,000 to $99,999",13.5,6
2001,Asian Alone,4071000.0,77638,3048,105899.0,4112.0,"$100,000 to $149,999",18.2,7
2001,Asian Alone,4071000.0,77638,3048,105899.0,4112.0,"$150,000 to $199,999",9.7,8
2001,Asian Alone,4071000.0,77638,3048,105899.0,4112.0,"$200,000 and over",10.3,9
2000,Asian Alone,3963000.0,83007,2329,108375.0,3700.0,"Under $15,000",7.7,1
2000,Asian Alone,3963000.0,83007,2329,108375.0,3700.0,"$15,000 to $24,999",6.0,2
2000,Asian Alone,3963000.0,83007,2329,108375.0,3700.0,"$25,000 to $34,999",6.1,3
2000,Asian Alone,3963000.0,83007,2329,108375.0,3700.0,"$35,000 to $49,999",10.4,4
2000,Asian Alone,3963000.0,83007,2329,108375.0,3700.0,"$50,000 to $74,999",15.9,5
2000,Asian Alone,3963000.0,83007,2329,108375.0,3700.0,"$75,000 to $99,999",13.4,6
2000,Asian Alone,3963000.0,83007,2329,108375.0,3700.0,"$100,000 to $149,999",19.3,7
2000,Asian Alone,3963000.0,83007,2329,108375.0,3700.0,"$150,000 to $199,999",10.3,8
2000,Asian Alone,3963000.0,83007,2329,108375.0,3700.0,"$200,000 and over",10.9,9
1999,Asian Alone,3742000.0,78440,4548,103725.0,4325.0,"Under $15,000",8.5,1
1999,Asian Alone,3742000.0,78440,4548,103725.0,4325.0,"$15,000 to $24,999",7.0,2
1999,Asian Alone,3742000.0,78440,4548,103725.0,4325.0,"$25,000 to $34,999",5.8,3
1999,Asian Alone,3742000.0,78440,4548,103725.0,4325.0,"$35,000 to $49,999",10.4,4
1999,Asian Alone,3742000.0,78440,4548,103725.0,4325.0,"$50,000 to $74,999",16.7,5
1999,Asian Alone,3742000.0,78440,4548,103725.0,4325.0,"$75,000 to $99,999",12.6,6
1999,Asian Alone,3742000.0,78440,4548,103725.0,4325.0,"$100,000 to $149,999",17.4,7
1999,Asian Alone,3742000.0,78440,4548,103725.0,4325.0,"$150,000 to $199,999",9.3,8
1999,Asian Alone,3742000.0,78440,4548,103725.0,4325.0,"$200,000 and over",12.3,9
1998,Asian Alone,3308000.0,73315,3357,94648.0,4497.0,"Under $15,000",8.7,1
1998,Asian Alone,3308000.0,73315,3357,94648.0,4497.0,"$15,000 to $24,999",7.5,2
1998,Asian Alone,3308000.0,73315,3357,94648.0,4497.0,"$25,000 to $34,999",6.7,3
1998,Asian Alone,3308000.0,73315,3357,94648.0,4497.0,"$35,000 to $49,999",11.3,4
1998,Asian Alone,3308000.0,73315,3357,94648.0,4497.0,"$50,000 to $74,999",17.0,5
1998,Asian Alone,3308000.0,73315,3357,94648.0,4497.0,"$75,000 to $99,999",12.4,6
1998,Asian Alone,3308000.0,73315,3357,94648.0,4497.0,"$100,000 to $149,999",19.9,7
1998,Asian Alone,3308000.0,73315,3357,94648.0,4497.0,"$150,000 to $199,999",8.8,8
1998,Asian Alone,3308000.0,73315,3357,94648.0,4497.0,"$200,000 and over",7.9,9
1997,Asian Alone,3125000.0,72096,3297,93830.0,4783.0,"Under $15,000",9.3,1
1997,Asian Alone,3125000.0,72096,3297,93830.0,4783.0,"$15,000 to $24,999",7.9,2
1997,Asian Alone,3125000.0,72096,3297,93830.0,4783.0,"$25,000 to $34,999",6.5,3
1997,Asian Alone,3125000.0,72096,3297,93830.0,4783.0,"$35,000 to $49,999",10.1,4
1997,Asian Alone,3125000.0,72096,3297,93830.0,4783.0,"$50,000 to $74,999",18.3,5
1997,Asian Alone,3125000.0,72096,3297,93830.0,4783.0,"$75,000 to $99,999",13.9,6
1997,Asian Alone,3125000.0,72096,3297,93830.0,4783.0,"$100,000 to $149,999",17.3,7
1997,Asian Alone,3125000.0,72096,3297,93830.0,4783.0,"$150,000 to $199,999",9.0,8
1997,Asian Alone,3125000.0,72096,3297,93830.0,4783.0,"$200,000 and over",7.7,9
1996,Asian Alone,2998000.0,70443,4153,92045.0,5430.0,"Under $15,000",10.4,1
1996,Asian Alone,2998000.0,70443,4153,92045.0,5430.0,"$15,000 to $24,999",7.4,2
1996,Asian Alone,2998000.0,70443,4153,92045.0,5430.0,"$25,000 to $34,999",6.7,3
1996,Asian Alone,2998000.0,70443,4153,92045.0,5430.0,"$35,000 to $49,999",10.9,4
1996,Asian Alone,2998000.0,70443,4153,92045.0,5430.0,"$50,000 to $74,999",17.8,5
1996,Asian Alone,2998000.0,70443,4153,92045.0,5430.0,"$75,000 to $99,999",12.2,6
1996,Asian Alone,2998000.0,70443,4153,92045.0,5430.0,"$100,000 to $149,999",18.7,7
1996,Asian Alone,2998000.0,70443,4153,92045.0,5430.0,"$150,000 to $199,999",9.6,8
1996,Asian Alone,2998000.0,70443,4153,92045.0,5430.0,"$200,000 and over",6.4,9
1995,Asian Alone,2777000.0,67870,2801,92292.0,6125.0,"Under $15,000",9.7,1
1995,Asian Alone,2777000.0,67870,2801,92292.0,6125.0,"$15,000 to $24,999",8.5,2
1995,Asian Alone,2777000.0,67870,2801,92292.0,6125.0,"$25,000 to $34,999",8.1,3
1995,Asian Alone,2777000.0,67870,2801,92292.0,6125.0,"$35,000 to $49,999",9.5,4
1995,Asian Alone,2777000.0,67870,2801,92292.0,6125.0,"$50,000 to $74,999",18.5,5
1995,Asian Alone,2777000.0,67870,2801,92292.0,6125.0,"$75,000 to $99,999",14.4,6
1995,Asian Alone,2777000.0,67870,2801,92292.0,6125.0,"$100,000 to $149,999",17.2,7
1995,Asian Alone,2777000.0,67870,2801,92292.0,6125.0,"$150,000 to $199,999",7.1,8
1995,Asian Alone,2777000.0,67870,2801,92292.0,6125.0,"$200,000 and over",7.1,9
1994,Asian Alone,2040000.0,69279,4319,89953.0,5273.0,"Under $15,000",9.6,1
1994,Asian Alone,2040000.0,69279,4319,89953.0,5273.0,"$15,000 to $24,999",8.9,2
1994,Asian Alone,2040000.0,69279,4319,89953.0,5273.0,"$25,000 to $34,999",7.1,3
1994,Asian Alone,2040000.0,69279,4319,89953.0,5273.0,"$35,000 to $49,999",10.6,4
1994,Asian Alone,2040000.0,69279,4319,89953.0,5273.0,"$50,000 to $74,999",17.3,5
1994,Asian Alone,2040000.0,69279,4319,89953.0,5273.0,"$75,000 to $99,999",13.3,6
1994,Asian Alone,2040000.0,69279,4319,89953.0,5273.0,"$100,000 to $149,999",18.3,7
1994,Asian Alone,2040000.0,69279,4319,89953.0,5273.0,"$150,000 to $199,999",7.6,8
1994,Asian Alone,2040000.0,69279,4319,89953.0,5273.0,"$200,000 and over",7.3,9
1993,Asian Alone,2233000.0,66996,5420,87781.0,5814.0,"Under $15,000",11.6,1
1993,Asian Alone,2233000.0,66996,5420,87781.0,5814.0,"$15,000 to $24,999",8.6,2
1993,Asian Alone,2233000.0,66996,5420,87781.0,5814.0,"$25,000 to $34,999",8.4,3
1993,Asian Alone,2233000.0,66996,5420,87781.0,5814.0,"$35,000 to $49,999",10.9,4
1993,Asian Alone,2233000.0,66996,5420,87781.0,5814.0,"$50,000 to $74,999",15.2,5
1993,Asian Alone,2233000.0,66996,5420,87781.0,5814.0,"$75,000 to $99,999",13.1,6
1993,Asian Alone,2233000.0,66996,5420,87781.0,5814.0,"$100,000 to $149,999",19.0,7
1993,Asian Alone,2233000.0,66996,5420,87781.0,5814.0,"$150,000 to $199,999",7.2,8
1993,Asian Alone,2233000.0,66996,5420,87781.0,5814.0,"$200,000 and over",6.1,9
1992,Asian Alone,2262000.0,67707,3215,83915.0,3795.0,"Under $15,000",9.7,1
1992,Asian Alone,2262000.0,67707,3215,83915.0,3795.0,"$15,000 to $24,999",8.1,2
1992,Asian Alone,2262000.0,67707,3215,83915.0,3795.0,"$25,000 to $34,999",8.7,3
1992,Asian Alone,2262000.0,67707,3215,83915.0,3795.0,"$35,000 to $49,999",10.3,4
1992,Asian Alone,2262000.0,67707,3215,83915.0,3795.0,"$50,000 to $74,999",18.9,5
1992,Asian Alone,2262000.0,67707,3215,83915.0,3795.0,"$75,000 to $99,999",13.5,6
1992,Asian Alone,2262000.0,67707,3215,83915.0,3795.0,"$100,000 to $149,999",17.5,7
1992,Asian Alone,2262000.0,67707,3215,83915.0,3795.0,"$150,000 to $199,999",7.3,8
1992,Asian Alone,2262000.0,67707,3215,83915.0,3795.0,"$200,000 and over",6.0,9
1991,Asian Alone,2094000.0,66909,3551,84952.0,4119.0,"Under $15,000",10.0,1
1991,Asian Alone,2094000.0,66909,3551,84952.0,4119.0,"$15,000 to $24,999",7.4,2
1991,Asian Alone,2094000.0,66909,3551,84952.0,4119.0,"$25,000 to $34,999",8.1,3
1991,Asian Alone,2094000.0,66909,3551,84952.0,4119.0,"$35,000 to $49,999",12.8,4
1991,Asian Alone,2094000.0,66909,3551,84952.0,4119.0,"$50,000 to $74,999",17.5,5
1991,Asian Alone,2094000.0,66909,3551,84952.0,4119.0,"$75,000 to $99,999",13.5,6
1991,Asian Alone,2094000.0,66909,3551,84952.0,4119.0,"$100,000 to $149,999",17.1,7
1991,Asian Alone,2094000.0,66909,3551,84952.0,4119.0,"$150,000 to $199,999",7.8,8
1991,Asian Alone,2094000.0,66909,3551,84952.0,4119.0,"$200,000 and over",5.9,9
1990,Asian Alone,1958000.0,73150,3565,88298.0,4112.0,"Under $15,000",8.3,1
1990,Asian Alone,1958000.0,73150,3565,88298.0,4112.0,"$15,000 to $24,999",7.5,2
1990,Asian Alone,1958000.0,73150,3565,88298.0,4112.0,"$25,000 to $34,999",8.0,3
1990,Asian Alone,1958000.0,73150,3565,88298.0,4112.0,"$35,000 to $49,999",10.1,4
1990,Asian Alone,1958000.0,73150,3565,88298.0,4112.0,"$50,000 to $74,999",17.5,5
1990,Asian Alone,1958000.0,73150,3565,88298.0,4112.0,"$75,000 to $99,999",16.3,6
1990,Asian Alone,1958000.0,73150,3565,88298.0,4112.0,"$100,000 to $149,999",17.5,7
1990,Asian Alone,1958000.0,73150,3565,88298.0,4112.0,"$150,000 to $199,999",8.0,8
1990,Asian Alone,1958000.0,73150,3565,88298.0,4112.0,"$200,000 and over",6.8,9
1989,Asian Alone,1988000.0,72070,3205,89593.0,4289.0,"Under $15,000",7.6,1
1989,Asian Alone,1988000.0,72070,3205,89593.0,4289.0,"$15,000 to $24,999",7.9,2
1989,Asian Alone,1988000.0,72070,3205,89593.0,4289.0,"$25,000 to $34,999",7.2,3
1989,Asian Alone,1988000.0,72070,3205,89593.0,4289.0,"$35,000 to $49,999",10.6,4
1989,Asian Alone,1988000.0,72070,3205,89593.0,4289.0,"$50,000 to $74,999",19.2,5
1989,Asian Alone,1988000.0,72070,3205,89593.0,4289.0,"$75,000 to $99,999",14.9,6
1989,Asian Alone,1988000.0,72070,3205,89593.0,4289.0,"$100,000 to $149,999",17.9,7
1989,Asian Alone,1988000.0,72070,3205,89593.0,4289.0,"$150,000 to $199,999",8.1,8
1989,Asian Alone,1988000.0,72070,3205,89593.0,4289.0,"$200,000 and over",6.7,9
1988,Asian Alone,1913000.0,67230,4545,84053.0,4130.0,"Under $15,000",8.1,1
1988,Asian Alone,1913000.0,67230,4545,84053.0,4130.0,"$15,000 to $24,999",8.7,2
1988,Asian Alone,1913000.0,67230,4545,84053.0,4130.0,"$25,000 to $34,999",9.0,3
1988,Asian Alone,1913000.0,67230,4545,84053.0,4130.0,"$35,000 to $49,999",10.9,4
1988,Asian Alone,1913000.0,67230,4545,84053.0,4130.0,"$50,000 to $74,999",17.7,5
1988,Asian Alone,1913000.0,67230,4545,84053.0,4130.0,"$75,000 to $99,999",14.8,6
1988,Asian Alone,1913000.0,67230,4545,84053.0,4130.0,"$100,000 to $149,999",16.9,7
1988,Asian Alone,1913000.0,67230,4545,84053.0,4130.0,"$150,000 to $199,999",7.8,8
1988,Asian Alone,1913000.0,67230,4545,84053.0,4130.0,"$200,000 and over",6.1,9
1987,Asian Alone,,69570,4254,,,"Under $15,000",10.0,1
1987,Asian Alone,,69570,4254,,,"$15,000 to $24,999",9.0,2
1987,Asian Alone,,69570,4254,,,"$25,000 to $34,999",8.8,3
1987,Asian Alone,,69570,4254,,,"$35,000 to $49,999",10.0,4
1987,Asian Alone,,69570,4254,,,"$50,000 to $74,999",15.9,5
1987,Asian Alone,,69570,4254,,,"$75,000 to $99,999",14.7,6
1987,Asian Alone,,69570,4254,,,"$100,000 to $149,999",18.5,7
1987,Asian Alone,,69570,4254,,,"$150,000 to $199,999",7.9,8
1987,Asian Alone,,69570,4254,,,"$200,000 and over",5.2,9
2019,Hispanic (Any Race),17667000.0,56113,1173,75058.0,1621.0,"Under $15,000",10.7,1
2019,Hispanic (Any Race),17667000.0,56113,1173,75058.0,1621.0,"$15,000 to $24,999",8.8,2
2019,Hispanic (Any Race),17667000.0,56113,1173,75058.0,1621.0,"$25,000 to $34,999",10.5,3
2019,Hispanic (Any Race),17667000.0,56113,1173,75058.0,1621.0,"$35,000 to $49,999",14.1,4
2019,Hispanic (Any Race),17667000.0,56113,1173,75058.0,1621.0,"$50,000 to $74,999",19.5,5
2019,Hispanic (Any Race),17667000.0,56113,1173,75058.0,1621.0,"$75,000 to $99,999",12.2,6
2019,Hispanic (Any Race),17667000.0,56113,1173,75058.0,1621.0,"$100,000 to $149,999",13.0,7
2019,Hispanic (Any Race),17667000.0,56113,1173,75058.0,1621.0,"$150,000 to $199,999",5.9,8
2019,Hispanic (Any Race),17667000.0,56113,1173,75058.0,1621.0,"$200,000 and over",5.3,9
2018,Hispanic (Any Race),17758000.0,52382,748,72230.0,1648.0,"Under $15,000",11.2,1
2018,Hispanic (Any Race),17758000.0,52382,748,72230.0,1648.0,"$15,000 to $24,999",10.9,2
2018,Hispanic (Any Race),17758000.0,52382,748,72230.0,1648.0,"$25,000 to $34,999",10.7,3
2018,Hispanic (Any Race),17758000.0,52382,748,72230.0,1648.0,"$35,000 to $49,999",15.0,4
2018,Hispanic (Any Race),17758000.0,52382,748,72230.0,1648.0,"$50,000 to $74,999",18.6,5
2018,Hispanic (Any Race),17758000.0,52382,748,72230.0,1648.0,"$75,000 to $99,999",12.8,6
2018,Hispanic (Any Race),17758000.0,52382,748,72230.0,1648.0,"$100,000 to $149,999",11.6,7
2018,Hispanic (Any Race),17758000.0,52382,748,72230.0,1648.0,"$150,000 to $199,999",4.8,8
2018,Hispanic (Any Race),17758000.0,52382,748,72230.0,1648.0,"$200,000 and over",4.4,9
2017,Hispanic (Any Race),17318000.0,52654,751,71252.0,1482.0,"Under $15,000",11.6,1
2017,Hispanic (Any Race),17318000.0,52654,751,71252.0,1482.0,"$15,000 to $24,999",10.3,2
2017,Hispanic (Any Race),17318000.0,52654,751,71252.0,1482.0,"$25,000 to $34,999",11.4,3
2017,Hispanic (Any Race),17318000.0,52654,751,71252.0,1482.0,"$35,000 to $49,999",14.3,4
2017,Hispanic (Any Race),17318000.0,52654,751,71252.0,1482.0,"$50,000 to $74,999",18.5,5
2017,Hispanic (Any Race),17318000.0,52654,751,71252.0,1482.0,"$75,000 to $99,999",12.5,6
2017,Hispanic (Any Race),17318000.0,52654,751,71252.0,1482.0,"$100,000 to $149,999",12.2,7
2017,Hispanic (Any Race),17318000.0,52654,751,71252.0,1482.0,"$150,000 to $199,999",4.9,8
2017,Hispanic (Any Race),17318000.0,52654,751,71252.0,1482.0,"$200,000 and over",4.3,9
2016,Hispanic (Any Race),16915000.0,50791,1185,71182.0,1416.0,"Under $15,000",11.9,1
2016,Hispanic (Any Race),16915000.0,50791,1185,71182.0,1416.0,"$15,000 to $24,999",10.8,2
2016,Hispanic (Any Race),16915000.0,50791,1185,71182.0,1416.0,"$25,000 to $34,999",11.3,3
2016,Hispanic (Any Race),16915000.0,50791,1185,71182.0,1416.0,"$35,000 to $49,999",15.4,4
2016,Hispanic (Any Race),16915000.0,50791,1185,71182.0,1416.0,"$50,000 to $74,999",18.0,5
2016,Hispanic (Any Race),16915000.0,50791,1185,71182.0,1416.0,"$75,000 to $99,999",12.3,6
2016,Hispanic (Any Race),16915000.0,50791,1185,71182.0,1416.0,"$100,000 to $149,999",12.0,7
2016,Hispanic (Any Race),16915000.0,50791,1185,71182.0,1416.0,"$150,000 to $199,999",4.6,8
2016,Hispanic (Any Race),16915000.0,50791,1185,71182.0,1416.0,"$200,000 and over",3.9,9
2015,Hispanic (Any Race),16667000.0,48719,1092,68644.0,1486.0,"Under $15,000",12.6,1
2015,Hispanic (Any Race),16667000.0,48719,1092,68644.0,1486.0,"$15,000 to $24,999",11.9,2
2015,Hispanic (Any Race),16667000.0,48719,1092,68644.0,1486.0,"$25,000 to $34,999",12.4,3
2015,Hispanic (Any Race),16667000.0,48719,1092,68644.0,1486.0,"$35,000 to $49,999",14.6,4
2015,Hispanic (Any Race),16667000.0,48719,1092,68644.0,1486.0,"$50,000 to $74,999",17.5,5
2015,Hispanic (Any Race),16667000.0,48719,1092,68644.0,1486.0,"$75,000 to $99,999",11.9,6
2015,Hispanic (Any Race),16667000.0,48719,1092,68644.0,1486.0,"$100,000 to $149,999",10.7,7
2015,Hispanic (Any Race),16667000.0,48719,1092,68644.0,1486.0,"$150,000 to $199,999",4.4,8
2015,Hispanic (Any Race),16667000.0,48719,1092,68644.0,1486.0,"$200,000 and over",3.8,9
2014,Hispanic (Any Race),16239000.0,45931,918,62192.0,1166.0,"Under $15,000",13.5,1
2014,Hispanic (Any Race),16239000.0,45931,918,62192.0,1166.0,"$15,000 to $24,999",13.2,2
2014,Hispanic (Any Race),16239000.0,45931,918,62192.0,1166.0,"$25,000 to $34,999",11.9,3
2014,Hispanic (Any Race),16239000.0,45931,918,62192.0,1166.0,"$35,000 to $49,999",15.0,4
2014,Hispanic (Any Race),16239000.0,45931,918,62192.0,1166.0,"$50,000 to $74,999",17.9,5
2014,Hispanic (Any Race),16239000.0,45931,918,62192.0,1166.0,"$75,000 to $99,999",11.6,6
2014,Hispanic (Any Race),16239000.0,45931,918,62192.0,1166.0,"$100,000 to $149,999",10.7,7
2014,Hispanic (Any Race),16239000.0,45931,918,62192.0,1166.0,"$150,000 to $199,999",3.5,8
2014,Hispanic (Any Race),16239000.0,45931,918,62192.0,1166.0,"$200,000 and over",2.7,9
2013,Hispanic (Any Race),16088000.0,43627,2148,63337.0,3078.0,"Under $15,000",13.7,1
2013,Hispanic (Any Race),16088000.0,43627,2148,63337.0,3078.0,"$15,000 to $24,999",13.4,2
2013,Hispanic (Any Race),16088000.0,43627,2148,63337.0,3078.0,"$25,000 to $34,999",13.2,3
2013,Hispanic (Any Race),16088000.0,43627,2148,63337.0,3078.0,"$35,000 to $49,999",16.1,4
2013,Hispanic (Any Race),16088000.0,43627,2148,63337.0,3078.0,"$50,000 to $74,999",16.2,5
2013,Hispanic (Any Race),16088000.0,43627,2148,63337.0,3078.0,"$75,000 to $99,999",9.9,6
2013,Hispanic (Any Race),16088000.0,43627,2148,63337.0,3078.0,"$100,000 to $149,999",9.7,7
2013,Hispanic (Any Race),16088000.0,43627,2148,63337.0,3078.0,"$150,000 to $199,999",4.0,8
2013,Hispanic (Any Race),16088000.0,43627,2148,63337.0,3078.0,"$200,000 and over",3.6,9
2012,Hispanic (Any Race),15589000.0,43512,980,59595.0,1281.0,"Under $15,000",15.1,1
2012,Hispanic (Any Race),15589000.0,43512,980,59595.0,1281.0,"$15,000 to $24,999",13.0,2
2012,Hispanic (Any Race),15589000.0,43512,980,59595.0,1281.0,"$25,000 to $34,999",13.2,3
2012,Hispanic (Any Race),15589000.0,43512,980,59595.0,1281.0,"$35,000 to $49,999",14.8,4
2012,Hispanic (Any Race),15589000.0,43512,980,59595.0,1281.0,"$50,000 to $74,999",18.2,5
2012,Hispanic (Any Race),15589000.0,43512,980,59595.0,1281.0,"$75,000 to $99,999",10.2,6
2012,Hispanic (Any Race),15589000.0,43512,980,59595.0,1281.0,"$100,000 to $149,999",9.7,7
2012,Hispanic (Any Race),15589000.0,43512,980,59595.0,1281.0,"$150,000 to $199,999",3.4,8
2012,Hispanic (Any Race),15589000.0,43512,980,59595.0,1281.0,"$200,000 and over",2.5,9
2011,Hispanic (Any Race),14939000.0,44000,1025,59639.0,1113.0,"Under $15,000",14.7,1
2011,Hispanic (Any Race),14939000.0,44000,1025,59639.0,1113.0,"$15,000 to $24,999",12.1,2
2011,Hispanic (Any Race),14939000.0,44000,1025,59639.0,1113.0,"$25,000 to $34,999",13.5,3
2011,Hispanic (Any Race),14939000.0,44000,1025,59639.0,1113.0,"$35,000 to $49,999",15.8,4
2011,Hispanic (Any Race),14939000.0,44000,1025,59639.0,1113.0,"$50,000 to $74,999",18.4,5
2011,Hispanic (Any Race),14939000.0,44000,1025,59639.0,1113.0,"$75,000 to $99,999",9.7,6
2011,Hispanic (Any Race),14939000.0,44000,1025,59639.0,1113.0,"$100,000 to $149,999",9.7,7
2011,Hispanic (Any Race),14939000.0,44000,1025,59639.0,1113.0,"$150,000 to $199,999",3.7,8
2011,Hispanic (Any Race),14939000.0,44000,1025,59639.0,1113.0,"$200,000 and over",2.5,9
2010,Hispanic (Any Race),14435000.0,44220,1125,60393.0,1276.0,"Under $15,000",14.6,1
2010,Hispanic (Any Race),14435000.0,44220,1125,60393.0,1276.0,"$15,000 to $24,999",12.8,2
2010,Hispanic (Any Race),14435000.0,44220,1125,60393.0,1276.0,"$25,000 to $34,999",12.3,3
2010,Hispanic (Any Race),14435000.0,44220,1125,60393.0,1276.0,"$35,000 to $49,999",15.7,4
2010,Hispanic (Any Race),14435000.0,44220,1125,60393.0,1276.0,"$50,000 to $74,999",17.7,5
2010,Hispanic (Any Race),14435000.0,44220,1125,60393.0,1276.0,"$75,000 to $99,999",11.0,6
2010,Hispanic (Any Race),14435000.0,44220,1125,60393.0,1276.0,"$100,000 to $149,999",9.6,7
2010,Hispanic (Any Race),14435000.0,44220,1125,60393.0,1276.0,"$150,000 to $199,999",3.8,8
2010,Hispanic (Any Race),14435000.0,44220,1125,60393.0,1276.0,"$200,000 and over",2.3,9
2009,Hispanic (Any Race),13298000.0,45437,986,62386.0,1126.0,"Under $15,000",13.5,1
2009,Hispanic (Any Race),13298000.0,45437,986,62386.0,1126.0,"$15,000 to $24,999",12.9,2
2009,Hispanic (Any Race),13298000.0,45437,986,62386.0,1126.0,"$25,000 to $34,999",12.1,3
2009,Hispanic (Any Race),13298000.0,45437,986,62386.0,1126.0,"$35,000 to $49,999",15.8,4
2009,Hispanic (Any Race),13298000.0,45437,986,62386.0,1126.0,"$50,000 to $74,999",18.0,5
2009,Hispanic (Any Race),13298000.0,45437,986,62386.0,1126.0,"$75,000 to $99,999",10.8,6
2009,Hispanic (Any Race),13298000.0,45437,986,62386.0,1126.0,"$100,000 to $149,999",10.6,7
2009,Hispanic (Any Race),13298000.0,45437,986,62386.0,1126.0,"$150,000 to $199,999",3.5,8
2009,Hispanic (Any Race),13298000.0,45437,986,62386.0,1126.0,"$200,000 and over",2.9,9
2008,Hispanic (Any Race),13425000.0,45129,952,61387.0,1046.0,"Under $15,000",13.8,1
2008,Hispanic (Any Race),13425000.0,45129,952,61387.0,1046.0,"$15,000 to $24,999",13.0,2
2008,Hispanic (Any Race),13425000.0,45129,952,61387.0,1046.0,"$25,000 to $34,999",11.1,3
2008,Hispanic (Any Race),13425000.0,45129,952,61387.0,1046.0,"$35,000 to $49,999",17.6,4
2008,Hispanic (Any Race),13425000.0,45129,952,61387.0,1046.0,"$50,000 to $74,999",17.5,5
2008,Hispanic (Any Race),13425000.0,45129,952,61387.0,1046.0,"$75,000 to $99,999",10.3,6
2008,Hispanic (Any Race),13425000.0,45129,952,61387.0,1046.0,"$100,000 to $149,999",10.6,7
2008,Hispanic (Any Race),13425000.0,45129,952,61387.0,1046.0,"$150,000 to $199,999",3.7,8
2008,Hispanic (Any Race),13425000.0,45129,952,61387.0,1046.0,"$200,000 and over",2.5,9
2007,Hispanic (Any Race),13339000.0,47809,1057,62826.0,1088.0,"Under $15,000",12.5,1
2007,Hispanic (Any Race),13339000.0,47809,1057,62826.0,1088.0,"$15,000 to $24,999",12.3,2
2007,Hispanic (Any Race),13339000.0,47809,1057,62826.0,1088.0,"$25,000 to $34,999",11.5,3
2007,Hispanic (Any Race),13339000.0,47809,1057,62826.0,1088.0,"$35,000 to $49,999",16.6,4
2007,Hispanic (Any Race),13339000.0,47809,1057,62826.0,1088.0,"$50,000 to $74,999",18.6,5
2007,Hispanic (Any Race),13339000.0,47809,1057,62826.0,1088.0,"$75,000 to $99,999",11.9,6
2007,Hispanic (Any Race),13339000.0,47809,1057,62826.0,1088.0,"$100,000 to $149,999",10.5,7
2007,Hispanic (Any Race),13339000.0,47809,1057,62826.0,1088.0,"$150,000 to $199,999",3.5,8
2007,Hispanic (Any Race),13339000.0,47809,1057,62826.0,1088.0,"$200,000 and over",2.6,9
2006,Hispanic (Any Race),12973000.0,48023,1056,64286.0,1213.0,"Under $15,000",12.1,1
2006,Hispanic (Any Race),12973000.0,48023,1056,64286.0,1213.0,"$15,000 to $24,999",11.5,2
2006,Hispanic (Any Race),12973000.0,48023,1056,64286.0,1213.0,"$25,000 to $34,999",12.2,3
2006,Hispanic (Any Race),12973000.0,48023,1056,64286.0,1213.0,"$35,000 to $49,999",15.8,4
2006,Hispanic (Any Race),12973000.0,48023,1056,64286.0,1213.0,"$50,000 to $74,999",19.5,5
2006,Hispanic (Any Race),12973000.0,48023,1056,64286.0,1213.0,"$75,000 to $99,999",11.5,6
2006,Hispanic (Any Race),12973000.0,48023,1056,64286.0,1213.0,"$100,000 to $149,999",10.8,7
2006,Hispanic (Any Race),12973000.0,48023,1056,64286.0,1213.0,"$150,000 to $199,999",4.0,8
2006,Hispanic (Any Race),12973000.0,48023,1056,64286.0,1213.0,"$200,000 and over",2.7,9
2005,Hispanic (Any Race),12519000.0,47200,771,61859.0,1023.0,"Under $15,000",12.4,1
2005,Hispanic (Any Race),12519000.0,47200,771,61859.0,1023.0,"$15,000 to $24,999",12.0,2
2005,Hispanic (Any Race),12519000.0,47200,771,61859.0,1023.0,"$25,000 to $34,999",12.3,3
2005,Hispanic (Any Race),12519000.0,47200,771,61859.0,1023.0,"$35,000 to $49,999",16.5,4
2005,Hispanic (Any Race),12519000.0,47200,771,61859.0,1023.0,"$50,000 to $74,999",19.2,5
2005,Hispanic (Any Race),12519000.0,47200,771,61859.0,1023.0,"$75,000 to $99,999",11.5,6
2005,Hispanic (Any Race),12519000.0,47200,771,61859.0,1023.0,"$100,000 to $149,999",9.9,7
2005,Hispanic (Any Race),12519000.0,47200,771,61859.0,1023.0,"$150,000 to $199,999",3.5,8
2005,Hispanic (Any Race),12519000.0,47200,771,61859.0,1023.0,"$200,000 and over",2.6,9
2004,Hispanic (Any Race),12178000.0,46497,1071,62244.0,1252.0,"Under $15,000",12.7,1
2004,Hispanic (Any Race),12178000.0,46497,1071,62244.0,1252.0,"$15,000 to $24,999",12.0,2
2004,Hispanic (Any Race),12178000.0,46497,1071,62244.0,1252.0,"$25,000 to $34,999",13.2,3
2004,Hispanic (Any Race),12178000.0,46497,1071,62244.0,1252.0,"$35,000 to $49,999",15.7,4
2004,Hispanic (Any Race),12178000.0,46497,1071,62244.0,1252.0,"$50,000 to $74,999",19.5,5
2004,Hispanic (Any Race),12178000.0,46497,1071,62244.0,1252.0,"$75,000 to $99,999",10.5,6
2004,Hispanic (Any Race),12178000.0,46497,1071,62244.0,1252.0,"$100,000 to $149,999",10.4,7
2004,Hispanic (Any Race),12178000.0,46497,1071,62244.0,1252.0,"$150,000 to $199,999",3.4,8
2004,Hispanic (Any Race),12178000.0,46497,1071,62244.0,1252.0,"$200,000 and over",2.6,9
2003,Hispanic (Any Race),11693000.0,45978,1052,61962.0,1128.0,"Under $15,000",12.3,1
2003,Hispanic (Any Race),11693000.0,45978,1052,61962.0,1128.0,"$15,000 to $24,999",12.0,2
2003,Hispanic (Any Race),11693000.0,45978,1052,61962.0,1128.0,"$25,000 to $34,999",13.3,3
2003,Hispanic (Any Race),11693000.0,45978,1052,61962.0,1128.0,"$35,000 to $49,999",16.0,4
2003,Hispanic (Any Race),11693000.0,45978,1052,61962.0,1128.0,"$50,000 to $74,999",18.7,5
2003,Hispanic (Any Race),11693000.0,45978,1052,61962.0,1128.0,"$75,000 to $99,999",11.2,6
2003,Hispanic (Any Race),11693000.0,45978,1052,61962.0,1128.0,"$100,000 to $149,999",10.5,7
2003,Hispanic (Any Race),11693000.0,45978,1052,61962.0,1128.0,"$150,000 to $199,999",3.2,8
2003,Hispanic (Any Race),11693000.0,45978,1052,61962.0,1128.0,"$200,000 and over",2.8,9
2002,Hispanic (Any Race),11339000.0,47174,1130,63967.0,1407.0,"Under $15,000",12.0,1
2002,Hispanic (Any Race),11339000.0,47174,1130,63967.0,1407.0,"$15,000 to $24,999",11.8,2
2002,Hispanic (Any Race),11339000.0,47174,1130,63967.0,1407.0,"$25,000 to $34,999",11.9,3
2002,Hispanic (Any Race),11339000.0,47174,1130,63967.0,1407.0,"$35,000 to $49,999",17.3,4
2002,Hispanic (Any Race),11339000.0,47174,1130,63967.0,1407.0,"$50,000 to $74,999",18.4,5
2002,Hispanic (Any Race),11339000.0,47174,1130,63967.0,1407.0,"$75,000 to $99,999",11.8,6
2002,Hispanic (Any Race),11339000.0,47174,1130,63967.0,1407.0,"$100,000 to $149,999",10.7,7
2002,Hispanic (Any Race),11339000.0,47174,1130,63967.0,1407.0,"$150,000 to $199,999",3.4,8
2002,Hispanic (Any Race),11339000.0,47174,1130,63967.0,1407.0,"$200,000 and over",2.7,9
2001,Hispanic (Any Race),10499000.0,48586,1014,64245.0,1336.0,"Under $15,000",11.4,1
2001,Hispanic (Any Race),10499000.0,48586,1014,64245.0,1336.0,"$15,000 to $24,999",12.6,2
2001,Hispanic (Any Race),10499000.0,48586,1014,64245.0,1336.0,"$25,000 to $34,999",11.5,3
2001,Hispanic (Any Race),10499000.0,48586,1014,64245.0,1336.0,"$35,000 to $49,999",16.0,4
2001,Hispanic (Any Race),10499000.0,48586,1014,64245.0,1336.0,"$50,000 to $74,999",19.4,5
2001,Hispanic (Any Race),10499000.0,48586,1014,64245.0,1336.0,"$75,000 to $99,999",11.6,6
2001,Hispanic (Any Race),10499000.0,48586,1014,64245.0,1336.0,"$100,000 to $149,999",11.2,7
2001,Hispanic (Any Race),10499000.0,48586,1014,64245.0,1336.0,"$150,000 to $199,999",3.6,8
2001,Hispanic (Any Race),10499000.0,48586,1014,64245.0,1336.0,"$200,000 and over",2.7,9
2000,Hispanic (Any Race),10034000.0,49378,1171,65471.0,1550.0,"Under $15,000",11.3,1
2000,Hispanic (Any Race),10034000.0,49378,1171,65471.0,1550.0,"$15,000 to $24,999",11.9,2
2000,Hispanic (Any Race),10034000.0,49378,1171,65471.0,1550.0,"$25,000 to $34,999",11.6,3
2000,Hispanic (Any Race),10034000.0,49378,1171,65471.0,1550.0,"$35,000 to $49,999",15.9,4
2000,Hispanic (Any Race),10034000.0,49378,1171,65471.0,1550.0,"$50,000 to $74,999",20.0,5
2000,Hispanic (Any Race),10034000.0,49378,1171,65471.0,1550.0,"$75,000 to $99,999",12.3,6
2000,Hispanic (Any Race),10034000.0,49378,1171,65471.0,1550.0,"$100,000 to $149,999",11.1,7
2000,Hispanic (Any Race),10034000.0,49378,1171,65471.0,1550.0,"$150,000 to $199,999",3.3,8
2000,Hispanic (Any Race),10034000.0,49378,1171,65471.0,1550.0,"$200,000 and over",2.7,9
1999,Hispanic (Any Race),9579000.0,47326,1132,62170.0,1815.0,"Under $15,000",11.5,1
1999,Hispanic (Any Race),9579000.0,47326,1132,62170.0,1815.0,"$15,000 to $24,999",13.4,2
1999,Hispanic (Any Race),9579000.0,47326,1132,62170.0,1815.0,"$25,000 to $34,999",11.3,3
1999,Hispanic (Any Race),9579000.0,47326,1132,62170.0,1815.0,"$35,000 to $49,999",16.9,4
1999,Hispanic (Any Race),9579000.0,47326,1132,62170.0,1815.0,"$50,000 to $74,999",18.9,5
1999,Hispanic (Any Race),9579000.0,47326,1132,62170.0,1815.0,"$75,000 to $99,999",11.2,6
1999,Hispanic (Any Race),9579000.0,47326,1132,62170.0,1815.0,"$100,000 to $149,999",11.1,7
1999,Hispanic (Any Race),9579000.0,47326,1132,62170.0,1815.0,"$150,000 to $199,999",3.1,8
1999,Hispanic (Any Race),9579000.0,47326,1132,62170.0,1815.0,"$200,000 and over",2.5,9
1998,Hispanic (Any Race),9060000.0,44535,1412,60177.0,2105.0,"Under $15,000",14.2,1
1998,Hispanic (Any Race),9060000.0,44535,1412,60177.0,2105.0,"$15,000 to $24,999",13.7,2
1998,Hispanic (Any Race),9060000.0,44535,1412,60177.0,2105.0,"$25,000 to $34,999",11.9,3
1998,Hispanic (Any Race),9060000.0,44535,1412,60177.0,2105.0,"$35,000 to $49,999",16.2,4
1998,Hispanic (Any Race),9060000.0,44535,1412,60177.0,2105.0,"$50,000 to $74,999",18.1,5
1998,Hispanic (Any Race),9060000.0,44535,1412,60177.0,2105.0,"$75,000 to $99,999",11.3,6
1998,Hispanic (Any Race),9060000.0,44535,1412,60177.0,2105.0,"$100,000 to $149,999",9.3,7
1998,Hispanic (Any Race),9060000.0,44535,1412,60177.0,2105.0,"$150,000 to $199,999",3.2,8
1998,Hispanic (Any Race),9060000.0,44535,1412,60177.0,2105.0,"$200,000 and over",2.2,9
1997,Hispanic (Any Race),8590000.0,42427,1245,57173.0,1898.0,"Under $15,000",15.7,1
1997,Hispanic (Any Race),8590000.0,42427,1245,57173.0,1898.0,"$15,000 to $24,999",13.9,2
1997,Hispanic (Any Race),8590000.0,42427,1245,57173.0,1898.0,"$25,000 to $34,999",12.2,3
1997,Hispanic (Any Race),8590000.0,42427,1245,57173.0,1898.0,"$35,000 to $49,999",16.1,4
1997,Hispanic (Any Race),8590000.0,42427,1245,57173.0,1898.0,"$50,000 to $74,999",18.5,5
1997,Hispanic (Any Race),8590000.0,42427,1245,57173.0,1898.0,"$75,000 to $99,999",10.2,6
1997,Hispanic (Any Race),8590000.0,42427,1245,57173.0,1898.0,"$100,000 to $149,999",8.6,7
1997,Hispanic (Any Race),8590000.0,42427,1245,57173.0,1898.0,"$150,000 to $199,999",2.7,8
1997,Hispanic (Any Race),8590000.0,42427,1245,57173.0,1898.0,"$200,000 and over",2.1,9
1996,Hispanic (Any Race),8225000.0,40541,1293,55352.0,2107.0,"Under $15,000",15.7,1
1996,Hispanic (Any Race),8225000.0,40541,1293,55352.0,2107.0,"$15,000 to $24,999",15.1,2
1996,Hispanic (Any Race),8225000.0,40541,1293,55352.0,2107.0,"$25,000 to $34,999",13.1,3
1996,Hispanic (Any Race),8225000.0,40541,1293,55352.0,2107.0,"$35,000 to $49,999",15.9,4
1996,Hispanic (Any Race),8225000.0,40541,1293,55352.0,2107.0,"$50,000 to $74,999",17.6,5
1996,Hispanic (Any Race),8225000.0,40541,1293,55352.0,2107.0,"$75,000 to $99,999",10.1,6
1996,Hispanic (Any Race),8225000.0,40541,1293,55352.0,2107.0,"$100,000 to $149,999",8.3,7
1996,Hispanic (Any Race),8225000.0,40541,1293,55352.0,2107.0,"$150,000 to $199,999",2.4,8
1996,Hispanic (Any Race),8225000.0,40541,1293,55352.0,2107.0,"$200,000 and over",1.8,9
1995,Hispanic (Any Race),7939000.0,38201,1369,52140.0,1924.0,"Under $15,000",17.4,1
1995,Hispanic (Any Race),7939000.0,38201,1369,52140.0,1924.0,"$15,000 to $24,999",14.6,2
1995,Hispanic (Any Race),7939000.0,38201,1369,52140.0,1924.0,"$25,000 to $34,999",14.1,3
1995,Hispanic (Any Race),7939000.0,38201,1369,52140.0,1924.0,"$35,000 to $49,999",15.4,4
1995,Hispanic (Any Race),7939000.0,38201,1369,52140.0,1924.0,"$50,000 to $74,999",17.1,5
1995,Hispanic (Any Race),7939000.0,38201,1369,52140.0,1924.0,"$75,000 to $99,999",9.9,6
1995,Hispanic (Any Race),7939000.0,38201,1369,52140.0,1924.0,"$100,000 to $149,999",7.7,7
1995,Hispanic (Any Race),7939000.0,38201,1369,52140.0,1924.0,"$150,000 to $199,999",2.2,8
1995,Hispanic (Any Race),7939000.0,38201,1369,52140.0,1924.0,"$200,000 and over",1.4,9
1994,Hispanic (Any Race),7735000.0,40082,1225,54048.0,2218.0,"Under $15,000",17.7,1
1994,Hispanic (Any Race),7735000.0,40082,1225,54048.0,2218.0,"$15,000 to $24,999",14.4,2
1994,Hispanic (Any Race),7735000.0,40082,1225,54048.0,2218.0,"$25,000 to $34,999",12.4,3
1994,Hispanic (Any Race),7735000.0,40082,1225,54048.0,2218.0,"$35,000 to $49,999",15.8,4
1994,Hispanic (Any Race),7735000.0,40082,1225,54048.0,2218.0,"$50,000 to $74,999",17.6,5
1994,Hispanic (Any Race),7735000.0,40082,1225,54048.0,2218.0,"$75,000 to $99,999",9.4,6
1994,Hispanic (Any Race),7735000.0,40082,1225,54048.0,2218.0,"$100,000 to $149,999",8.5,7
1994,Hispanic (Any Race),7735000.0,40082,1225,54048.0,2218.0,"$150,000 to $199,999",2.3,8
1994,Hispanic (Any Race),7735000.0,40082,1225,54048.0,2218.0,"$200,000 and over",1.8,9
1993,Hispanic (Any Race),7362000.0,39984,1322,52921.0,1831.0,"Under $15,000",16.3,1
1993,Hispanic (Any Race),7362000.0,39984,1322,52921.0,1831.0,"$15,000 to $24,999",14.8,2
1993,Hispanic (Any Race),7362000.0,39984,1322,52921.0,1831.0,"$25,000 to $34,999",13.6,3
1993,Hispanic (Any Race),7362000.0,39984,1322,52921.0,1831.0,"$35,000 to $49,999",16.2,4
1993,Hispanic (Any Race),7362000.0,39984,1322,52921.0,1831.0,"$50,000 to $74,999",18.2,5
1993,Hispanic (Any Race),7362000.0,39984,1322,52921.0,1831.0,"$75,000 to $99,999",9.2,6
1993,Hispanic (Any Race),7362000.0,39984,1322,52921.0,1831.0,"$100,000 to $149,999",8.5,7
1993,Hispanic (Any Race),7362000.0,39984,1322,52921.0,1831.0,"$150,000 to $199,999",1.9,8
1993,Hispanic (Any Race),7362000.0,39984,1322,52921.0,1831.0,"$200,000 and over",1.4,9
1992,Hispanic (Any Race),7153000.0,40475,1376,51625.0,1335.0,"Under $15,000",16.6,1
1992,Hispanic (Any Race),7153000.0,40475,1376,51625.0,1335.0,"$15,000 to $24,999",14.0,2
1992,Hispanic (Any Race),7153000.0,40475,1376,51625.0,1335.0,"$25,000 to $34,999",13.4,3
1992,Hispanic (Any Race),7153000.0,40475,1376,51625.0,1335.0,"$35,000 to $49,999",16.1,4
1992,Hispanic (Any Race),7153000.0,40475,1376,51625.0,1335.0,"$50,000 to $74,999",18.4,5
1992,Hispanic (Any Race),7153000.0,40475,1376,51625.0,1335.0,"$75,000 to $99,999",10.2,6
1992,Hispanic (Any Race),7153000.0,40475,1376,51625.0,1335.0,"$100,000 to $149,999",7.8,7
1992,Hispanic (Any Race),7153000.0,40475,1376,51625.0,1335.0,"$150,000 to $199,999",2.4,8
1992,Hispanic (Any Race),7153000.0,40475,1376,51625.0,1335.0,"$200,000 and over",1.1,9
1991,Hispanic (Any Race),6379000.0,41654,1425,53000.0,1395.0,"Under $15,000",16.0,1
1991,Hispanic (Any Race),6379000.0,41654,1425,53000.0,1395.0,"$15,000 to $24,999",13.8,2
1991,Hispanic (Any Race),6379000.0,41654,1425,53000.0,1395.0,"$25,000 to $34,999",12.8,3
1991,Hispanic (Any Race),6379000.0,41654,1425,53000.0,1395.0,"$35,000 to $49,999",16.0,4
1991,Hispanic (Any Race),6379000.0,41654,1425,53000.0,1395.0,"$50,000 to $74,999",18.7,5
1991,Hispanic (Any Race),6379000.0,41654,1425,53000.0,1395.0,"$75,000 to $99,999",10.6,6
1991,Hispanic (Any Race),6379000.0,41654,1425,53000.0,1395.0,"$100,000 to $149,999",8.3,7
1991,Hispanic (Any Race),6379000.0,41654,1425,53000.0,1395.0,"$150,000 to $199,999",2.2,8
1991,Hispanic (Any Race),6379000.0,41654,1425,53000.0,1395.0,"$200,000 and over",1.5,9
1990,Hispanic (Any Race),6220000.0,42482,1433,53216.0,1443.0,"Under $15,000",15.5,1
1990,Hispanic (Any Race),6220000.0,42482,1433,53216.0,1443.0,"$15,000 to $24,999",15.0,2
1990,Hispanic (Any Race),6220000.0,42482,1433,53216.0,1443.0,"$25,000 to $34,999",11.8,3
1990,Hispanic (Any Race),6220000.0,42482,1433,53216.0,1443.0,"$35,000 to $49,999",15.8,4
1990,Hispanic (Any Race),6220000.0,42482,1433,53216.0,1443.0,"$50,000 to $74,999",19.5,5
1990,Hispanic (Any Race),6220000.0,42482,1433,53216.0,1443.0,"$75,000 to $99,999",10.6,6
1990,Hispanic (Any Race),6220000.0,42482,1433,53216.0,1443.0,"$100,000 to $149,999",8.1,7
1990,Hispanic (Any Race),6220000.0,42482,1433,53216.0,1443.0,"$150,000 to $199,999",2.1,8
1990,Hispanic (Any Race),6220000.0,42482,1433,53216.0,1443.0,"$200,000 and over",1.5,9
1989,Hispanic (Any Race),5933000.0,43761,1396,55880.0,1580.0,"Under $15,000",15.7,1
1989,Hispanic (Any Race),5933000.0,43761,1396,55880.0,1580.0,"$15,000 to $24,999",12.4,2
1989,Hispanic (Any Race),5933000.0,43761,1396,55880.0,1580.0,"$25,000 to $34,999",12.0,3
1989,Hispanic (Any Race),5933000.0,43761,1396,55880.0,1580.0,"$35,000 to $49,999",16.0,4
1989,Hispanic (Any Race),5933000.0,43761,1396,55880.0,1580.0,"$50,000 to $74,999",18.6,5
1989,Hispanic (Any Race),5933000.0,43761,1396,55880.0,1580.0,"$75,000 to $99,999",11.7,6
1989,Hispanic (Any Race),5933000.0,43761,1396,55880.0,1580.0,"$100,000 to $149,999",9.4,7
1989,Hispanic (Any Race),5933000.0,43761,1396,55880.0,1580.0,"$150,000 to $199,999",2.6,8
1989,Hispanic (Any Race),5933000.0,43761,1396,55880.0,1580.0,"$200,000 and over",1.6,9
1988,Hispanic (Any Race),5910000.0,42419,1769,54158.0,1889.0,"Under $15,000",16.5,1
1988,Hispanic (Any Race),5910000.0,42419,1769,54158.0,1889.0,"$15,000 to $24,999",12.4,2
1988,Hispanic (Any Race),5910000.0,42419,1769,54158.0,1889.0,"$25,000 to $34,999",13.4,3
1988,Hispanic (Any Race),5910000.0,42419,1769,54158.0,1889.0,"$35,000 to $49,999",15.0,4
1988,Hispanic (Any Race),5910000.0,42419,1769,54158.0,1889.0,"$50,000 to $74,999",18.8,5
1988,Hispanic (Any Race),5910000.0,42419,1769,54158.0,1889.0,"$75,000 to $99,999",11.8,6
1988,Hispanic (Any Race),5910000.0,42419,1769,54158.0,1889.0,"$100,000 to $149,999",8.1,7
1988,Hispanic (Any Race),5910000.0,42419,1769,54158.0,1889.0,"$150,000 to $199,999",2.3,8
1988,Hispanic (Any Race),5910000.0,42419,1769,54158.0,1889.0,"$200,000 and over",1.6,9
1987,Hispanic (Any Race),5642000.0,41743,1492,53509.0,1630.0,"Under $15,000",16.7,1
1987,Hispanic (Any Race),5642000.0,41743,1492,53509.0,1630.0,"$15,000 to $24,999",14.0,2
1987,Hispanic (Any Race),5642000.0,41743,1492,53509.0,1630.0,"$25,000 to $34,999",12.6,3
1987,Hispanic (Any Race),5642000.0,41743,1492,53509.0,1630.0,"$35,000 to $49,999",15.9,4
1987,Hispanic (Any Race),5642000.0,41743,1492,53509.0,1630.0,"$50,000 to $74,999",17.4,5
1987,Hispanic (Any Race),5642000.0,41743,1492,53509.0,1630.0,"$75,000 to $99,999",11.2,6
1987,Hispanic (Any Race),5642000.0,41743,1492,53509.0,1630.0,"$100,000 to $149,999",8.3,7
1987,Hispanic (Any Race),5642000.0,41743,1492,53509.0,1630.0,"$150,000 to $199,999",2.3,8
1987,Hispanic (Any Race),5642000.0,41743,1492,53509.0,1630.0,"$200,000 and over",1.5,9
1986,Hispanic (Any Race),5418000.0,40982,1756,51748.0,1400.0,"Under $15,000",16.4,1
1986,Hispanic (Any Race),5418000.0,40982,1756,51748.0,1400.0,"$15,000 to $24,999",14.3,2
1986,Hispanic (Any Race),5418000.0,40982,1756,51748.0,1400.0,"$25,000 to $34,999",13.0,3
1986,Hispanic (Any Race),5418000.0,40982,1756,51748.0,1400.0,"$35,000 to $49,999",15.4,4
1986,Hispanic (Any Race),5418000.0,40982,1756,51748.0,1400.0,"$50,000 to $74,999",18.5,5
1986,Hispanic (Any Race),5418000.0,40982,1756,51748.0,1400.0,"$75,000 to $99,999",10.7,6
1986,Hispanic (Any Race),5418000.0,40982,1756,51748.0,1400.0,"$100,000 to $149,999",8.7,7
1986,Hispanic (Any Race),5418000.0,40982,1756,51748.0,1400.0,"$150,000 to $199,999",2.2,8
1986,Hispanic (Any Race),5418000.0,40982,1756,51748.0,1400.0,"$200,000 and over",0.9,9
1985,Hispanic (Any Race),5213000.0,39684,1525,49586.0,1327.0,"Under $15,000",17.0,1
1985,Hispanic (Any Race),5213000.0,39684,1525,49586.0,1327.0,"$15,000 to $24,999",15.7,2
1985,Hispanic (Any Race),5213000.0,39684,1525,49586.0,1327.0,"$25,000 to $34,999",12.1,3
1985,Hispanic (Any Race),5213000.0,39684,1525,49586.0,1327.0,"$35,000 to $49,999",15.8,4
1985,Hispanic (Any Race),5213000.0,39684,1525,49586.0,1327.0,"$50,000 to $74,999",18.8,5
1985,Hispanic (Any Race),5213000.0,39684,1525,49586.0,1327.0,"$75,000 to $99,999",10.1,6
1985,Hispanic (Any Race),5213000.0,39684,1525,49586.0,1327.0,"$100,000 to $149,999",8.1,7
1985,Hispanic (Any Race),5213000.0,39684,1525,49586.0,1327.0,"$150,000 to $199,999",1.6,8
1985,Hispanic (Any Race),5213000.0,39684,1525,49586.0,1327.0,"$200,000 and over",0.8,9
1984,Hispanic (Any Race),4883000.0,39934,1647,49657.0,1593.0,"Under $15,000",17.8,1
1984,Hispanic (Any Race),4883000.0,39934,1647,49657.0,1593.0,"$15,000 to $24,999",14.3,2
1984,Hispanic (Any Race),4883000.0,39934,1647,49657.0,1593.0,"$25,000 to $34,999",12.3,3
1984,Hispanic (Any Race),4883000.0,39934,1647,49657.0,1593.0,"$35,000 to $49,999",15.3,4
1984,Hispanic (Any Race),4883000.0,39934,1647,49657.0,1593.0,"$50,000 to $74,999",19.8,5
1984,Hispanic (Any Race),4883000.0,39934,1647,49657.0,1593.0,"$75,000 to $99,999",10.7,6
1984,Hispanic (Any Race),4883000.0,39934,1647,49657.0,1593.0,"$100,000 to $149,999",7.3,7
1984,Hispanic (Any Race),4883000.0,39934,1647,49657.0,1593.0,"$150,000 to $199,999",1.8,8
1984,Hispanic (Any Race),4883000.0,39934,1647,49657.0,1593.0,"$200,000 and over",0.8,9
1983,Hispanic (Any Race),4326000.0,38938,1623,47415.0,1498.0,"Under $15,000",18.4,1
1983,Hispanic (Any Race),4326000.0,38938,1623,47415.0,1498.0,"$15,000 to $24,999",14.8,2
1983,Hispanic (Any Race),4326000.0,38938,1623,47415.0,1498.0,"$25,000 to $34,999",12.7,3
1983,Hispanic (Any Race),4326000.0,38938,1623,47415.0,1498.0,"$35,000 to $49,999",16.4,4
1983,Hispanic (Any Race),4326000.0,38938,1623,47415.0,1498.0,"$50,000 to $74,999",19.0,5
1983,Hispanic (Any Race),4326000.0,38938,1623,47415.0,1498.0,"$75,000 to $99,999",9.5,6
1983,Hispanic (Any Race),4326000.0,38938,1623,47415.0,1498.0,"$100,000 to $149,999",7.2,7
1983,Hispanic (Any Race),4326000.0,38938,1623,47415.0,1498.0,"$150,000 to $199,999",1.4,8
1983,Hispanic (Any Race),4326000.0,38938,1623,47415.0,1498.0,"$200,000 and over",0.5,9
1982,Hispanic (Any Race),4085000.0,38742,1684,47814.0,1596.0,"Under $15,000",17.2,1
1982,Hispanic (Any Race),4085000.0,38742,1684,47814.0,1596.0,"$15,000 to $24,999",15.2,2
1982,Hispanic (Any Race),4085000.0,38742,1684,47814.0,1596.0,"$25,000 to $34,999",13.3,3
1982,Hispanic (Any Race),4085000.0,38742,1684,47814.0,1596.0,"$35,000 to $49,999",16.6,4
1982,Hispanic (Any Race),4085000.0,38742,1684,47814.0,1596.0,"$50,000 to $74,999",18.8,5
1982,Hispanic (Any Race),4085000.0,38742,1684,47814.0,1596.0,"$75,000 to $99,999",9.9,6
1982,Hispanic (Any Race),4085000.0,38742,1684,47814.0,1596.0,"$100,000 to $149,999",6.9,7
1982,Hispanic (Any Race),4085000.0,38742,1684,47814.0,1596.0,"$150,000 to $199,999",1.1,8
1982,Hispanic (Any Race),4085000.0,38742,1684,47814.0,1596.0,"$200,000 and over",0.9,9
1981,Hispanic (Any Race),3980000.0,41412,1866,49730.0,1563.0,"Under $15,000",15.3,1
1981,Hispanic (Any Race),3980000.0,41412,1866,49730.0,1563.0,"$15,000 to $24,999",13.8,2
1981,Hispanic (Any Race),3980000.0,41412,1866,49730.0,1563.0,"$25,000 to $34,999",13.4,3
1981,Hispanic (Any Race),3980000.0,41412,1866,49730.0,1563.0,"$35,000 to $49,999",17.1,4
1981,Hispanic (Any Race),3980000.0,41412,1866,49730.0,1563.0,"$50,000 to $74,999",20.3,5
1981,Hispanic (Any Race),3980000.0,41412,1866,49730.0,1563.0,"$75,000 to $99,999",10.5,6
1981,Hispanic (Any Race),3980000.0,41412,1866,49730.0,1563.0,"$100,000 to $149,999",7.6,7
1981,Hispanic (Any Race),3980000.0,41412,1866,49730.0,1563.0,"$150,000 to $199,999",1.3,8
1981,Hispanic (Any Race),3980000.0,41412,1866,49730.0,1563.0,"$200,000 and over",0.7,9
1980,Hispanic (Any Race),3906000.0,40437,1803,49392.0,1618.0,"Under $15,000",15.9,1
1980,Hispanic (Any Race),3906000.0,40437,1803,49392.0,1618.0,"$15,000 to $24,999",14.0,2
1980,Hispanic (Any Race),3906000.0,40437,1803,49392.0,1618.0,"$25,000 to $34,999",13.4,3
1980,Hispanic (Any Race),3906000.0,40437,1803,49392.0,1618.0,"$35,000 to $49,999",17.0,4
1980,Hispanic (Any Race),3906000.0,40437,1803,49392.0,1618.0,"$50,000 to $74,999",19.6,5
1980,Hispanic (Any Race),3906000.0,40437,1803,49392.0,1618.0,"$75,000 to $99,999",11.2,6
1980,Hispanic (Any Race),3906000.0,40437,1803,49392.0,1618.0,"$100,000 to $149,999",6.6,7
1980,Hispanic (Any Race),3906000.0,40437,1803,49392.0,1618.0,"$150,000 to $199,999",1.4,8
1980,Hispanic (Any Race),3906000.0,40437,1803,49392.0,1618.0,"$200,000 and over",0.7,9
1979,Hispanic (Any Race),3684000.0,42960,2037,51979.0,1718.0,"Under $15,000",14.4,1
1979,Hispanic (Any Race),3684000.0,42960,2037,51979.0,1718.0,"$15,000 to $24,999",12.9,2
1979,Hispanic (Any Race),3684000.0,42960,2037,51979.0,1718.0,"$25,000 to $34,999",13.2,3
1979,Hispanic (Any Race),3684000.0,42960,2037,51979.0,1718.0,"$35,000 to $49,999",16.8,4
1979,Hispanic (Any Race),3684000.0,42960,2037,51979.0,1718.0,"$50,000 to $74,999",21.4,5
1979,Hispanic (Any Race),3684000.0,42960,2037,51979.0,1718.0,"$75,000 to $99,999",10.9,6
1979,Hispanic (Any Race),3684000.0,42960,2037,51979.0,1718.0,"$100,000 to $149,999",7.8,7
1979,Hispanic (Any Race),3684000.0,42960,2037,51979.0,1718.0,"$150,000 to $199,999",1.6,8
1979,Hispanic (Any Race),3684000.0,42960,2037,51979.0,1718.0,"$200,000 and over",0.9,9
1978,Hispanic (Any Race),3291000.0,42565,1697,50279.0,1673.0,"Under $15,000",13.9,1
1978,Hispanic (Any Race),3291000.0,42565,1697,50279.0,1673.0,"$15,000 to $24,999",13.3,2
1978,Hispanic (Any Race),3291000.0,42565,1697,50279.0,1673.0,"$25,000 to $34,999",12.9,3
1978,Hispanic (Any Race),3291000.0,42565,1697,50279.0,1673.0,"$35,000 to $49,999",18.6,4
1978,Hispanic (Any Race),3291000.0,42565,1697,50279.0,1673.0,"$50,000 to $74,999",20.7,5
1978,Hispanic (Any Race),3291000.0,42565,1697,50279.0,1673.0,"$75,000 to $99,999",12.0,6
1978,Hispanic (Any Race),3291000.0,42565,1697,50279.0,1673.0,"$100,000 to $149,999",6.7,7
1978,Hispanic (Any Race),3291000.0,42565,1697,50279.0,1673.0,"$150,000 to $199,999",1.4,8
1978,Hispanic (Any Race),3291000.0,42565,1697,50279.0,1673.0,"$200,000 and over",0.6,9
1977,Hispanic (Any Race),3304000.0,41030,1185,48421.0,1230.0,"Under $15,000",13.7,1
1977,Hispanic (Any Race),3304000.0,41030,1185,48421.0,1230.0,"$15,000 to $24,999",14.8,2
1977,Hispanic (Any Race),3304000.0,41030,1185,48421.0,1230.0,"$25,000 to $34,999",14.1,3
1977,Hispanic (Any Race),3304000.0,41030,1185,48421.0,1230.0,"$35,000 to $49,999",18.2,4
1977,Hispanic (Any Race),3304000.0,41030,1185,48421.0,1230.0,"$50,000 to $74,999",20.8,5
1977,Hispanic (Any Race),3304000.0,41030,1185,48421.0,1230.0,"$75,000 to $99,999",10.6,6
1977,Hispanic (Any Race),3304000.0,41030,1185,48421.0,1230.0,"$100,000 to $149,999",6.0,7
1977,Hispanic (Any Race),3304000.0,41030,1185,48421.0,1230.0,"$150,000 to $199,999",1.4,8
1977,Hispanic (Any Race),3304000.0,41030,1185,48421.0,1230.0,"$200,000 and over",0.4,9
1976,Hispanic (Any Race),3081000.0,39203,1375,46327.0,1240.0,"Under $15,000",16.2,1
1976,Hispanic (Any Race),3081000.0,39203,1375,46327.0,1240.0,"$15,000 to $24,999",15.3,2
1976,Hispanic (Any Race),3081000.0,39203,1375,46327.0,1240.0,"$25,000 to $34,999",13.6,3
1976,Hispanic (Any Race),3081000.0,39203,1375,46327.0,1240.0,"$35,000 to $49,999",18.1,4
1976,Hispanic (Any Race),3081000.0,39203,1375,46327.0,1240.0,"$50,000 to $74,999",20.0,5
1976,Hispanic (Any Race),3081000.0,39203,1375,46327.0,1240.0,"$75,000 to $99,999",10.3,6
1976,Hispanic (Any Race),3081000.0,39203,1375,46327.0,1240.0,"$100,000 to $149,999",5.1,7
1976,Hispanic (Any Race),3081000.0,39203,1375,46327.0,1240.0,"$150,000 to $199,999",1.1,8
1976,Hispanic (Any Race),3081000.0,39203,1375,46327.0,1240.0,"$200,000 and over",0.3,9
1975,Hispanic (Any Race),2948000.0,38408,1397,45596.0,1333.0,"Under $15,000",16.4,1
1975,Hispanic (Any Race),2948000.0,38408,1397,45596.0,1333.0,"$15,000 to $24,999",14.7,2
1975,Hispanic (Any Race),2948000.0,38408,1397,45596.0,1333.0,"$25,000 to $34,999",15.0,3
1975,Hispanic (Any Race),2948000.0,38408,1397,45596.0,1333.0,"$35,000 to $49,999",17.5,4
1975,Hispanic (Any Race),2948000.0,38408,1397,45596.0,1333.0,"$50,000 to $74,999",21.5,5
1975,Hispanic (Any Race),2948000.0,38408,1397,45596.0,1333.0,"$75,000 to $99,999",8.9,6
1975,Hispanic (Any Race),2948000.0,38408,1397,45596.0,1333.0,"$100,000 to $149,999",4.7,7
1975,Hispanic (Any Race),2948000.0,38408,1397,45596.0,1333.0,"$150,000 to $199,999",0.8,8
1975,Hispanic (Any Race),2948000.0,38408,1397,45596.0,1333.0,"$200,000 and over",0.5,9
1974,Hispanic (Any Race),2897000.0,41757,1504,48373.0,1296.0,"Under $15,000",13.0,1
1974,Hispanic (Any Race),2897000.0,41757,1504,48373.0,1296.0,"$15,000 to $24,999",15.4,2
1974,Hispanic (Any Race),2897000.0,41757,1504,48373.0,1296.0,"$25,000 to $34,999",13.8,3
1974,Hispanic (Any Race),2897000.0,41757,1504,48373.0,1296.0,"$35,000 to $49,999",18.0,4
1974,Hispanic (Any Race),2897000.0,41757,1504,48373.0,1296.0,"$50,000 to $74,999",22.1,5
1974,Hispanic (Any Race),2897000.0,41757,1504,48373.0,1296.0,"$75,000 to $99,999",10.4,6
1974,Hispanic (Any Race),2897000.0,41757,1504,48373.0,1296.0,"$100,000 to $149,999",5.7,7
1974,Hispanic (Any Race),2897000.0,41757,1504,48373.0,1296.0,"$150,000 to $199,999",1.1,8
1974,Hispanic (Any Race),2897000.0,41757,1504,48373.0,1296.0,"$200,000 and over",0.5,9
1973,Hispanic (Any Race),2722000.0,42003,1570,48801.0,1307.0,"Under $15,000",12.2,1
1973,Hispanic (Any Race),2722000.0,42003,1570,48801.0,1307.0,"$15,000 to $24,999",14.2,2
1973,Hispanic (Any Race),2722000.0,42003,1570,48801.0,1307.0,"$25,000 to $34,999",14.0,3
1973,Hispanic (Any Race),2722000.0,42003,1570,48801.0,1307.0,"$35,000 to $49,999",18.8,4
1973,Hispanic (Any Race),2722000.0,42003,1570,48801.0,1307.0,"$50,000 to $74,999",22.3,5
1973,Hispanic (Any Race),2722000.0,42003,1570,48801.0,1307.0,"$75,000 to $99,999",11.4,6
1973,Hispanic (Any Race),2722000.0,42003,1570,48801.0,1307.0,"$100,000 to $149,999",5.8,7
1973,Hispanic (Any Race),2722000.0,42003,1570,48801.0,1307.0,"$150,000 to $199,999",0.9,8
1973,Hispanic (Any Race),2722000.0,42003,1570,48801.0,1307.0,"$200,000 and over",0.4,9
1972,Hispanic (Any Race),2655000.0,42073,1352,48359.0,1352.0,"Under $15,000",11.9,1
1972,Hispanic (Any Race),2655000.0,42073,1352,48359.0,1352.0,"$15,000 to $24,999",16.0,2
1972,Hispanic (Any Race),2655000.0,42073,1352,48359.0,1352.0,"$25,000 to $34,999",13.5,3
1972,Hispanic (Any Race),2655000.0,42073,1352,48359.0,1352.0,"$35,000 to $49,999",20.6,4
1972,Hispanic (Any Race),2655000.0,42073,1352,48359.0,1352.0,"$50,000 to $74,999",22.1,5
1972,Hispanic (Any Race),2655000.0,42073,1352,48359.0,1352.0,"$75,000 to $99,999",9.5,6
1972,Hispanic (Any Race),2655000.0,42073,1352,48359.0,1352.0,"$100,000 to $149,999",4.8,7
1972,Hispanic (Any Race),2655000.0,42073,1352,48359.0,1352.0,"$150,000 to $199,999",0.9,8
1972,Hispanic (Any Race),2655000.0,42073,1352,48359.0,1352.0,"$200,000 and over",0.6,9
