sex,race,age,year,quarter,n_persons,median_weekly_earn,period
Both Sexes,All Races,16 years and over,2010,1,96821000,754,2010-Q1
Both Sexes,All Races,16 years and over,2010,2,99798000,740,2010-Q2
Both Sexes,All Races,16 years and over,2010,3,101385000,740,2010-Q3
Both Sexes,All Races,16 years and over,2010,4,100120000,752,2010-Q4
Both Sexes,All Races,16 years and over,2011,1,98329000,755,2011-Q1
Both Sexes,All Races,16 years and over,2011,2,100593000,753,2011-Q2
Both Sexes,All Races,16 years and over,2011,3,101447000,753,2011-Q3
Both Sexes,All Races,16 years and over,2011,4,101458000,764,2011-Q4
Both Sexes,All Races,16 years and over,2012,1,100830000,769,2012-Q1
Both Sexes,All Races,16 years and over,2012,2,102769000,771,2012-Q2
Both Sexes,All Races,16 years and over,2012,3,103577000,758,2012-Q3
Both Sexes,All Races,16 years and over,2012,4,103819000,775,2012-Q4
Both Sexes,All Races,16 years and over,2013,1,102606000,773,2013-Q1
Both Sexes,All Races,16 years and over,2013,2,104194000,776,2013-Q2
Both Sexes,All Races,16 years and over,2013,3,105459000,771,2013-Q3
Both Sexes,All Races,16 years and over,2013,4,104791000,786,2013-Q4
Both Sexes,All Races,16 years and over,2014,1,104327000,796,2014-Q1
Both Sexes,All Races,16 years and over,2014,2,106555000,780,2014-Q2
Both Sexes,All Races,16 years and over,2014,3,107855000,790,2014-Q3
Both Sexes,All Races,16 years and over,2014,4,107368000,799,2014-Q4
Both Sexes,All Races,16 years and over,2015,1,107194000,808,2015-Q1
Both Sexes,All Races,16 years and over,2015,2,108769000,801,2015-Q2
Both Sexes,All Races,16 years and over,2015,3,110446000,803,2015-Q3
Both Sexes,All Races,16 years and over,2015,4,109913000,825,2015-Q4
Both Sexes,All Races,16 years and over,2016,1,109147000,830,2016-Q1
Both Sexes,All Races,16 years and over,2016,2,111166000,824,2016-Q2
Both Sexes,All Races,16 years and over,2016,3,112784000,827,2016-Q3
Both Sexes,All Races,16 years and over,2016,4,111268000,849,2016-Q4
Both Sexes,All Races,16 years and over,2017,1,110706000,865,2017-Q1
Both Sexes,All Races,16 years and over,2017,2,113372000,859,2017-Q2
Both Sexes,All Races,16 years and over,2017,3,114859000,859,2017-Q3
Both Sexes,All Races,16 years and over,2017,4,114151000,857,2017-Q4
Both Sexes,All Races,16 years and over,2018,1,113396000,881,2018-Q1
Both Sexes,All Races,16 years and over,2018,2,115758000,876,2018-Q2
Both Sexes,All Races,16 years and over,2018,3,117184000,887,2018-Q3
Both Sexes,All Races,16 years and over,2018,4,115928000,900,2018-Q4
Both Sexes,All Races,16 years and over,2019,1,116123000,905,2019-Q1
Both Sexes,All Races,16 years and over,2019,2,117567000,908,2019-Q2
Both Sexes,All Races,16 years and over,2019,3,118358000,919,2019-Q3
Both Sexes,All Races,16 years and over,2019,4,118286000,936,2019-Q4
Both Sexes,All Races,16 years and over,2020,1,115930000,957,2020-Q1
Both Sexes,All Races,16 years and over,2020,2,104487000,1002,2020-Q2
Both Sexes,All Races,16 years and over,2020,3,109652000,994,2020-Q3
Both Sexes,All Races,16 years and over,2020,4,111480000,984,2020-Q4
Men,All Races,16 years and over,2010,1,53028000,844,2010-Q1
Men,All Races,16 years and over,2010,2,55235000,810,2010-Q2
Men,All Races,16 years and over,2010,3,56473000,813,2010-Q3
Men,All Races,16 years and over,2010,4,55500000,830,2010-Q4
Men,All Races,16 years and over,2011,1,54251000,829,2011-Q1
Men,All Races,16 years and over,2011,2,56053000,825,2011-Q2
Men,All Races,16 years and over,2011,3,56900000,827,2011-Q3
Men,All Races,16 years and over,2011,4,56678000,843,2011-Q4
Men,All Races,16 years and over,2012,1,56022000,848,2012-Q1
Men,All Races,16 years and over,2012,2,57319000,865,2012-Q2
Men,All Races,16 years and over,2012,3,58069000,828,2012-Q3
Men,All Races,16 years and over,2012,4,57735000,875,2012-Q4
Men,All Races,16 years and over,2013,1,56829000,867,2013-Q1
Men,All Races,16 years and over,2013,2,58164000,860,2013-Q2
Men,All Races,16 years and over,2013,3,58990000,847,2013-Q3
Men,All Races,16 years and over,2013,4,57995000,869,2013-Q4
Men,All Races,16 years and over,2014,1,57654000,872,2014-Q1
Men,All Races,16 years and over,2014,2,59714000,857,2014-Q2
Men,All Races,16 years and over,2014,3,60502000,870,2014-Q3
Men,All Races,16 years and over,2014,4,59930000,882,2014-Q4
Men,All Races,16 years and over,2015,1,59361000,895,2015-Q1
Men,All Races,16 years and over,2015,2,60638000,886,2015-Q2
Men,All Races,16 years and over,2015,3,61974000,889,2015-Q3
Men,All Races,16 years and over,2015,4,61013000,907,2015-Q4
Men,All Races,16 years and over,2016,1,60639000,912,2016-Q1
Men,All Races,16 years and over,2016,2,62045000,909,2016-Q2
Men,All Races,16 years and over,2016,3,63104000,911,2016-Q3
Men,All Races,16 years and over,2016,4,61933000,927,2016-Q4
Men,All Races,16 years and over,2017,1,61488000,950,2017-Q1
Men,All Races,16 years and over,2017,2,63222000,934,2017-Q2
Men,All Races,16 years and over,2017,3,64179000,937,2017-Q3
Men,All Races,16 years and over,2017,4,63033000,946,2017-Q4
Men,All Races,16 years and over,2018,1,63037000,965,2018-Q1
Men,All Races,16 years and over,2018,2,64437000,959,2018-Q2
Men,All Races,16 years and over,2018,3,65216000,973,2018-Q3
Men,All Races,16 years and over,2018,4,63879000,993,2018-Q4
Men,All Races,16 years and over,2019,1,64075000,1004,2019-Q1
Men,All Races,16 years and over,2019,2,65354000,1000,2019-Q2
Men,All Races,16 years and over,2019,3,65655000,1002,2019-Q3
Men,All Races,16 years and over,2019,4,64942000,1022,2019-Q4
Men,All Races,16 years and over,2020,1,63555000,1066,2020-Q1
Men,All Races,16 years and over,2020,2,57994000,1087,2020-Q2
Men,All Races,16 years and over,2020,3,60699000,1104,2020-Q3
Men,All Races,16 years and over,2020,4,61396000,1072,2020-Q4
Women,All Races,16 years and over,2010,1,43794000,665,2010-Q1
Women,All Races,16 years and over,2010,2,44562000,672,2010-Q2
Women,All Races,16 years and over,2010,3,44912000,662,2010-Q3
Women,All Races,16 years and over,2010,4,44620000,679,2010-Q4
Women,All Races,16 years and over,2011,1,44077000,683,2011-Q1
Women,All Races,16 years and over,2011,2,44539000,689,2011-Q2
Women,All Races,16 years and over,2011,3,44548000,673,2011-Q3
Women,All Races,16 years and over,2011,4,44779000,688,2011-Q4
Women,All Races,16 years and over,2012,1,44808000,697,2012-Q1
Women,All Races,16 years and over,2012,2,45450000,689,2012-Q2
Women,All Races,16 years and over,2012,3,45508000,685,2012-Q3
Women,All Races,16 years and over,2012,4,46084000,692,2012-Q4
Women,All Races,16 years and over,2013,1,45777000,704,2013-Q1
Women,All Races,16 years and over,2013,2,46030000,707,2013-Q2
Women,All Races,16 years and over,2013,3,46469000,698,2013-Q3
Women,All Races,16 years and over,2013,4,46796000,713,2013-Q4
Women,All Races,16 years and over,2014,1,46673000,722,2014-Q1
Women,All Races,16 years and over,2014,2,46840000,716,2014-Q2
Women,All Races,16 years and over,2014,3,47353000,715,2014-Q3
Women,All Races,16 years and over,2014,4,47438000,724,2014-Q4
Women,All Races,16 years and over,2015,1,47833000,730,2015-Q1
Women,All Races,16 years and over,2015,2,48131000,726,2015-Q2
Women,All Races,16 years and over,2015,3,48472000,721,2015-Q3
Women,All Races,16 years and over,2015,4,48900000,729,2015-Q4
Women,All Races,16 years and over,2016,1,48508000,750,2016-Q1
Women,All Races,16 years and over,2016,2,49121000,744,2016-Q2
Women,All Races,16 years and over,2016,3,49680000,745,2016-Q3
Women,All Races,16 years and over,2016,4,49335000,758,2016-Q4
Women,All Races,16 years and over,2017,1,49218000,765,2017-Q1
Women,All Races,16 years and over,2017,2,50150000,780,2017-Q2
Women,All Races,16 years and over,2017,3,50680000,767,2017-Q3
Women,All Races,16 years and over,2017,4,51118000,769,2017-Q4
Women,All Races,16 years and over,2018,1,50359000,783,2018-Q1
Women,All Races,16 years and over,2018,2,51321000,780,2018-Q2
Women,All Races,16 years and over,2018,3,51968000,796,2018-Q3
Women,All Races,16 years and over,2018,4,52050000,794,2018-Q4
Women,All Races,16 years and over,2019,1,52047000,806,2019-Q1
Women,All Races,16 years and over,2019,2,52214000,814,2019-Q2
Women,All Races,16 years and over,2019,3,52703000,825,2019-Q3
Women,All Races,16 years and over,2019,4,53344000,843,2019-Q4
Women,All Races,16 years and over,2020,1,52375000,857,2020-Q1
Women,All Races,16 years and over,2020,2,46493000,913,2020-Q2
Women,All Races,16 years and over,2020,3,48954000,902,2020-Q3
Women,All Races,16 years and over,2020,4,50083000,894,2020-Q4
Both Sexes,All Races,16 to 24 years,2010,1,7767000,443,2010-Q1
Both Sexes,All Races,16 to 24 years,2010,2,8550000,430,2010-Q2
Both Sexes,All Races,16 to 24 years,2010,3,9626000,422,2010-Q3
Both Sexes,All Races,16 to 24 years,2010,4,8264000,443,2010-Q4
Both Sexes,All Races,16 to 24 years,2011,1,8103000,448,2011-Q1
Both Sexes,All Races,16 to 24 years,2011,2,8670000,433,2011-Q2
Both Sexes,All Races,16 to 24 years,2011,3,9390000,432,2011-Q3
Both Sexes,All Races,16 to 24 years,2011,4,8730000,447,2011-Q4
Both Sexes,All Races,16 to 24 years,2012,1,8400000,448,2012-Q1
Both Sexes,All Races,16 to 24 years,2012,2,9098000,429,2012-Q2
Both Sexes,All Races,16 to 24 years,2012,3,9612000,437,2012-Q3
Both Sexes,All Races,16 to 24 years,2012,4,9010000,459,2012-Q4
Both Sexes,All Races,16 to 24 years,2013,1,8439000,459,2013-Q1
Both Sexes,All Races,16 to 24 years,2013,2,9373000,452,2013-Q2
Both Sexes,All Races,16 to 24 years,2013,3,10056000,430,2013-Q3
Both Sexes,All Races,16 to 24 years,2013,4,9121000,474,2013-Q4
Both Sexes,All Races,16 to 24 years,2014,1,8577000,465,2014-Q1
Both Sexes,All Races,16 to 24 years,2014,2,9858000,464,2014-Q2
Both Sexes,All Races,16 to 24 years,2014,3,10141000,480,2014-Q3
Both Sexes,All Races,16 to 24 years,2014,4,9755000,493,2014-Q4
Both Sexes,All Races,16 to 24 years,2015,1,9106000,480,2015-Q1
Both Sexes,All Races,16 to 24 years,2015,2,9647000,476,2015-Q2
Both Sexes,All Races,16 to 24 years,2015,3,10591000,491,2015-Q3
Both Sexes,All Races,16 to 24 years,2015,4,9815000,502,2015-Q4
Both Sexes,All Races,16 to 24 years,2016,1,9344000,502,2016-Q1
Both Sexes,All Races,16 to 24 years,2016,2,10140000,492,2016-Q2
Both Sexes,All Races,16 to 24 years,2016,3,11100000,497,2016-Q3
Both Sexes,All Races,16 to 24 years,2016,4,9719000,516,2016-Q4
Both Sexes,All Races,16 to 24 years,2017,1,9509000,516,2017-Q1
Both Sexes,All Races,16 to 24 years,2017,2,10467000,512,2017-Q2
Both Sexes,All Races,16 to 24 years,2017,3,11173000,514,2017-Q3
Both Sexes,All Races,16 to 24 years,2017,4,9975000,549,2017-Q4
Both Sexes,All Races,16 to 24 years,2018,1,9641000,555,2018-Q1
Both Sexes,All Races,16 to 24 years,2018,2,10665000,519,2018-Q2
Both Sexes,All Races,16 to 24 years,2018,3,11397000,539,2018-Q3
Both Sexes,All Races,16 to 24 years,2018,4,10011000,581,2018-Q4
Both Sexes,All Races,16 to 24 years,2019,1,10248000,579,2019-Q1
Both Sexes,All Races,16 to 24 years,2019,2,10905000,571,2019-Q2
Both Sexes,All Races,16 to 24 years,2019,3,11724000,572,2019-Q3
Both Sexes,All Races,16 to 24 years,2019,4,10186000,600,2019-Q4
Both Sexes,All Races,16 to 24 years,2020,1,9680000,588,2020-Q1
Both Sexes,All Races,16 to 24 years,2020,2,8426000,617,2020-Q2
Both Sexes,All Races,16 to 24 years,2020,3,9716000,606,2020-Q3
Both Sexes,All Races,16 to 24 years,2020,4,9632000,614,2020-Q4
Men,All Races,16 to 24 years,2010,1,4209000,473,2010-Q1
Men,All Races,16 to 24 years,2010,2,4765000,442,2010-Q2
Men,All Races,16 to 24 years,2010,3,5454000,424,2010-Q3
Men,All Races,16 to 24 years,2010,4,4652000,449,2010-Q4
Men,All Races,16 to 24 years,2011,1,4418000,470,2011-Q1
Men,All Races,16 to 24 years,2011,2,5009000,446,2011-Q2
Men,All Races,16 to 24 years,2011,3,5433000,440,2011-Q3
Men,All Races,16 to 24 years,2011,4,4943000,466,2011-Q4
Men,All Races,16 to 24 years,2012,1,4786000,469,2012-Q1
Men,All Races,16 to 24 years,2012,2,5200000,460,2012-Q2
Men,All Races,16 to 24 years,2012,3,5576000,459,2012-Q3
Men,All Races,16 to 24 years,2012,4,5094000,480,2012-Q4
Men,All Races,16 to 24 years,2013,1,4727000,487,2013-Q1
Men,All Races,16 to 24 years,2013,2,5304000,479,2013-Q2
Men,All Races,16 to 24 years,2013,3,5733000,452,2013-Q3
Men,All Races,16 to 24 years,2013,4,5064000,492,2013-Q4
Men,All Races,16 to 24 years,2014,1,4871000,480,2014-Q1
Men,All Races,16 to 24 years,2014,2,5663000,481,2014-Q2
Men,All Races,16 to 24 years,2014,3,5827000,498,2014-Q3
Men,All Races,16 to 24 years,2014,4,5611000,508,2014-Q4
Men,All Races,16 to 24 years,2015,1,5067000,491,2015-Q1
Men,All Races,16 to 24 years,2015,2,5335000,497,2015-Q2
Men,All Races,16 to 24 years,2015,3,5992000,517,2015-Q3
Men,All Races,16 to 24 years,2015,4,5511000,543,2015-Q4
Men,All Races,16 to 24 years,2016,1,5278000,511,2016-Q1
Men,All Races,16 to 24 years,2016,2,5724000,505,2016-Q2
Men,All Races,16 to 24 years,2016,3,6181000,510,2016-Q3
Men,All Races,16 to 24 years,2016,4,5400000,522,2016-Q4
Men,All Races,16 to 24 years,2017,1,5335000,558,2017-Q1
Men,All Races,16 to 24 years,2017,2,5983000,524,2017-Q2
Men,All Races,16 to 24 years,2017,3,6343000,527,2017-Q3
Men,All Races,16 to 24 years,2017,4,5503000,581,2017-Q4
Men,All Races,16 to 24 years,2018,1,5482000,563,2018-Q1
Men,All Races,16 to 24 years,2018,2,6009000,528,2018-Q2
Men,All Races,16 to 24 years,2018,3,6363000,575,2018-Q3
Men,All Races,16 to 24 years,2018,4,5417000,609,2018-Q4
Men,All Races,16 to 24 years,2019,1,5546000,605,2019-Q1
Men,All Races,16 to 24 years,2019,2,6100000,601,2019-Q2
Men,All Races,16 to 24 years,2019,3,6493000,601,2019-Q3
Men,All Races,16 to 24 years,2019,4,5605000,621,2019-Q4
Men,All Races,16 to 24 years,2020,1,5251000,593,2020-Q1
Men,All Races,16 to 24 years,2020,2,4600000,640,2020-Q2
Men,All Races,16 to 24 years,2020,3,5516000,631,2020-Q3
Men,All Races,16 to 24 years,2020,4,5399000,625,2020-Q4
Women,All Races,16 to 24 years,2010,1,3558000,422,2010-Q1
Women,All Races,16 to 24 years,2010,2,3784000,417,2010-Q2
Women,All Races,16 to 24 years,2010,3,4172000,419,2010-Q3
Women,All Races,16 to 24 years,2010,4,3612000,436,2010-Q4
Women,All Races,16 to 24 years,2011,1,3685000,426,2011-Q1
Women,All Races,16 to 24 years,2011,2,3661000,417,2011-Q2
Women,All Races,16 to 24 years,2011,3,3957000,422,2011-Q3
Women,All Races,16 to 24 years,2011,4,3787000,420,2011-Q4
Women,All Races,16 to 24 years,2012,1,3614000,421,2012-Q1
Women,All Races,16 to 24 years,2012,2,3897000,409,2012-Q2
Women,All Races,16 to 24 years,2012,3,4036000,414,2012-Q3
Women,All Races,16 to 24 years,2012,4,3916000,422,2012-Q4
Women,All Races,16 to 24 years,2013,1,3712000,419,2013-Q1
Women,All Races,16 to 24 years,2013,2,4069000,422,2013-Q2
Women,All Races,16 to 24 years,2013,3,4324000,414,2013-Q3
Women,All Races,16 to 24 years,2013,4,4058000,449,2013-Q4
Women,All Races,16 to 24 years,2014,1,3707000,434,2014-Q1
Women,All Races,16 to 24 years,2014,2,4195000,449,2014-Q2
Women,All Races,16 to 24 years,2014,3,4314000,448,2014-Q3
Women,All Races,16 to 24 years,2014,4,4144000,469,2014-Q4
Women,All Races,16 to 24 years,2015,1,4039000,461,2015-Q1
Women,All Races,16 to 24 years,2015,2,4313000,444,2015-Q2
Women,All Races,16 to 24 years,2015,3,4598000,442,2015-Q3
Women,All Races,16 to 24 years,2015,4,4304000,453,2015-Q4
Women,All Races,16 to 24 years,2016,1,4065000,488,2016-Q1
Women,All Races,16 to 24 years,2016,2,4415000,470,2016-Q2
Women,All Races,16 to 24 years,2016,3,4919000,480,2016-Q3
Women,All Races,16 to 24 years,2016,4,4319000,506,2016-Q4
Women,All Races,16 to 24 years,2017,1,4174000,489,2017-Q1
Women,All Races,16 to 24 years,2017,2,4485000,496,2017-Q2
Women,All Races,16 to 24 years,2017,3,4830000,500,2017-Q3
Women,All Races,16 to 24 years,2017,4,4472000,512,2017-Q4
Women,All Races,16 to 24 years,2018,1,4159000,545,2018-Q1
Women,All Races,16 to 24 years,2018,2,4656000,511,2018-Q2
Women,All Races,16 to 24 years,2018,3,5034000,515,2018-Q3
Women,All Races,16 to 24 years,2018,4,4594000,539,2018-Q4
Women,All Races,16 to 24 years,2019,1,4702000,539,2019-Q1
Women,All Races,16 to 24 years,2019,2,4805000,522,2019-Q2
Women,All Races,16 to 24 years,2019,3,5231000,538,2019-Q3
Women,All Races,16 to 24 years,2019,4,4581000,566,2019-Q4
Women,All Races,16 to 24 years,2020,1,4428000,582,2020-Q1
Women,All Races,16 to 24 years,2020,2,3826000,594,2020-Q2
Women,All Races,16 to 24 years,2020,3,4201000,583,2020-Q3
Women,All Races,16 to 24 years,2020,4,4234000,596,2020-Q4
Both Sexes,All Races,16 to 19 years,2010,1,715000,356,2010-Q1
Both Sexes,All Races,16 to 19 years,2010,2,1119000,346,2010-Q2
Both Sexes,All Races,16 to 19 years,2010,3,1383000,335,2010-Q3
Both Sexes,All Races,16 to 19 years,2010,4,933000,360,2010-Q4
Both Sexes,All Races,16 to 19 years,2011,1,673000,360,2011-Q1
Both Sexes,All Races,16 to 19 years,2011,2,968000,349,2011-Q2
Both Sexes,All Races,16 to 19 years,2011,3,1182000,356,2011-Q3
Both Sexes,All Races,16 to 19 years,2011,4,964000,346,2011-Q4
Both Sexes,All Races,16 to 19 years,2012,1,851000,362,2012-Q1
Both Sexes,All Races,16 to 19 years,2012,2,1068000,357,2012-Q2
Both Sexes,All Races,16 to 19 years,2012,3,1290000,347,2012-Q3
Both Sexes,All Races,16 to 19 years,2012,4,864000,363,2012-Q4
Both Sexes,All Races,16 to 19 years,2013,1,876000,372,2013-Q1
Both Sexes,All Races,16 to 19 years,2013,2,1068000,362,2013-Q2
Both Sexes,All Races,16 to 19 years,2013,3,1422000,369,2013-Q3
Both Sexes,All Races,16 to 19 years,2013,4,968000,392,2013-Q4
Both Sexes,All Races,16 to 19 years,2014,1,843000,395,2014-Q1
Both Sexes,All Races,16 to 19 years,2014,2,1241000,365,2014-Q2
Both Sexes,All Races,16 to 19 years,2014,3,1340000,368,2014-Q3
Both Sexes,All Races,16 to 19 years,2014,4,1150000,387,2014-Q4
Both Sexes,All Races,16 to 19 years,2015,1,995000,378,2015-Q1
Both Sexes,All Races,16 to 19 years,2015,2,1083000,376,2015-Q2
Both Sexes,All Races,16 to 19 years,2015,3,1465000,387,2015-Q3
Both Sexes,All Races,16 to 19 years,2015,4,1079000,410,2015-Q4
Both Sexes,All Races,16 to 19 years,2016,1,948000,394,2016-Q1
Both Sexes,All Races,16 to 19 years,2016,2,1298000,404,2016-Q2
Both Sexes,All Races,16 to 19 years,2016,3,1763000,401,2016-Q3
Both Sexes,All Races,16 to 19 years,2016,4,1148000,420,2016-Q4
Both Sexes,All Races,16 to 19 years,2017,1,1050000,426,2017-Q1
Both Sexes,All Races,16 to 19 years,2017,2,1408000,422,2017-Q2
Both Sexes,All Races,16 to 19 years,2017,3,1774000,417,2017-Q3
Both Sexes,All Races,16 to 19 years,2017,4,1204000,448,2017-Q4
Both Sexes,All Races,16 to 19 years,2018,1,1069000,435,2018-Q1
Both Sexes,All Races,16 to 19 years,2018,2,1503000,450,2018-Q2
Both Sexes,All Races,16 to 19 years,2018,3,1699000,437,2018-Q3
Both Sexes,All Races,16 to 19 years,2018,4,1257000,472,2018-Q4
Both Sexes,All Races,16 to 19 years,2019,1,1270000,472,2019-Q1
Both Sexes,All Races,16 to 19 years,2019,2,1408000,460,2019-Q2
Both Sexes,All Races,16 to 19 years,2019,3,1768000,487,2019-Q3
Both Sexes,All Races,16 to 19 years,2019,4,1310000,494,2019-Q4
Both Sexes,All Races,16 to 19 years,2020,1,1316000,477,2020-Q1
Both Sexes,All Races,16 to 19 years,2020,2,1169000,506,2020-Q2
Both Sexes,All Races,16 to 19 years,2020,3,1533000,498,2020-Q3
Both Sexes,All Races,16 to 19 years,2020,4,1327000,503,2020-Q4
Men,All Races,16 to 19 years,2010,1,423000,349,2010-Q1
Men,All Races,16 to 19 years,2010,2,659000,356,2010-Q2
Men,All Races,16 to 19 years,2010,3,856000,343,2010-Q3
Men,All Races,16 to 19 years,2010,4,588000,377,2010-Q4
Men,All Races,16 to 19 years,2011,1,396000,374,2011-Q1
Men,All Races,16 to 19 years,2011,2,602000,370,2011-Q2
Men,All Races,16 to 19 years,2011,3,682000,370,2011-Q3
Men,All Races,16 to 19 years,2011,4,550000,367,2011-Q4
Men,All Races,16 to 19 years,2012,1,485000,376,2012-Q1
Men,All Races,16 to 19 years,2012,2,648000,372,2012-Q2
Men,All Races,16 to 19 years,2012,3,793000,360,2012-Q3
Men,All Races,16 to 19 years,2012,4,485000,393,2012-Q4
Men,All Races,16 to 19 years,2013,1,495000,400,2013-Q1
Men,All Races,16 to 19 years,2013,2,619000,373,2013-Q2
Men,All Races,16 to 19 years,2013,3,824000,381,2013-Q3
Men,All Races,16 to 19 years,2013,4,583000,407,2013-Q4
Men,All Races,16 to 19 years,2014,1,509000,410,2014-Q1
Men,All Races,16 to 19 years,2014,2,766000,372,2014-Q2
Men,All Races,16 to 19 years,2014,3,809000,382,2014-Q3
Men,All Races,16 to 19 years,2014,4,718000,406,2014-Q4
Men,All Races,16 to 19 years,2015,1,619000,394,2015-Q1
Men,All Races,16 to 19 years,2015,2,609000,382,2015-Q2
Men,All Races,16 to 19 years,2015,3,813000,419,2015-Q3
Men,All Races,16 to 19 years,2015,4,601000,431,2015-Q4
Men,All Races,16 to 19 years,2016,1,561000,408,2016-Q1
Men,All Races,16 to 19 years,2016,2,730000,422,2016-Q2
Men,All Races,16 to 19 years,2016,3,1045000,414,2016-Q3
Men,All Races,16 to 19 years,2016,4,642000,449,2016-Q4
Men,All Races,16 to 19 years,2017,1,629000,482,2017-Q1
Men,All Races,16 to 19 years,2017,2,862000,440,2017-Q2
Men,All Races,16 to 19 years,2017,3,995000,437,2017-Q3
Men,All Races,16 to 19 years,2017,4,687000,488,2017-Q4
Men,All Races,16 to 19 years,2018,1,644000,453,2018-Q1
Men,All Races,16 to 19 years,2018,2,918000,465,2018-Q2
Men,All Races,16 to 19 years,2018,3,1062000,462,2018-Q3
Men,All Races,16 to 19 years,2018,4,724000,501,2018-Q4
Men,All Races,16 to 19 years,2019,1,714000,488,2019-Q1
Men,All Races,16 to 19 years,2019,2,838000,507,2019-Q2
Men,All Races,16 to 19 years,2019,3,1012000,507,2019-Q3
Men,All Races,16 to 19 years,2019,4,790000,513,2019-Q4
Men,All Races,16 to 19 years,2020,1,705000,483,2020-Q1
Men,All Races,16 to 19 years,2020,2,701000,518,2020-Q2
Men,All Races,16 to 19 years,2020,3,943000,513,2020-Q3
Men,All Races,16 to 19 years,2020,4,852000,543,2020-Q4
Women,All Races,16 to 19 years,2010,1,293000,377,2010-Q1
Women,All Races,16 to 19 years,2010,2,459000,333,2010-Q2
Women,All Races,16 to 19 years,2010,3,526000,326,2010-Q3
Women,All Races,16 to 19 years,2010,4,345000,335,2010-Q4
Women,All Races,16 to 19 years,2011,1,277000,346,2011-Q1
Women,All Races,16 to 19 years,2011,2,366000,321,2011-Q2
Women,All Races,16 to 19 years,2011,3,500000,338,2011-Q3
Women,All Races,16 to 19 years,2011,4,414000,318,2011-Q4
Women,All Races,16 to 19 years,2012,1,366000,347,2012-Q1
Women,All Races,16 to 19 years,2012,2,420000,322,2012-Q2
Women,All Races,16 to 19 years,2012,3,497000,325,2012-Q3
Women,All Races,16 to 19 years,2012,4,379000,329,2012-Q4
Women,All Races,16 to 19 years,2013,1,382000,339,2013-Q1
Women,All Races,16 to 19 years,2013,2,449000,326,2013-Q2
Women,All Races,16 to 19 years,2013,3,598000,352,2013-Q3
Women,All Races,16 to 19 years,2013,4,385000,370,2013-Q4
Women,All Races,16 to 19 years,2014,1,333000,369,2014-Q1
Women,All Races,16 to 19 years,2014,2,475000,356,2014-Q2
Women,All Races,16 to 19 years,2014,3,531000,345,2014-Q3
Women,All Races,16 to 19 years,2014,4,432000,358,2014-Q4
Women,All Races,16 to 19 years,2015,1,376000,356,2015-Q1
Women,All Races,16 to 19 years,2015,2,474000,366,2015-Q2
Women,All Races,16 to 19 years,2015,3,653000,354,2015-Q3
Women,All Races,16 to 19 years,2015,4,479000,389,2015-Q4
Women,All Races,16 to 19 years,2016,1,387000,368,2016-Q1
Women,All Races,16 to 19 years,2016,2,568000,390,2016-Q2
Women,All Races,16 to 19 years,2016,3,717000,382,2016-Q3
Women,All Races,16 to 19 years,2016,4,506000,402,2016-Q4
Women,All Races,16 to 19 years,2017,1,421000,394,2017-Q1
Women,All Races,16 to 19 years,2017,2,546000,404,2017-Q2
Women,All Races,16 to 19 years,2017,3,780000,403,2017-Q3
Women,All Races,16 to 19 years,2017,4,517000,408,2017-Q4
Women,All Races,16 to 19 years,2018,1,425000,417,2018-Q1
Women,All Races,16 to 19 years,2018,2,585000,424,2018-Q2
Women,All Races,16 to 19 years,2018,3,637000,405,2018-Q3
Women,All Races,16 to 19 years,2018,4,534000,437,2018-Q4
Women,All Races,16 to 19 years,2019,1,556000,444,2019-Q1
Women,All Races,16 to 19 years,2019,2,570000,407,2019-Q2
Women,All Races,16 to 19 years,2019,3,756000,439,2019-Q3
Women,All Races,16 to 19 years,2019,4,520000,451,2019-Q4
Women,All Races,16 to 19 years,2020,1,611000,464,2020-Q1
Women,All Races,16 to 19 years,2020,2,469000,481,2020-Q2
Women,All Races,16 to 19 years,2020,3,589000,480,2020-Q3
Women,All Races,16 to 19 years,2020,4,475000,438,2020-Q4
Both Sexes,All Races,20 to 24 years,2010,1,7052000,457,2010-Q1
Both Sexes,All Races,20 to 24 years,2010,2,7431000,450,2010-Q2
Both Sexes,All Races,20 to 24 years,2010,3,8243000,446,2010-Q3
Both Sexes,All Races,20 to 24 years,2010,4,7331000,465,2010-Q4
Both Sexes,All Races,20 to 24 years,2011,1,7429000,459,2011-Q1
Both Sexes,All Races,20 to 24 years,2011,2,7702000,451,2011-Q2
Both Sexes,All Races,20 to 24 years,2011,3,8208000,448,2011-Q3
Both Sexes,All Races,20 to 24 years,2011,4,7766000,467,2011-Q4
Both Sexes,All Races,20 to 24 years,2012,1,7548000,463,2012-Q1
Both Sexes,All Races,20 to 24 years,2012,2,8029000,453,2012-Q2
Both Sexes,All Races,20 to 24 years,2012,3,8322000,461,2012-Q3
Both Sexes,All Races,20 to 24 years,2012,4,8146000,476,2012-Q4
Both Sexes,All Races,20 to 24 years,2013,1,7563000,475,2013-Q1
Both Sexes,All Races,20 to 24 years,2013,2,8305000,472,2013-Q2
Both Sexes,All Races,20 to 24 years,2013,3,8634000,454,2013-Q3
Both Sexes,All Races,20 to 24 years,2013,4,8153000,484,2013-Q4
Both Sexes,All Races,20 to 24 years,2014,1,7735000,476,2014-Q1
Both Sexes,All Races,20 to 24 years,2014,2,8616000,483,2014-Q2
Both Sexes,All Races,20 to 24 years,2014,3,8801000,496,2014-Q3
Both Sexes,All Races,20 to 24 years,2014,4,8605000,505,2014-Q4
Both Sexes,All Races,20 to 24 years,2015,1,8111000,493,2015-Q1
Both Sexes,All Races,20 to 24 years,2015,2,8565000,489,2015-Q2
Both Sexes,All Races,20 to 24 years,2015,3,9125000,508,2015-Q3
Both Sexes,All Races,20 to 24 years,2015,4,8736000,513,2015-Q4
Both Sexes,All Races,20 to 24 years,2016,1,8396000,514,2016-Q1
Both Sexes,All Races,20 to 24 years,2016,2,8842000,505,2016-Q2
Both Sexes,All Races,20 to 24 years,2016,3,9337000,510,2016-Q3
Both Sexes,All Races,20 to 24 years,2016,4,8571000,528,2016-Q4
Both Sexes,All Races,20 to 24 years,2017,1,8459000,528,2017-Q1
Both Sexes,All Races,20 to 24 years,2017,2,9059000,525,2017-Q2
Both Sexes,All Races,20 to 24 years,2017,3,9399000,537,2017-Q3
Both Sexes,All Races,20 to 24 years,2017,4,8771000,571,2017-Q4
Both Sexes,All Races,20 to 24 years,2018,1,8571000,576,2018-Q1
Both Sexes,All Races,20 to 24 years,2018,2,9162000,540,2018-Q2
Both Sexes,All Races,20 to 24 years,2018,3,9699000,580,2018-Q3
Both Sexes,All Races,20 to 24 years,2018,4,8754000,594,2018-Q4
Both Sexes,All Races,20 to 24 years,2019,1,8978000,596,2019-Q1
Both Sexes,All Races,20 to 24 years,2019,2,9497000,589,2019-Q2
Both Sexes,All Races,20 to 24 years,2019,3,9956000,592,2019-Q3
Both Sexes,All Races,20 to 24 years,2019,4,8875000,616,2019-Q4
Both Sexes,All Races,20 to 24 years,2020,1,8364000,605,2020-Q1
Both Sexes,All Races,20 to 24 years,2020,2,7257000,640,2020-Q2
Both Sexes,All Races,20 to 24 years,2020,3,8183000,629,2020-Q3
Both Sexes,All Races,20 to 24 years,2020,4,8305000,633,2020-Q4
Men,All Races,20 to 24 years,2010,1,3787000,489,2010-Q1
Men,All Races,20 to 24 years,2010,2,4106000,461,2010-Q2
Men,All Races,20 to 24 years,2010,3,4598000,449,2010-Q3
Men,All Races,20 to 24 years,2010,4,4064000,476,2010-Q4
Men,All Races,20 to 24 years,2011,1,4021000,481,2011-Q1
Men,All Races,20 to 24 years,2011,2,4407000,460,2011-Q2
Men,All Races,20 to 24 years,2011,3,4751000,458,2011-Q3
Men,All Races,20 to 24 years,2011,4,4393000,483,2011-Q4
Men,All Races,20 to 24 years,2012,1,4301000,482,2012-Q1
Men,All Races,20 to 24 years,2012,2,4552000,477,2012-Q2
Men,All Races,20 to 24 years,2012,3,4783000,480,2012-Q3
Men,All Races,20 to 24 years,2012,4,4609000,490,2012-Q4
Men,All Races,20 to 24 years,2013,1,4232000,494,2013-Q1
Men,All Races,20 to 24 years,2013,2,4685000,492,2013-Q2
Men,All Races,20 to 24 years,2013,3,4909000,476,2013-Q3
Men,All Races,20 to 24 years,2013,4,4480000,502,2013-Q4
Men,All Races,20 to 24 years,2014,1,4362000,489,2014-Q1
Men,All Races,20 to 24 years,2014,2,4897000,499,2014-Q2
Men,All Races,20 to 24 years,2014,3,5018000,515,2014-Q3
Men,All Races,20 to 24 years,2014,4,4893000,520,2014-Q4
Men,All Races,20 to 24 years,2015,1,4448000,504,2015-Q1
Men,All Races,20 to 24 years,2015,2,4726000,510,2015-Q2
Men,All Races,20 to 24 years,2015,3,5180000,534,2015-Q3
Men,All Races,20 to 24 years,2015,4,4910000,569,2015-Q4
Men,All Races,20 to 24 years,2016,1,4717000,523,2016-Q1
Men,All Races,20 to 24 years,2016,2,4995000,516,2016-Q2
Men,All Races,20 to 24 years,2016,3,5135000,523,2016-Q3
Men,All Races,20 to 24 years,2016,4,4758000,534,2016-Q4
Men,All Races,20 to 24 years,2017,1,4706000,578,2017-Q1
Men,All Races,20 to 24 years,2017,2,5120000,549,2017-Q2
Men,All Races,20 to 24 years,2017,3,5348000,554,2017-Q3
Men,All Races,20 to 24 years,2017,4,4816000,591,2017-Q4
Men,All Races,20 to 24 years,2018,1,4838000,581,2018-Q1
Men,All Races,20 to 24 years,2018,2,5091000,561,2018-Q2
Men,All Races,20 to 24 years,2018,3,5302000,596,2018-Q3
Men,All Races,20 to 24 years,2018,4,4694000,624,2018-Q4
Men,All Races,20 to 24 years,2019,1,4832000,621,2019-Q1
Men,All Races,20 to 24 years,2019,2,5262000,615,2019-Q2
Men,All Races,20 to 24 years,2019,3,5481000,619,2019-Q3
Men,All Races,20 to 24 years,2019,4,4815000,651,2019-Q4
Men,All Races,20 to 24 years,2020,1,4546000,609,2020-Q1
Men,All Races,20 to 24 years,2020,2,3899000,662,2020-Q2
Men,All Races,20 to 24 years,2020,3,4572000,659,2020-Q3
Men,All Races,20 to 24 years,2020,4,4547000,654,2020-Q4
Women,All Races,20 to 24 years,2010,1,3265000,427,2010-Q1
Women,All Races,20 to 24 years,2010,2,3325000,435,2010-Q2
Women,All Races,20 to 24 years,2010,3,3645000,442,2010-Q3
Women,All Races,20 to 24 years,2010,4,3267000,454,2010-Q4
Women,All Races,20 to 24 years,2011,1,3408000,437,2011-Q1
Women,All Races,20 to 24 years,2011,2,3295000,432,2011-Q2
Women,All Races,20 to 24 years,2011,3,3457000,436,2011-Q3
Women,All Races,20 to 24 years,2011,4,3373000,445,2011-Q4
Women,All Races,20 to 24 years,2012,1,3248000,435,2012-Q1
Women,All Races,20 to 24 years,2012,2,3477000,418,2012-Q2
Women,All Races,20 to 24 years,2012,3,3539000,429,2012-Q3
Women,All Races,20 to 24 years,2012,4,3537000,444,2012-Q4
Women,All Races,20 to 24 years,2013,1,3330000,436,2013-Q1
Women,All Races,20 to 24 years,2013,2,3620000,440,2013-Q2
Women,All Races,20 to 24 years,2013,3,3726000,425,2013-Q3
Women,All Races,20 to 24 years,2013,4,3672000,461,2013-Q4
Women,All Races,20 to 24 years,2014,1,3373000,448,2014-Q1
Women,All Races,20 to 24 years,2014,2,3720000,465,2014-Q2
Women,All Races,20 to 24 years,2014,3,3783000,469,2014-Q3
Women,All Races,20 to 24 years,2014,4,3712000,483,2014-Q4
Women,All Races,20 to 24 years,2015,1,3663000,478,2015-Q1
Women,All Races,20 to 24 years,2015,2,3839000,459,2015-Q2
Women,All Races,20 to 24 years,2015,3,3945000,475,2015-Q3
Women,All Races,20 to 24 years,2015,4,3825000,464,2015-Q4
Women,All Races,20 to 24 years,2016,1,3679000,500,2016-Q1
Women,All Races,20 to 24 years,2016,2,3847000,489,2016-Q2
Women,All Races,20 to 24 years,2016,3,4202000,494,2016-Q3
Women,All Races,20 to 24 years,2016,4,3813000,521,2016-Q4
Women,All Races,20 to 24 years,2017,1,3753000,502,2017-Q1
Women,All Races,20 to 24 years,2017,2,3938000,508,2017-Q2
Women,All Races,20 to 24 years,2017,3,4051000,520,2017-Q3
Women,All Races,20 to 24 years,2017,4,3955000,528,2017-Q4
Women,All Races,20 to 24 years,2018,1,3733000,568,2018-Q1
Women,All Races,20 to 24 years,2018,2,4071000,523,2018-Q2
Women,All Races,20 to 24 years,2018,3,4397000,540,2018-Q3
Women,All Races,20 to 24 years,2018,4,4060000,558,2018-Q4
Women,All Races,20 to 24 years,2019,1,4146000,562,2019-Q1
Women,All Races,20 to 24 years,2019,2,4235000,548,2019-Q2
Women,All Races,20 to 24 years,2019,3,4475000,559,2019-Q3
Women,All Races,20 to 24 years,2019,4,4060000,585,2019-Q4
Women,All Races,20 to 24 years,2020,1,3818000,599,2020-Q1
Women,All Races,20 to 24 years,2020,2,3358000,610,2020-Q2
Women,All Races,20 to 24 years,2020,3,3611000,599,2020-Q3
Women,All Races,20 to 24 years,2020,4,3759000,616,2020-Q4
Both Sexes,All Races,25 years and over,2010,1,89054000,787,2010-Q1
Both Sexes,All Races,25 years and over,2010,2,91248000,774,2010-Q2
Both Sexes,All Races,25 years and over,2010,3,91759000,780,2010-Q3
Both Sexes,All Races,25 years and over,2010,4,91856000,788,2010-Q4
Both Sexes,All Races,25 years and over,2011,1,90226000,791,2011-Q1
Both Sexes,All Races,25 years and over,2011,2,91923000,794,2011-Q2
Both Sexes,All Races,25 years and over,2011,3,92057000,798,2011-Q3
Both Sexes,All Races,25 years and over,2011,4,92728000,805,2011-Q4
Both Sexes,All Races,25 years and over,2012,1,92430000,815,2012-Q1
Both Sexes,All Races,25 years and over,2012,2,93672000,821,2012-Q2
Both Sexes,All Races,25 years and over,2012,3,93965000,803,2012-Q3
Both Sexes,All Races,25 years and over,2012,4,94809000,823,2012-Q4
Both Sexes,All Races,25 years and over,2013,1,94167000,827,2013-Q1
Both Sexes,All Races,25 years and over,2013,2,94821000,828,2013-Q2
Both Sexes,All Races,25 years and over,2013,3,95403000,820,2013-Q3
Both Sexes,All Races,25 years and over,2013,4,95669000,835,2013-Q4
Both Sexes,All Races,25 years and over,2014,1,95750000,837,2014-Q1
Both Sexes,All Races,25 years and over,2014,2,96697000,831,2014-Q2
Both Sexes,All Races,25 years and over,2014,3,97714000,839,2014-Q3
Both Sexes,All Races,25 years and over,2014,4,97613000,847,2014-Q4
Both Sexes,All Races,25 years and over,2015,1,98088000,856,2015-Q1
Both Sexes,All Races,25 years and over,2015,2,99121000,852,2015-Q2
Both Sexes,All Races,25 years and over,2015,3,99856000,857,2015-Q3
Both Sexes,All Races,25 years and over,2015,4,100098000,872,2015-Q4
Both Sexes,All Races,25 years and over,2016,1,99803000,878,2016-Q1
Both Sexes,All Races,25 years and over,2016,2,101026000,880,2016-Q2
Both Sexes,All Races,25 years and over,2016,3,101684000,886,2016-Q3
Both Sexes,All Races,25 years and over,2016,4,101548000,896,2016-Q4
Both Sexes,All Races,25 years and over,2017,1,101197000,908,2017-Q1
Both Sexes,All Races,25 years and over,2017,2,102905000,909,2017-Q2
Both Sexes,All Races,25 years and over,2017,3,103686000,909,2017-Q3
Both Sexes,All Races,25 years and over,2017,4,104176000,902,2017-Q4
Both Sexes,All Races,25 years and over,2018,1,103755000,922,2018-Q1
Both Sexes,All Races,25 years and over,2018,2,105093000,928,2018-Q2
Both Sexes,All Races,25 years and over,2018,3,105787000,934,2018-Q3
Both Sexes,All Races,25 years and over,2018,4,105917000,946,2018-Q4
Both Sexes,All Races,25 years and over,2019,1,105875000,954,2019-Q1
Both Sexes,All Races,25 years and over,2019,2,106662000,960,2019-Q2
Both Sexes,All Races,25 years and over,2019,3,106634000,975,2019-Q3
Both Sexes,All Races,25 years and over,2019,4,108100000,984,2019-Q4
Both Sexes,All Races,25 years and over,2020,1,106250000,1000,2020-Q1
Both Sexes,All Races,25 years and over,2020,2,96061000,1046,2020-Q2
Both Sexes,All Races,25 years and over,2020,3,99936000,1051,2020-Q3
Both Sexes,All Races,25 years and over,2020,4,101847000,1029,2020-Q4
Men,All Races,25 years and over,2010,1,48818000,887,2010-Q1
Men,All Races,25 years and over,2010,2,50470000,861,2010-Q2
Men,All Races,25 years and over,2010,3,51019000,869,2010-Q3
Men,All Races,25 years and over,2010,4,50848000,878,2010-Q4
Men,All Races,25 years and over,2011,1,49834000,880,2011-Q1
Men,All Races,25 years and over,2011,2,51045000,884,2011-Q2
Men,All Races,25 years and over,2011,3,51466000,888,2011-Q3
Men,All Races,25 years and over,2011,4,51735000,893,2011-Q4
Men,All Races,25 years and over,2012,1,51236000,904,2012-Q1
Men,All Races,25 years and over,2012,2,52119000,918,2012-Q2
Men,All Races,25 years and over,2012,3,52493000,891,2012-Q3
Men,All Races,25 years and over,2012,4,52641000,926,2012-Q4
Men,All Races,25 years and over,2013,1,52102000,914,2013-Q1
Men,All Races,25 years and over,2013,2,52859000,913,2013-Q2
Men,All Races,25 years and over,2013,3,53257000,904,2013-Q3
Men,All Races,25 years and over,2013,4,52931000,915,2013-Q4
Men,All Races,25 years and over,2014,1,52783000,925,2014-Q1
Men,All Races,25 years and over,2014,2,54052000,914,2014-Q2
Men,All Races,25 years and over,2014,3,54676000,920,2014-Q3
Men,All Races,25 years and over,2014,4,54319000,929,2014-Q4
Men,All Races,25 years and over,2015,1,54294000,944,2015-Q1
Men,All Races,25 years and over,2015,2,55303000,942,2015-Q2
Men,All Races,25 years and over,2015,3,55982000,946,2015-Q3
Men,All Races,25 years and over,2015,4,55502000,958,2015-Q4
Men,All Races,25 years and over,2016,1,55361000,963,2016-Q1
Men,All Races,25 years and over,2016,2,56320000,967,2016-Q2
Men,All Races,25 years and over,2016,3,56924000,971,2016-Q3
Men,All Races,25 years and over,2016,4,56532000,977,2016-Q4
Men,All Races,25 years and over,2017,1,56153000,998,2017-Q1
Men,All Races,25 years and over,2017,2,57240000,995,2017-Q2
Men,All Races,25 years and over,2017,3,57836000,995,2017-Q3
Men,All Races,25 years and over,2017,4,57530000,998,2017-Q4
Men,All Races,25 years and over,2018,1,57555000,1016,2018-Q1
Men,All Races,25 years and over,2018,2,58428000,1015,2018-Q2
Men,All Races,25 years and over,2018,3,58853000,1033,2018-Q3
Men,All Races,25 years and over,2018,4,58461000,1045,2018-Q4
Men,All Races,25 years and over,2019,1,58529000,1062,2019-Q1
Men,All Races,25 years and over,2019,2,59254000,1059,2019-Q2
Men,All Races,25 years and over,2019,3,59162000,1070,2019-Q3
Men,All Races,25 years and over,2019,4,59337000,1090,2019-Q4
Men,All Races,25 years and over,2020,1,58303000,1131,2020-Q1
Men,All Races,25 years and over,2020,2,53394000,1147,2020-Q2
Men,All Races,25 years and over,2020,3,55183000,1164,2020-Q3
Men,All Races,25 years and over,2020,4,55998000,1137,2020-Q4
Women,All Races,25 years and over,2010,1,40236000,698,2010-Q1
Women,All Races,25 years and over,2010,2,40778000,704,2010-Q2
Women,All Races,25 years and over,2010,3,40741000,702,2010-Q3
Women,All Races,25 years and over,2010,4,41008000,709,2010-Q4
Women,All Races,25 years and over,2011,1,40392000,716,2011-Q1
Women,All Races,25 years and over,2011,2,40878000,720,2011-Q2
Women,All Races,25 years and over,2011,3,40591000,713,2011-Q3
Women,All Races,25 years and over,2011,4,40993000,724,2011-Q4
Women,All Races,25 years and over,2012,1,41194000,731,2012-Q1
Women,All Races,25 years and over,2012,2,41553000,727,2012-Q2
Women,All Races,25 years and over,2012,3,41472000,725,2012-Q3
Women,All Races,25 years and over,2012,4,42168000,725,2012-Q4
Women,All Races,25 years and over,2013,1,42065000,735,2013-Q1
Women,All Races,25 years and over,2013,2,41961000,743,2013-Q2
Women,All Races,25 years and over,2013,3,42146000,737,2013-Q3
Women,All Races,25 years and over,2013,4,42738000,746,2013-Q4
Women,All Races,25 years and over,2014,1,42967000,754,2014-Q1
Women,All Races,25 years and over,2014,2,42645000,750,2014-Q2
Women,All Races,25 years and over,2014,3,43038000,750,2014-Q3
Women,All Races,25 years and over,2014,4,43294000,756,2014-Q4
Women,All Races,25 years and over,2015,1,43794000,759,2015-Q1
Women,All Races,25 years and over,2015,2,43818000,759,2015-Q2
Women,All Races,25 years and over,2015,3,43874000,762,2015-Q3
Women,All Races,25 years and over,2015,4,44596000,764,2015-Q4
Women,All Races,25 years and over,2016,1,44443000,779,2016-Q1
Women,All Races,25 years and over,2016,2,44706000,777,2016-Q2
Women,All Races,25 years and over,2016,3,44761000,785,2016-Q3
Women,All Races,25 years and over,2016,4,45016000,794,2016-Q4
Women,All Races,25 years and over,2017,1,45044000,803,2017-Q1
Women,All Races,25 years and over,2017,2,45665000,824,2017-Q2
Women,All Races,25 years and over,2017,3,45850000,811,2017-Q3
Women,All Races,25 years and over,2017,4,46646000,803,2017-Q4
Women,All Races,25 years and over,2018,1,46201000,819,2018-Q1
Women,All Races,25 years and over,2018,2,46665000,824,2018-Q2
Women,All Races,25 years and over,2018,3,46934000,841,2018-Q3
Women,All Races,25 years and over,2018,4,47456000,834,2018-Q4
Women,All Races,25 years and over,2019,1,47345000,846,2019-Q1
Women,All Races,25 years and over,2019,2,47408000,855,2019-Q2
Women,All Races,25 years and over,2019,3,47472000,877,2019-Q3
Women,All Races,25 years and over,2019,4,48763000,883,2019-Q4
Women,All Races,25 years and over,2020,1,47946000,894,2020-Q1
Women,All Races,25 years and over,2020,2,42667000,956,2020-Q2
Women,All Races,25 years and over,2020,3,44753000,942,2020-Q3
Women,All Races,25 years and over,2020,4,45850000,937,2020-Q4
Both Sexes,All Races,25 to 54 years,2010,1,71752000,778,2010-Q1
Both Sexes,All Races,25 to 54 years,2010,2,73348000,767,2010-Q2
Both Sexes,All Races,25 to 54 years,2010,3,73614000,768,2010-Q3
Both Sexes,All Races,25 to 54 years,2010,4,73801000,778,2010-Q4
Both Sexes,All Races,25 to 54 years,2011,1,72190000,776,2011-Q1
Both Sexes,All Races,25 to 54 years,2011,2,73568000,780,2011-Q2
Both Sexes,All Races,25 to 54 years,2011,3,73332000,785,2011-Q3
Both Sexes,All Races,25 to 54 years,2011,4,73756000,792,2011-Q4
Both Sexes,All Races,25 to 54 years,2012,1,72999000,801,2012-Q1
Both Sexes,All Races,25 to 54 years,2012,2,74267000,810,2012-Q2
Both Sexes,All Races,25 to 54 years,2012,3,74365000,790,2012-Q3
Both Sexes,All Races,25 to 54 years,2012,4,74428000,807,2012-Q4
Both Sexes,All Races,25 to 54 years,2013,1,73903000,816,2013-Q1
Both Sexes,All Races,25 to 54 years,2013,2,74384000,810,2013-Q2
Both Sexes,All Races,25 to 54 years,2013,3,74859000,807,2013-Q3
Both Sexes,All Races,25 to 54 years,2013,4,74790000,815,2013-Q4
Both Sexes,All Races,25 to 54 years,2014,1,74812000,827,2014-Q1
Both Sexes,All Races,25 to 54 years,2014,2,75371000,818,2014-Q2
Both Sexes,All Races,25 to 54 years,2014,3,76506000,822,2014-Q3
Both Sexes,All Races,25 to 54 years,2014,4,75993000,827,2014-Q4
Both Sexes,All Races,25 to 54 years,2015,1,76291000,847,2015-Q1
Both Sexes,All Races,25 to 54 years,2015,2,77076000,835,2015-Q2
Both Sexes,All Races,25 to 54 years,2015,3,77673000,837,2015-Q3
Both Sexes,All Races,25 to 54 years,2015,4,77377000,859,2015-Q4
Both Sexes,All Races,25 to 54 years,2016,1,77316000,859,2016-Q1
Both Sexes,All Races,25 to 54 years,2016,2,78468000,865,2016-Q2
Both Sexes,All Races,25 to 54 years,2016,3,78893000,874,2016-Q3
Both Sexes,All Races,25 to 54 years,2016,4,78890000,884,2016-Q4
Both Sexes,All Races,25 to 54 years,2017,1,78136000,897,2017-Q1
Both Sexes,All Races,25 to 54 years,2017,2,79440000,896,2017-Q2
Both Sexes,All Races,25 to 54 years,2017,3,79847000,890,2017-Q3
Both Sexes,All Races,25 to 54 years,2017,4,80607000,887,2017-Q4
Both Sexes,All Races,25 to 54 years,2018,1,80189000,914,2018-Q1
Both Sexes,All Races,25 to 54 years,2018,2,80864000,907,2018-Q2
Both Sexes,All Races,25 to 54 years,2018,3,81135000,923,2018-Q3
Both Sexes,All Races,25 to 54 years,2018,4,81379000,924,2018-Q4
Both Sexes,All Races,25 to 54 years,2019,1,81142000,942,2019-Q1
Both Sexes,All Races,25 to 54 years,2019,2,81673000,947,2019-Q2
Both Sexes,All Races,25 to 54 years,2019,3,81493000,969,2019-Q3
Both Sexes,All Races,25 to 54 years,2019,4,82685000,973,2019-Q4
Both Sexes,All Races,25 to 54 years,2020,1,81288000,988,2020-Q1
Both Sexes,All Races,25 to 54 years,2020,2,73435000,1039,2020-Q2
Both Sexes,All Races,25 to 54 years,2020,3,76147000,1043,2020-Q3
Both Sexes,All Races,25 to 54 years,2020,4,77598000,1013,2020-Q4
Men,All Races,25 to 54 years,2010,1,39640000,869,2010-Q1
Men,All Races,25 to 54 years,2010,2,40905000,843,2010-Q2
Men,All Races,25 to 54 years,2010,3,41338000,848,2010-Q3
Men,All Races,25 to 54 years,2010,4,41203000,858,2010-Q4
Men,All Races,25 to 54 years,2011,1,40284000,856,2011-Q1
Men,All Races,25 to 54 years,2011,2,41136000,863,2011-Q2
Men,All Races,25 to 54 years,2011,3,41233000,869,2011-Q3
Men,All Races,25 to 54 years,2011,4,41580000,869,2011-Q4
Men,All Races,25 to 54 years,2012,1,40763000,882,2012-Q1
Men,All Races,25 to 54 years,2012,2,41749000,902,2012-Q2
Men,All Races,25 to 54 years,2012,3,41848000,873,2012-Q3
Men,All Races,25 to 54 years,2012,4,41573000,902,2012-Q4
Men,All Races,25 to 54 years,2013,1,41241000,902,2013-Q1
Men,All Races,25 to 54 years,2013,2,41936000,890,2013-Q2
Men,All Races,25 to 54 years,2013,3,42089000,885,2013-Q3
Men,All Races,25 to 54 years,2013,4,41619000,888,2013-Q4
Men,All Races,25 to 54 years,2014,1,41476000,905,2014-Q1
Men,All Races,25 to 54 years,2014,2,42560000,892,2014-Q2
Men,All Races,25 to 54 years,2014,3,43013000,894,2014-Q3
Men,All Races,25 to 54 years,2014,4,42537000,905,2014-Q4
Men,All Races,25 to 54 years,2015,1,42510000,922,2015-Q1
Men,All Races,25 to 54 years,2015,2,43315000,918,2015-Q2
Men,All Races,25 to 54 years,2015,3,43782000,916,2015-Q3
Men,All Races,25 to 54 years,2015,4,43162000,926,2015-Q4
Men,All Races,25 to 54 years,2016,1,43223000,935,2016-Q1
Men,All Races,25 to 54 years,2016,2,44133000,944,2016-Q2
Men,All Races,25 to 54 years,2016,3,44364000,943,2016-Q3
Men,All Races,25 to 54 years,2016,4,44140000,953,2016-Q4
Men,All Races,25 to 54 years,2017,1,43654000,982,2017-Q1
Men,All Races,25 to 54 years,2017,2,44394000,984,2017-Q2
Men,All Races,25 to 54 years,2017,3,44586000,969,2017-Q3
Men,All Races,25 to 54 years,2017,4,44742000,974,2017-Q4
Men,All Races,25 to 54 years,2018,1,44731000,1001,2018-Q1
Men,All Races,25 to 54 years,2018,2,45101000,991,2018-Q2
Men,All Races,25 to 54 years,2018,3,45310000,1012,2018-Q3
Men,All Races,25 to 54 years,2018,4,45103000,1014,2018-Q4
Men,All Races,25 to 54 years,2019,1,45129000,1034,2019-Q1
Men,All Races,25 to 54 years,2019,2,45438000,1035,2019-Q2
Men,All Races,25 to 54 years,2019,3,45317000,1047,2019-Q3
Men,All Races,25 to 54 years,2019,4,45503000,1066,2019-Q4
Men,All Races,25 to 54 years,2020,1,44632000,1109,2020-Q1
Men,All Races,25 to 54 years,2020,2,40835000,1136,2020-Q2
Men,All Races,25 to 54 years,2020,3,42265000,1149,2020-Q3
Men,All Races,25 to 54 years,2020,4,42653000,1115,2020-Q4
Women,All Races,25 to 54 years,2010,1,32112000,698,2010-Q1
Women,All Races,25 to 54 years,2010,2,32443000,701,2010-Q2
Women,All Races,25 to 54 years,2010,3,32276000,696,2010-Q3
Women,All Races,25 to 54 years,2010,4,32598000,705,2010-Q4
Women,All Races,25 to 54 years,2011,1,31906000,709,2011-Q1
Women,All Races,25 to 54 years,2011,2,32433000,714,2011-Q2
Women,All Races,25 to 54 years,2011,3,32099000,707,2011-Q3
Women,All Races,25 to 54 years,2011,4,32176000,721,2011-Q4
Women,All Races,25 to 54 years,2012,1,32236000,723,2012-Q1
Women,All Races,25 to 54 years,2012,2,32518000,722,2012-Q2
Women,All Races,25 to 54 years,2012,3,32517000,715,2012-Q3
Women,All Races,25 to 54 years,2012,4,32855000,717,2012-Q4
Women,All Races,25 to 54 years,2013,1,32663000,729,2013-Q1
Women,All Races,25 to 54 years,2013,2,32449000,735,2013-Q2
Women,All Races,25 to 54 years,2013,3,32770000,729,2013-Q3
Women,All Races,25 to 54 years,2013,4,33170000,739,2013-Q4
Women,All Races,25 to 54 years,2014,1,33336000,750,2014-Q1
Women,All Races,25 to 54 years,2014,2,32811000,744,2014-Q2
Women,All Races,25 to 54 years,2014,3,33494000,743,2014-Q3
Women,All Races,25 to 54 years,2014,4,33456000,749,2014-Q4
Women,All Races,25 to 54 years,2015,1,33781000,757,2015-Q1
Women,All Races,25 to 54 years,2015,2,33761000,753,2015-Q2
Women,All Races,25 to 54 years,2015,3,33891000,757,2015-Q3
Women,All Races,25 to 54 years,2015,4,34216000,764,2015-Q4
Women,All Races,25 to 54 years,2016,1,34093000,771,2016-Q1
Women,All Races,25 to 54 years,2016,2,34336000,774,2016-Q2
Women,All Races,25 to 54 years,2016,3,34529000,782,2016-Q3
Women,All Races,25 to 54 years,2016,4,34751000,788,2016-Q4
Women,All Races,25 to 54 years,2017,1,34482000,795,2017-Q1
Women,All Races,25 to 54 years,2017,2,35045000,811,2017-Q2
Women,All Races,25 to 54 years,2017,3,35261000,797,2017-Q3
Women,All Races,25 to 54 years,2017,4,35865000,799,2017-Q4
Women,All Races,25 to 54 years,2018,1,35458000,819,2018-Q1
Women,All Races,25 to 54 years,2018,2,35763000,811,2018-Q2
Women,All Races,25 to 54 years,2018,3,35824000,845,2018-Q3
Women,All Races,25 to 54 years,2018,4,36276000,825,2018-Q4
Women,All Races,25 to 54 years,2019,1,36013000,841,2019-Q1
Women,All Races,25 to 54 years,2019,2,36235000,852,2019-Q2
Women,All Races,25 to 54 years,2019,3,36177000,883,2019-Q3
Women,All Races,25 to 54 years,2019,4,37181000,881,2019-Q4
Women,All Races,25 to 54 years,2020,1,36656000,894,2020-Q1
Women,All Races,25 to 54 years,2020,2,32600000,948,2020-Q2
Women,All Races,25 to 54 years,2020,3,33882000,942,2020-Q3
Women,All Races,25 to 54 years,2020,4,34946000,929,2020-Q4
Both Sexes,All Races,25 to 34 years,2010,1,23424000,691,2010-Q1
Both Sexes,All Races,25 to 34 years,2010,2,24085000,675,2010-Q2
Both Sexes,All Races,25 to 34 years,2010,3,24565000,676,2010-Q3
Both Sexes,All Races,25 to 34 years,2010,4,24330000,687,2010-Q4
Both Sexes,All Races,25 to 34 years,2011,1,23678000,683,2011-Q1
Both Sexes,All Races,25 to 34 years,2011,2,24309000,704,2011-Q2
Both Sexes,All Races,25 to 34 years,2011,3,24618000,693,2011-Q3
Both Sexes,All Races,25 to 34 years,2011,4,24581000,687,2011-Q4
Both Sexes,All Races,25 to 34 years,2012,1,24017000,702,2012-Q1
Both Sexes,All Races,25 to 34 years,2012,2,24648000,722,2012-Q2
Both Sexes,All Races,25 to 34 years,2012,3,24801000,689,2012-Q3
Both Sexes,All Races,25 to 34 years,2012,4,24874000,713,2012-Q4
Both Sexes,All Races,25 to 34 years,2013,1,24834000,716,2013-Q1
Both Sexes,All Races,25 to 34 years,2013,2,25031000,706,2013-Q2
Both Sexes,All Races,25 to 34 years,2013,3,25164000,710,2013-Q3
Both Sexes,All Races,25 to 34 years,2013,4,25296000,701,2013-Q4
Both Sexes,All Races,25 to 34 years,2014,1,25237000,727,2014-Q1
Both Sexes,All Races,25 to 34 years,2014,2,25436000,711,2014-Q2
Both Sexes,All Races,25 to 34 years,2014,3,26027000,720,2014-Q3
Both Sexes,All Races,25 to 34 years,2014,4,26188000,743,2014-Q4
Both Sexes,All Races,25 to 34 years,2015,1,26227000,736,2015-Q1
Both Sexes,All Races,25 to 34 years,2015,2,26569000,721,2015-Q2
Both Sexes,All Races,25 to 34 years,2015,3,26954000,739,2015-Q3
Both Sexes,All Races,25 to 34 years,2015,4,26693000,743,2015-Q4
Both Sexes,All Races,25 to 34 years,2016,1,26767000,737,2016-Q1
Both Sexes,All Races,25 to 34 years,2016,2,27500000,753,2016-Q2
Both Sexes,All Races,25 to 34 years,2016,3,27787000,758,2016-Q3
Both Sexes,All Races,25 to 34 years,2016,4,27771000,758,2016-Q4
Both Sexes,All Races,25 to 34 years,2017,1,27615000,778,2017-Q1
Both Sexes,All Races,25 to 34 years,2017,2,28072000,776,2017-Q2
Both Sexes,All Races,25 to 34 years,2017,3,28504000,778,2017-Q3
Both Sexes,All Races,25 to 34 years,2017,4,28591000,762,2017-Q4
Both Sexes,All Races,25 to 34 years,2018,1,28309000,793,2018-Q1
Both Sexes,All Races,25 to 34 years,2018,2,28842000,794,2018-Q2
Both Sexes,All Races,25 to 34 years,2018,3,29150000,820,2018-Q3
Both Sexes,All Races,25 to 34 years,2018,4,29197000,820,2018-Q4
Both Sexes,All Races,25 to 34 years,2019,1,29235000,815,2019-Q1
Both Sexes,All Races,25 to 34 years,2019,2,29477000,837,2019-Q2
Both Sexes,All Races,25 to 34 years,2019,3,29538000,858,2019-Q3
Both Sexes,All Races,25 to 34 years,2019,4,30054000,876,2019-Q4
Both Sexes,All Races,25 to 34 years,2020,1,29541000,872,2020-Q1
Both Sexes,All Races,25 to 34 years,2020,2,25958000,917,2020-Q2
Both Sexes,All Races,25 to 34 years,2020,3,27242000,918,2020-Q3
Both Sexes,All Races,25 to 34 years,2020,4,27904000,909,2020-Q4
Men,All Races,25 to 34 years,2010,1,13084000,739,2010-Q1
Men,All Races,25 to 34 years,2010,2,13600000,704,2010-Q2
Men,All Races,25 to 34 years,2010,3,13992000,705,2010-Q3
Men,All Races,25 to 34 years,2010,4,13878000,706,2010-Q4
Men,All Races,25 to 34 years,2011,1,13463000,703,2011-Q1
Men,All Races,25 to 34 years,2011,2,13863000,730,2011-Q2
Men,All Races,25 to 34 years,2011,3,14083000,719,2011-Q3
Men,All Races,25 to 34 years,2011,4,14209000,715,2011-Q4
Men,All Races,25 to 34 years,2012,1,13465000,732,2012-Q1
Men,All Races,25 to 34 years,2012,2,14036000,751,2012-Q2
Men,All Races,25 to 34 years,2012,3,14138000,720,2012-Q3
Men,All Races,25 to 34 years,2012,4,14234000,747,2012-Q4
Men,All Races,25 to 34 years,2013,1,14030000,753,2013-Q1
Men,All Races,25 to 34 years,2013,2,14193000,731,2013-Q2
Men,All Races,25 to 34 years,2013,3,14284000,756,2013-Q3
Men,All Races,25 to 34 years,2013,4,14252000,732,2013-Q4
Men,All Races,25 to 34 years,2014,1,14246000,755,2014-Q1
Men,All Races,25 to 34 years,2014,2,14585000,732,2014-Q2
Men,All Races,25 to 34 years,2014,3,14899000,753,2014-Q3
Men,All Races,25 to 34 years,2014,4,14825000,780,2014-Q4
Men,All Races,25 to 34 years,2015,1,14780000,772,2015-Q1
Men,All Races,25 to 34 years,2015,2,15200000,752,2015-Q2
Men,All Races,25 to 34 years,2015,3,15287000,771,2015-Q3
Men,All Races,25 to 34 years,2015,4,15025000,790,2015-Q4
Men,All Races,25 to 34 years,2016,1,15105000,781,2016-Q1
Men,All Races,25 to 34 years,2016,2,15589000,791,2016-Q2
Men,All Races,25 to 34 years,2016,3,15686000,804,2016-Q3
Men,All Races,25 to 34 years,2016,4,15557000,801,2016-Q4
Men,All Races,25 to 34 years,2017,1,15525000,825,2017-Q1
Men,All Races,25 to 34 years,2017,2,15729000,828,2017-Q2
Men,All Races,25 to 34 years,2017,3,15975000,835,2017-Q3
Men,All Races,25 to 34 years,2017,4,16030000,798,2017-Q4
Men,All Races,25 to 34 years,2018,1,15957000,849,2018-Q1
Men,All Races,25 to 34 years,2018,2,16163000,857,2018-Q2
Men,All Races,25 to 34 years,2018,3,16425000,864,2018-Q3
Men,All Races,25 to 34 years,2018,4,16229000,877,2018-Q4
Men,All Races,25 to 34 years,2019,1,16427000,875,2019-Q1
Men,All Races,25 to 34 years,2019,2,16490000,893,2019-Q2
Men,All Races,25 to 34 years,2019,3,16476000,899,2019-Q3
Men,All Races,25 to 34 years,2019,4,16533000,917,2019-Q4
Men,All Races,25 to 34 years,2020,1,16239000,924,2020-Q1
Men,All Races,25 to 34 years,2020,2,14487000,962,2020-Q2
Men,All Races,25 to 34 years,2020,3,14994000,957,2020-Q3
Men,All Races,25 to 34 years,2020,4,15427000,968,2020-Q4
Women,All Races,25 to 34 years,2010,1,10339000,641,2010-Q1
Women,All Races,25 to 34 years,2010,2,10485000,641,2010-Q2
Women,All Races,25 to 34 years,2010,3,10573000,650,2010-Q3
Women,All Races,25 to 34 years,2010,4,10451000,663,2010-Q4
Women,All Races,25 to 34 years,2011,1,10215000,658,2011-Q1
Women,All Races,25 to 34 years,2011,2,10446000,675,2011-Q2
Women,All Races,25 to 34 years,2011,3,10534000,659,2011-Q3
Women,All Races,25 to 34 years,2011,4,10371000,655,2011-Q4
Women,All Races,25 to 34 years,2012,1,10553000,671,2012-Q1
Women,All Races,25 to 34 years,2012,2,10611000,680,2012-Q2
Women,All Races,25 to 34 years,2012,3,10662000,648,2012-Q3
Women,All Races,25 to 34 years,2012,4,10640000,668,2012-Q4
Women,All Races,25 to 34 years,2013,1,10804000,672,2013-Q1
Women,All Races,25 to 34 years,2013,2,10838000,670,2013-Q2
Women,All Races,25 to 34 years,2013,3,10879000,651,2013-Q3
Women,All Races,25 to 34 years,2013,4,11044000,668,2013-Q4
Women,All Races,25 to 34 years,2014,1,10991000,679,2014-Q1
Women,All Races,25 to 34 years,2014,2,10851000,685,2014-Q2
Women,All Races,25 to 34 years,2014,3,11127000,668,2014-Q3
Women,All Races,25 to 34 years,2014,4,11364000,685,2014-Q4
Women,All Races,25 to 34 years,2015,1,11446000,693,2015-Q1
Women,All Races,25 to 34 years,2015,2,11369000,675,2015-Q2
Women,All Races,25 to 34 years,2015,3,11667000,695,2015-Q3
Women,All Races,25 to 34 years,2015,4,11668000,695,2015-Q4
Women,All Races,25 to 34 years,2016,1,11662000,690,2016-Q1
Women,All Races,25 to 34 years,2016,2,11911000,710,2016-Q2
Women,All Races,25 to 34 years,2016,3,12101000,709,2016-Q3
Women,All Races,25 to 34 years,2016,4,12214000,710,2016-Q4
Women,All Races,25 to 34 years,2017,1,12090000,716,2017-Q1
Women,All Races,25 to 34 years,2017,2,12343000,727,2017-Q2
Women,All Races,25 to 34 years,2017,3,12529000,729,2017-Q3
Women,All Races,25 to 34 years,2017,4,12561000,724,2017-Q4
Women,All Races,25 to 34 years,2018,1,12352000,737,2018-Q1
Women,All Races,25 to 34 years,2018,2,12679000,738,2018-Q2
Women,All Races,25 to 34 years,2018,3,12725000,766,2018-Q3
Women,All Races,25 to 34 years,2018,4,12969000,763,2018-Q4
Women,All Races,25 to 34 years,2019,1,12809000,760,2019-Q1
Women,All Races,25 to 34 years,2019,2,12986000,779,2019-Q2
Women,All Races,25 to 34 years,2019,3,13062000,806,2019-Q3
Women,All Races,25 to 34 years,2019,4,13520000,815,2019-Q4
Women,All Races,25 to 34 years,2020,1,13302000,807,2020-Q1
Women,All Races,25 to 34 years,2020,2,11471000,867,2020-Q2
Women,All Races,25 to 34 years,2020,3,12248000,888,2020-Q3
Women,All Races,25 to 34 years,2020,4,12478000,843,2020-Q4
Both Sexes,All Races,35 to 44 years,2010,1,23338000,826,2010-Q1
Both Sexes,All Races,35 to 44 years,2010,2,23983000,816,2010-Q2
Both Sexes,All Races,35 to 44 years,2010,3,23860000,814,2010-Q3
Both Sexes,All Races,35 to 44 years,2010,4,24108000,837,2010-Q4
Both Sexes,All Races,35 to 44 years,2011,1,23579000,836,2011-Q1
Both Sexes,All Races,35 to 44 years,2011,2,23838000,837,2011-Q2
Both Sexes,All Races,35 to 44 years,2011,3,23698000,832,2011-Q3
Both Sexes,All Races,35 to 44 years,2011,4,24012000,844,2011-Q4
Both Sexes,All Races,35 to 44 years,2012,1,23876000,855,2012-Q1
Both Sexes,All Races,35 to 44 years,2012,2,24136000,861,2012-Q2
Both Sexes,All Races,35 to 44 years,2012,3,24078000,843,2012-Q3
Both Sexes,All Races,35 to 44 years,2012,4,24247000,873,2012-Q4
Both Sexes,All Races,35 to 44 years,2013,1,24098000,871,2013-Q1
Both Sexes,All Races,35 to 44 years,2013,2,24149000,868,2013-Q2
Both Sexes,All Races,35 to 44 years,2013,3,24527000,870,2013-Q3
Both Sexes,All Races,35 to 44 years,2013,4,24438000,887,2013-Q4
Both Sexes,All Races,35 to 44 years,2014,1,24435000,891,2014-Q1
Both Sexes,All Races,35 to 44 years,2014,2,24436000,875,2014-Q2
Both Sexes,All Races,35 to 44 years,2014,3,24927000,876,2014-Q3
Both Sexes,All Races,35 to 44 years,2014,4,24559000,882,2014-Q4
Both Sexes,All Races,35 to 44 years,2015,1,24684000,893,2015-Q1
Both Sexes,All Races,35 to 44 years,2015,2,24836000,896,2015-Q2
Both Sexes,All Races,35 to 44 years,2015,3,25081000,895,2015-Q3
Both Sexes,All Races,35 to 44 years,2015,4,25064000,914,2015-Q4
Both Sexes,All Races,35 to 44 years,2016,1,25038000,921,2016-Q1
Both Sexes,All Races,35 to 44 years,2016,2,25270000,943,2016-Q2
Both Sexes,All Races,35 to 44 years,2016,3,25288000,921,2016-Q3
Both Sexes,All Races,35 to 44 years,2016,4,25539000,950,2016-Q4
Both Sexes,All Races,35 to 44 years,2017,1,25077000,947,2017-Q1
Both Sexes,All Races,35 to 44 years,2017,2,25827000,976,2017-Q2
Both Sexes,All Races,35 to 44 years,2017,3,25572000,970,2017-Q3
Both Sexes,All Races,35 to 44 years,2017,4,26171000,959,2017-Q4
Both Sexes,All Races,35 to 44 years,2018,1,26169000,986,2018-Q1
Both Sexes,All Races,35 to 44 years,2018,2,26292000,971,2018-Q2
Both Sexes,All Races,35 to 44 years,2018,3,26597000,991,2018-Q3
Both Sexes,All Races,35 to 44 years,2018,4,26748000,996,2018-Q4
Both Sexes,All Races,35 to 44 years,2019,1,26386000,1033,2019-Q1
Both Sexes,All Races,35 to 44 years,2019,2,26525000,1022,2019-Q2
Both Sexes,All Races,35 to 44 years,2019,3,27001000,1039,2019-Q3
Both Sexes,All Races,35 to 44 years,2019,4,27218000,1047,2019-Q4
Both Sexes,All Races,35 to 44 years,2020,1,26628000,1081,2020-Q1
Both Sexes,All Races,35 to 44 years,2020,2,24526000,1134,2020-Q2
Both Sexes,All Races,35 to 44 years,2020,3,25647000,1129,2020-Q3
Both Sexes,All Races,35 to 44 years,2020,4,25763000,1078,2020-Q4
Men,All Races,35 to 44 years,2010,1,13247000,928,2010-Q1
Men,All Races,35 to 44 years,2010,2,13645000,904,2010-Q2
Men,All Races,35 to 44 years,2010,3,13664000,909,2010-Q3
Men,All Races,35 to 44 years,2010,4,13674000,917,2010-Q4
Men,All Races,35 to 44 years,2011,1,13428000,933,2011-Q1
Men,All Races,35 to 44 years,2011,2,13564000,926,2011-Q2
Men,All Races,35 to 44 years,2011,3,13573000,940,2011-Q3
Men,All Races,35 to 44 years,2011,4,13746000,943,2011-Q4
Men,All Races,35 to 44 years,2012,1,13574000,944,2012-Q1
Men,All Races,35 to 44 years,2012,2,13731000,953,2012-Q2
Men,All Races,35 to 44 years,2012,3,13736000,944,2012-Q3
Men,All Races,35 to 44 years,2012,4,13657000,985,2012-Q4
Men,All Races,35 to 44 years,2013,1,13664000,949,2013-Q1
Men,All Races,35 to 44 years,2013,2,13888000,956,2013-Q2
Men,All Races,35 to 44 years,2013,3,13948000,947,2013-Q3
Men,All Races,35 to 44 years,2013,4,13793000,975,2013-Q4
Men,All Races,35 to 44 years,2014,1,13684000,973,2014-Q1
Men,All Races,35 to 44 years,2014,2,13980000,958,2014-Q2
Men,All Races,35 to 44 years,2014,3,14111000,960,2014-Q3
Men,All Races,35 to 44 years,2014,4,14051000,961,2014-Q4
Men,All Races,35 to 44 years,2015,1,13879000,981,2015-Q1
Men,All Races,35 to 44 years,2015,2,14053000,985,2015-Q2
Men,All Races,35 to 44 years,2015,3,14316000,975,2015-Q3
Men,All Races,35 to 44 years,2015,4,14209000,994,2015-Q4
Men,All Races,35 to 44 years,2016,1,14167000,996,2016-Q1
Men,All Races,35 to 44 years,2016,2,14406000,1024,2016-Q2
Men,All Races,35 to 44 years,2016,3,14421000,993,2016-Q3
Men,All Races,35 to 44 years,2016,4,14539000,1019,2016-Q4
Men,All Races,35 to 44 years,2017,1,14154000,1050,2017-Q1
Men,All Races,35 to 44 years,2017,2,14622000,1065,2017-Q2
Men,All Races,35 to 44 years,2017,3,14549000,1067,2017-Q3
Men,All Races,35 to 44 years,2017,4,14628000,1066,2017-Q4
Men,All Races,35 to 44 years,2018,1,14654000,1098,2018-Q1
Men,All Races,35 to 44 years,2018,2,14874000,1085,2018-Q2
Men,All Races,35 to 44 years,2018,3,15091000,1110,2018-Q3
Men,All Races,35 to 44 years,2018,4,15076000,1112,2018-Q4
Men,All Races,35 to 44 years,2019,1,14878000,1155,2019-Q1
Men,All Races,35 to 44 years,2019,2,15075000,1133,2019-Q2
Men,All Races,35 to 44 years,2019,3,15210000,1143,2019-Q3
Men,All Races,35 to 44 years,2019,4,15258000,1162,2019-Q4
Men,All Races,35 to 44 years,2020,1,14852000,1197,2020-Q1
Men,All Races,35 to 44 years,2020,2,13798000,1238,2020-Q2
Men,All Races,35 to 44 years,2020,3,14416000,1237,2020-Q3
Men,All Races,35 to 44 years,2020,4,14327000,1158,2020-Q4
Women,All Races,35 to 44 years,2010,1,10091000,726,2010-Q1
Women,All Races,35 to 44 years,2010,2,10338000,731,2010-Q2
Women,All Races,35 to 44 years,2010,3,10195000,729,2010-Q3
Women,All Races,35 to 44 years,2010,4,10434000,737,2010-Q4
Women,All Races,35 to 44 years,2011,1,10152000,728,2011-Q1
Women,All Races,35 to 44 years,2011,2,10274000,742,2011-Q2
Women,All Races,35 to 44 years,2011,3,10126000,728,2011-Q3
Women,All Races,35 to 44 years,2011,4,10266000,737,2011-Q4
Women,All Races,35 to 44 years,2012,1,10302000,756,2012-Q1
Women,All Races,35 to 44 years,2012,2,10405000,749,2012-Q2
Women,All Races,35 to 44 years,2012,3,10342000,740,2012-Q3
Women,All Races,35 to 44 years,2012,4,10591000,742,2012-Q4
Women,All Races,35 to 44 years,2013,1,10434000,757,2013-Q1
Women,All Races,35 to 44 years,2013,2,10262000,760,2013-Q2
Women,All Races,35 to 44 years,2013,3,10579000,775,2013-Q3
Women,All Races,35 to 44 years,2013,4,10645000,775,2013-Q4
Women,All Races,35 to 44 years,2014,1,10751000,787,2014-Q1
Women,All Races,35 to 44 years,2014,2,10456000,769,2014-Q2
Women,All Races,35 to 44 years,2014,3,10816000,784,2014-Q3
Women,All Races,35 to 44 years,2014,4,10508000,784,2014-Q4
Women,All Races,35 to 44 years,2015,1,10805000,796,2015-Q1
Women,All Races,35 to 44 years,2015,2,10783000,792,2015-Q2
Women,All Races,35 to 44 years,2015,3,10765000,788,2015-Q3
Women,All Races,35 to 44 years,2015,4,10855000,837,2015-Q4
Women,All Races,35 to 44 years,2016,1,10871000,822,2016-Q1
Women,All Races,35 to 44 years,2016,2,10863000,845,2016-Q2
Women,All Races,35 to 44 years,2016,3,10867000,827,2016-Q3
Women,All Races,35 to 44 years,2016,4,11000000,859,2016-Q4
Women,All Races,35 to 44 years,2017,1,10923000,846,2017-Q1
Women,All Races,35 to 44 years,2017,2,11204000,877,2017-Q2
Women,All Races,35 to 44 years,2017,3,11023000,857,2017-Q3
Women,All Races,35 to 44 years,2017,4,11543000,855,2017-Q4
Women,All Races,35 to 44 years,2018,1,11515000,880,2018-Q1
Women,All Races,35 to 44 years,2018,2,11418000,866,2018-Q2
Women,All Races,35 to 44 years,2018,3,11507000,882,2018-Q3
Women,All Races,35 to 44 years,2018,4,11672000,877,2018-Q4
Women,All Races,35 to 44 years,2019,1,11508000,923,2019-Q1
Women,All Races,35 to 44 years,2019,2,11450000,908,2019-Q2
Women,All Races,35 to 44 years,2019,3,11791000,925,2019-Q3
Women,All Races,35 to 44 years,2019,4,11959000,923,2019-Q4
Women,All Races,35 to 44 years,2020,1,11776000,944,2020-Q1
Women,All Races,35 to 44 years,2020,2,10728000,1010,2020-Q2
Women,All Races,35 to 44 years,2020,3,11231000,989,2020-Q3
Women,All Races,35 to 44 years,2020,4,11436000,980,2020-Q4
Both Sexes,All Races,45 to 54 years,2010,1,24991000,852,2010-Q1
Both Sexes,All Races,45 to 54 years,2010,2,25279000,839,2010-Q2
Both Sexes,All Races,45 to 54 years,2010,3,25190000,841,2010-Q3
Both Sexes,All Races,45 to 54 years,2010,4,25363000,844,2010-Q4
Both Sexes,All Races,45 to 54 years,2011,1,24932000,854,2011-Q1
Both Sexes,All Races,45 to 54 years,2011,2,25421000,859,2011-Q2
Both Sexes,All Races,45 to 54 years,2011,3,25016000,867,2011-Q3
Both Sexes,All Races,45 to 54 years,2011,4,25163000,885,2011-Q4
Both Sexes,All Races,45 to 54 years,2012,1,25105000,880,2012-Q1
Both Sexes,All Races,45 to 54 years,2012,2,25484000,884,2012-Q2
Both Sexes,All Races,45 to 54 years,2012,3,25486000,871,2012-Q3
Both Sexes,All Races,45 to 54 years,2012,4,25307000,877,2012-Q4
Both Sexes,All Races,45 to 54 years,2013,1,24971000,889,2013-Q1
Both Sexes,All Races,45 to 54 years,2013,2,25204000,892,2013-Q2
Both Sexes,All Races,45 to 54 years,2013,3,25169000,870,2013-Q3
Both Sexes,All Races,45 to 54 years,2013,4,25055000,884,2013-Q4
Both Sexes,All Races,45 to 54 years,2014,1,25139000,898,2014-Q1
Both Sexes,All Races,45 to 54 years,2014,2,25499000,903,2014-Q2
Both Sexes,All Races,45 to 54 years,2014,3,25553000,890,2014-Q3
Both Sexes,All Races,45 to 54 years,2014,4,25245000,903,2014-Q4
Both Sexes,All Races,45 to 54 years,2015,1,25380000,930,2015-Q1
Both Sexes,All Races,45 to 54 years,2015,2,25671000,925,2015-Q2
Both Sexes,All Races,45 to 54 years,2015,3,25638000,918,2015-Q3
Both Sexes,All Races,45 to 54 years,2015,4,25620000,920,2015-Q4
Both Sexes,All Races,45 to 54 years,2016,1,25511000,953,2016-Q1
Both Sexes,All Races,45 to 54 years,2016,2,25699000,948,2016-Q2
Both Sexes,All Races,45 to 54 years,2016,3,25818000,955,2016-Q3
Both Sexes,All Races,45 to 54 years,2016,4,25580000,962,2016-Q4
Both Sexes,All Races,45 to 54 years,2017,1,25443000,1001,2017-Q1
Both Sexes,All Races,45 to 54 years,2017,2,25541000,975,2017-Q2
Both Sexes,All Races,45 to 54 years,2017,3,25771000,953,2017-Q3
Both Sexes,All Races,45 to 54 years,2017,4,25845000,982,2017-Q4
Both Sexes,All Races,45 to 54 years,2018,1,25711000,1004,2018-Q1
Both Sexes,All Races,45 to 54 years,2018,2,25730000,986,2018-Q2
Both Sexes,All Races,45 to 54 years,2018,3,25387000,1015,2018-Q3
Both Sexes,All Races,45 to 54 years,2018,4,25433000,1006,2018-Q4
Both Sexes,All Races,45 to 54 years,2019,1,25520000,1017,2019-Q1
Both Sexes,All Races,45 to 54 years,2019,2,25672000,1025,2019-Q2
Both Sexes,All Races,45 to 54 years,2019,3,24954000,1058,2019-Q3
Both Sexes,All Races,45 to 54 years,2019,4,25413000,1039,2019-Q4
Both Sexes,All Races,45 to 54 years,2020,1,25118000,1101,2020-Q1
Both Sexes,All Races,45 to 54 years,2020,2,22951000,1144,2020-Q2
Both Sexes,All Races,45 to 54 years,2020,3,23258000,1154,2020-Q3
Both Sexes,All Races,45 to 54 years,2020,4,23931000,1112,2020-Q4
Men,All Races,45 to 54 years,2010,1,13310000,972,2010-Q1
Men,All Races,45 to 54 years,2010,2,13660000,948,2010-Q2
Men,All Races,45 to 54 years,2010,3,13681000,941,2010-Q3
Men,All Races,45 to 54 years,2010,4,13650000,955,2010-Q4
Men,All Races,45 to 54 years,2011,1,13393000,968,2011-Q1
Men,All Races,45 to 54 years,2011,2,13709000,974,2011-Q2
Men,All Races,45 to 54 years,2011,3,13577000,983,2011-Q3
Men,All Races,45 to 54 years,2011,4,13624000,993,2011-Q4
Men,All Races,45 to 54 years,2012,1,13724000,998,2012-Q1
Men,All Races,45 to 54 years,2012,2,13982000,1003,2012-Q2
Men,All Races,45 to 54 years,2012,3,13973000,976,2012-Q3
Men,All Races,45 to 54 years,2012,4,13682000,997,2012-Q4
Men,All Races,45 to 54 years,2013,1,13547000,1015,2013-Q1
Men,All Races,45 to 54 years,2013,2,13855000,1007,2013-Q2
Men,All Races,45 to 54 years,2013,3,13857000,970,2013-Q3
Men,All Races,45 to 54 years,2013,4,13574000,987,2013-Q4
Men,All Races,45 to 54 years,2014,1,13545000,1021,2014-Q1
Men,All Races,45 to 54 years,2014,2,13995000,1009,2014-Q2
Men,All Races,45 to 54 years,2014,3,14002000,1004,2014-Q3
Men,All Races,45 to 54 years,2014,4,13662000,1012,2014-Q4
Men,All Races,45 to 54 years,2015,1,13850000,1039,2015-Q1
Men,All Races,45 to 54 years,2015,2,14062000,1058,2015-Q2
Men,All Races,45 to 54 years,2015,3,14180000,1020,2015-Q3
Men,All Races,45 to 54 years,2015,4,13928000,1038,2015-Q4
Men,All Races,45 to 54 years,2016,1,13951000,1075,2016-Q1
Men,All Races,45 to 54 years,2016,2,14137000,1063,2016-Q2
Men,All Races,45 to 54 years,2016,3,14257000,1060,2016-Q3
Men,All Races,45 to 54 years,2016,4,14043000,1102,2016-Q4
Men,All Races,45 to 54 years,2017,1,13975000,1141,2017-Q1
Men,All Races,45 to 54 years,2017,2,14043000,1094,2017-Q2
Men,All Races,45 to 54 years,2017,3,14062000,1051,2017-Q3
Men,All Races,45 to 54 years,2017,4,14084000,1117,2017-Q4
Men,All Races,45 to 54 years,2018,1,14120000,1150,2018-Q1
Men,All Races,45 to 54 years,2018,2,14064000,1108,2018-Q2
Men,All Races,45 to 54 years,2018,3,13795000,1152,2018-Q3
Men,All Races,45 to 54 years,2018,4,13798000,1138,2018-Q4
Men,All Races,45 to 54 years,2019,1,13824000,1170,2019-Q1
Men,All Races,45 to 54 years,2019,2,13874000,1153,2019-Q2
Men,All Races,45 to 54 years,2019,3,13630000,1184,2019-Q3
Men,All Races,45 to 54 years,2019,4,13712000,1174,2019-Q4
Men,All Races,45 to 54 years,2020,1,13541000,1246,2020-Q1
Men,All Races,45 to 54 years,2020,2,12550000,1271,2020-Q2
Men,All Races,45 to 54 years,2020,3,12855000,1308,2020-Q3
Men,All Races,45 to 54 years,2020,4,12899000,1232,2020-Q4
Women,All Races,45 to 54 years,2010,1,11682000,736,2010-Q1
Women,All Races,45 to 54 years,2010,2,11619000,731,2010-Q2
Women,All Races,45 to 54 years,2010,3,11508000,729,2010-Q3
Women,All Races,45 to 54 years,2010,4,11713000,722,2010-Q4
Women,All Races,45 to 54 years,2011,1,11539000,740,2011-Q1
Women,All Races,45 to 54 years,2011,2,11712000,734,2011-Q2
Women,All Races,45 to 54 years,2011,3,11439000,741,2011-Q3
Women,All Races,45 to 54 years,2011,4,11539000,757,2011-Q4
Women,All Races,45 to 54 years,2012,1,11382000,748,2012-Q1
Women,All Races,45 to 54 years,2012,2,11502000,733,2012-Q2
Women,All Races,45 to 54 years,2012,3,11512000,754,2012-Q3
Women,All Races,45 to 54 years,2012,4,11625000,747,2012-Q4
Women,All Races,45 to 54 years,2013,1,11424000,758,2013-Q1
Women,All Races,45 to 54 years,2013,2,11348000,767,2013-Q2
Women,All Races,45 to 54 years,2013,3,11311000,755,2013-Q3
Women,All Races,45 to 54 years,2013,4,11481000,767,2013-Q4
Women,All Races,45 to 54 years,2014,1,11594000,787,2014-Q1
Women,All Races,45 to 54 years,2014,2,11504000,783,2014-Q2
Women,All Races,45 to 54 years,2014,3,11551000,772,2014-Q3
Women,All Races,45 to 54 years,2014,4,11583000,774,2014-Q4
Women,All Races,45 to 54 years,2015,1,11530000,811,2015-Q1
Women,All Races,45 to 54 years,2015,2,11609000,797,2015-Q2
Women,All Races,45 to 54 years,2015,3,11458000,794,2015-Q3
Women,All Races,45 to 54 years,2015,4,11693000,797,2015-Q4
Women,All Races,45 to 54 years,2016,1,11560000,832,2016-Q1
Women,All Races,45 to 54 years,2016,2,11562000,829,2016-Q2
Women,All Races,45 to 54 years,2016,3,11561000,842,2016-Q3
Women,All Races,45 to 54 years,2016,4,11537000,840,2016-Q4
Women,All Races,45 to 54 years,2017,1,11469000,863,2017-Q1
Women,All Races,45 to 54 years,2017,2,11498000,851,2017-Q2
Women,All Races,45 to 54 years,2017,3,11709000,845,2017-Q3
Women,All Races,45 to 54 years,2017,4,11761000,866,2017-Q4
Women,All Races,45 to 54 years,2018,1,11591000,878,2018-Q1
Women,All Races,45 to 54 years,2018,2,11666000,854,2018-Q2
Women,All Races,45 to 54 years,2018,3,11593000,892,2018-Q3
Women,All Races,45 to 54 years,2018,4,11635000,876,2018-Q4
Women,All Races,45 to 54 years,2019,1,11697000,876,2019-Q1
Women,All Races,45 to 54 years,2019,2,11798000,899,2019-Q2
Women,All Races,45 to 54 years,2019,3,11323000,926,2019-Q3
Women,All Races,45 to 54 years,2019,4,11701000,909,2019-Q4
Women,All Races,45 to 54 years,2020,1,11578000,926,2020-Q1
Women,All Races,45 to 54 years,2020,2,10400000,1006,2020-Q2
Women,All Races,45 to 54 years,2020,3,10403000,1002,2020-Q3
Women,All Races,45 to 54 years,2020,4,11032000,982,2020-Q4
Both Sexes,All Races,55 years and over,2010,1,17302000,834,2010-Q1
Both Sexes,All Races,55 years and over,2010,2,17901000,821,2010-Q2
Both Sexes,All Races,55 years and over,2010,3,18145000,840,2010-Q3
Both Sexes,All Races,55 years and over,2010,4,18055000,833,2010-Q4
Both Sexes,All Races,55 years and over,2011,1,18036000,863,2011-Q1
Both Sexes,All Races,55 years and over,2011,2,18355000,854,2011-Q2
Both Sexes,All Races,55 years and over,2011,3,18725000,849,2011-Q3
Both Sexes,All Races,55 years and over,2011,4,18972000,861,2011-Q4
Both Sexes,All Races,55 years and over,2012,1,19431000,872,2012-Q1
Both Sexes,All Races,55 years and over,2012,2,19405000,873,2012-Q2
Both Sexes,All Races,55 years and over,2012,3,19600000,863,2012-Q3
Both Sexes,All Races,55 years and over,2012,4,20381000,887,2012-Q4
Both Sexes,All Races,55 years and over,2013,1,20264000,873,2013-Q1
Both Sexes,All Races,55 years and over,2013,2,20436000,893,2013-Q2
Both Sexes,All Races,55 years and over,2013,3,20544000,879,2013-Q3
Both Sexes,All Races,55 years and over,2013,4,20880000,916,2013-Q4
Both Sexes,All Races,55 years and over,2014,1,20938000,884,2014-Q1
Both Sexes,All Races,55 years and over,2014,2,21326000,881,2014-Q2
Both Sexes,All Races,55 years and over,2014,3,21208000,913,2014-Q3
Both Sexes,All Races,55 years and over,2014,4,21620000,915,2014-Q4
Both Sexes,All Races,55 years and over,2015,1,21797000,893,2015-Q1
Both Sexes,All Races,55 years and over,2015,2,22045000,916,2015-Q2
Both Sexes,All Races,55 years and over,2015,3,22182000,927,2015-Q3
Both Sexes,All Races,55 years and over,2015,4,22721000,930,2015-Q4
Both Sexes,All Races,55 years and over,2016,1,22488000,953,2016-Q1
Both Sexes,All Races,55 years and over,2016,2,22558000,928,2016-Q2
Both Sexes,All Races,55 years and over,2016,3,22791000,934,2016-Q3
Both Sexes,All Races,55 years and over,2016,4,22658000,944,2016-Q4
Both Sexes,All Races,55 years and over,2017,1,23061000,951,2017-Q1
Both Sexes,All Races,55 years and over,2017,2,23465000,955,2017-Q2
Both Sexes,All Races,55 years and over,2017,3,23839000,980,2017-Q3
Both Sexes,All Races,55 years and over,2017,4,23569000,963,2017-Q4
Both Sexes,All Races,55 years and over,2018,1,23566000,956,2018-Q1
Both Sexes,All Races,55 years and over,2018,2,24230000,994,2018-Q2
Both Sexes,All Races,55 years and over,2018,3,24652000,971,2018-Q3
Both Sexes,All Races,55 years and over,2018,4,24539000,1015,2018-Q4
Both Sexes,All Races,55 years and over,2019,1,24732000,991,2019-Q1
Both Sexes,All Races,55 years and over,2019,2,24989000,999,2019-Q2
Both Sexes,All Races,55 years and over,2019,3,25141000,991,2019-Q3
Both Sexes,All Races,55 years and over,2019,4,25416000,1030,2019-Q4
Both Sexes,All Races,55 years and over,2020,1,24962000,1047,2020-Q1
Both Sexes,All Races,55 years and over,2020,2,22626000,1072,2020-Q2
Both Sexes,All Races,55 years and over,2020,3,23789000,1087,2020-Q3
Both Sexes,All Races,55 years and over,2020,4,24249000,1095,2020-Q4
Men,All Races,55 years and over,2010,1,9178000,964,2010-Q1
Men,All Races,55 years and over,2010,2,9565000,937,2010-Q2
Men,All Races,55 years and over,2010,3,9681000,967,2010-Q3
Men,All Races,55 years and over,2010,4,9645000,980,2010-Q4
Men,All Races,55 years and over,2011,1,9550000,970,2011-Q1
Men,All Races,55 years and over,2011,2,9909000,965,2011-Q2
Men,All Races,55 years and over,2011,3,10233000,964,2011-Q3
Men,All Races,55 years and over,2011,4,10155000,1005,2011-Q4
Men,All Races,55 years and over,2012,1,10473000,980,2012-Q1
Men,All Races,55 years and over,2012,2,10370000,991,2012-Q2
Men,All Races,55 years and over,2012,3,10645000,960,2012-Q3
Men,All Races,55 years and over,2012,4,11068000,1016,2012-Q4
Men,All Races,55 years and over,2013,1,10862000,969,2013-Q1
Men,All Races,55 years and over,2013,2,10924000,1018,2013-Q2
Men,All Races,55 years and over,2013,3,11168000,984,2013-Q3
Men,All Races,55 years and over,2013,4,11312000,1036,2013-Q4
Men,All Races,55 years and over,2014,1,11307000,979,2014-Q1
Men,All Races,55 years and over,2014,2,11492000,993,2014-Q2
Men,All Races,55 years and over,2014,3,11663000,1034,2014-Q3
Men,All Races,55 years and over,2014,4,11782000,1019,2014-Q4
Men,All Races,55 years and over,2015,1,11784000,1029,2015-Q1
Men,All Races,55 years and over,2015,2,11988000,1032,2015-Q2
Men,All Races,55 years and over,2015,3,12199000,1069,2015-Q3
Men,All Races,55 years and over,2015,4,12340000,1092,2015-Q4
Men,All Races,55 years and over,2016,1,12138000,1102,2016-Q1
Men,All Races,55 years and over,2016,2,12188000,1049,2016-Q2
Men,All Races,55 years and over,2016,3,12559000,1095,2016-Q3
Men,All Races,55 years and over,2016,4,12392000,1084,2016-Q4
Men,All Races,55 years and over,2017,1,12499000,1045,2017-Q1
Men,All Races,55 years and over,2017,2,12846000,1046,2017-Q2
Men,All Races,55 years and over,2017,3,13250000,1125,2017-Q3
Men,All Races,55 years and over,2017,4,12787000,1116,2017-Q4
Men,All Races,55 years and over,2018,1,12824000,1097,2018-Q1
Men,All Races,55 years and over,2018,2,13328000,1117,2018-Q2
Men,All Races,55 years and over,2018,3,13543000,1111,2018-Q3
Men,All Races,55 years and over,2018,4,13359000,1166,2018-Q4
Men,All Races,55 years and over,2019,1,13401000,1149,2019-Q1
Men,All Races,55 years and over,2019,2,13815000,1141,2019-Q2
Men,All Races,55 years and over,2019,3,13846000,1143,2019-Q3
Men,All Races,55 years and over,2019,4,13833000,1168,2019-Q4
Men,All Races,55 years and over,2020,1,13671000,1197,2020-Q1
Men,All Races,55 years and over,2020,2,12559000,1191,2020-Q2
Men,All Races,55 years and over,2020,3,12918000,1231,2020-Q3
Men,All Races,55 years and over,2020,4,13345000,1202,2020-Q4
Women,All Races,55 years and over,2010,1,8124000,701,2010-Q1
Women,All Races,55 years and over,2010,2,8335000,712,2010-Q2
Women,All Races,55 years and over,2010,3,8464000,725,2010-Q3
Women,All Races,55 years and over,2010,4,8410000,723,2010-Q4
Women,All Races,55 years and over,2011,1,8486000,741,2011-Q1
Women,All Races,55 years and over,2011,2,8446000,744,2011-Q2
Women,All Races,55 years and over,2011,3,8492000,737,2011-Q3
Women,All Races,55 years and over,2011,4,8816000,730,2011-Q4
Women,All Races,55 years and over,2012,1,8958000,761,2012-Q1
Women,All Races,55 years and over,2012,2,9034000,748,2012-Q2
Women,All Races,55 years and over,2012,3,8956000,755,2012-Q3
Women,All Races,55 years and over,2012,4,9313000,746,2012-Q4
Women,All Races,55 years and over,2013,1,9402000,754,2013-Q1
Women,All Races,55 years and over,2013,2,9513000,769,2013-Q2
Women,All Races,55 years and over,2013,3,9376000,765,2013-Q3
Women,All Races,55 years and over,2013,4,9568000,776,2013-Q4
Women,All Races,55 years and over,2014,1,9631000,767,2014-Q1
Women,All Races,55 years and over,2014,2,9834000,768,2014-Q2
Women,All Races,55 years and over,2014,3,9544000,778,2014-Q3
Women,All Races,55 years and over,2014,4,9839000,784,2014-Q4
Women,All Races,55 years and over,2015,1,10013000,768,2015-Q1
Women,All Races,55 years and over,2015,2,10057000,782,2015-Q2
Women,All Races,55 years and over,2015,3,9983000,781,2015-Q3
Women,All Races,55 years and over,2015,4,10380000,768,2015-Q4
Women,All Races,55 years and over,2016,1,10350000,821,2016-Q1
Women,All Races,55 years and over,2016,2,10370000,785,2016-Q2
Women,All Races,55 years and over,2016,3,10232000,793,2016-Q3
Women,All Races,55 years and over,2016,4,10265000,810,2016-Q4
Women,All Races,55 years and over,2017,1,10562000,828,2017-Q1
Women,All Races,55 years and over,2017,2,10620000,859,2017-Q2
Women,All Races,55 years and over,2017,3,10589000,859,2017-Q3
Women,All Races,55 years and over,2017,4,10781000,818,2017-Q4
Women,All Races,55 years and over,2018,1,10743000,819,2018-Q1
Women,All Races,55 years and over,2018,2,10902000,868,2018-Q2
Women,All Races,55 years and over,2018,3,11110000,826,2018-Q3
Women,All Races,55 years and over,2018,4,11180000,873,2018-Q4
Women,All Races,55 years and over,2019,1,11332000,859,2019-Q1
Women,All Races,55 years and over,2019,2,11174000,871,2019-Q2
Women,All Races,55 years and over,2019,3,11295000,854,2019-Q3
Women,All Races,55 years and over,2019,4,11582000,892,2019-Q4
Women,All Races,55 years and over,2020,1,11291000,895,2020-Q1
Women,All Races,55 years and over,2020,2,10066000,977,2020-Q2
Women,All Races,55 years and over,2020,3,10871000,942,2020-Q3
Women,All Races,55 years and over,2020,4,10904000,965,2020-Q4
Both Sexes,All Races,55 to 64 years,2010,1,14760000,866,2010-Q1
Both Sexes,All Races,55 to 64 years,2010,2,15142000,842,2010-Q2
Both Sexes,All Races,55 to 64 years,2010,3,15384000,863,2010-Q3
Both Sexes,All Races,55 to 64 years,2010,4,15277000,872,2010-Q4
Both Sexes,All Races,55 to 64 years,2011,1,15297000,881,2011-Q1
Both Sexes,All Races,55 to 64 years,2011,2,15563000,887,2011-Q2
Both Sexes,All Races,55 to 64 years,2011,3,15804000,867,2011-Q3
Both Sexes,All Races,55 to 64 years,2011,4,15901000,885,2011-Q4
Both Sexes,All Races,55 to 64 years,2012,1,16319000,895,2012-Q1
Both Sexes,All Races,55 to 64 years,2012,2,16340000,897,2012-Q2
Both Sexes,All Races,55 to 64 years,2012,3,16348000,887,2012-Q3
Both Sexes,All Races,55 to 64 years,2012,4,17067000,911,2012-Q4
Both Sexes,All Races,55 to 64 years,2013,1,16940000,891,2013-Q1
Both Sexes,All Races,55 to 64 years,2013,2,17007000,907,2013-Q2
Both Sexes,All Races,55 to 64 years,2013,3,17030000,893,2013-Q3
Both Sexes,All Races,55 to 64 years,2013,4,17289000,923,2013-Q4
Both Sexes,All Races,55 to 64 years,2014,1,17335000,896,2014-Q1
Both Sexes,All Races,55 to 64 years,2014,2,17586000,896,2014-Q2
Both Sexes,All Races,55 to 64 years,2014,3,17627000,928,2014-Q3
Both Sexes,All Races,55 to 64 years,2014,4,17882000,922,2014-Q4
Both Sexes,All Races,55 to 64 years,2015,1,17838000,903,2015-Q1
Both Sexes,All Races,55 to 64 years,2015,2,17965000,925,2015-Q2
Both Sexes,All Races,55 to 64 years,2015,3,18105000,937,2015-Q3
Both Sexes,All Races,55 to 64 years,2015,4,18525000,943,2015-Q4
Both Sexes,All Races,55 to 64 years,2016,1,18376000,975,2016-Q1
Both Sexes,All Races,55 to 64 years,2016,2,18532000,935,2016-Q2
Both Sexes,All Races,55 to 64 years,2016,3,18532000,951,2016-Q3
Both Sexes,All Races,55 to 64 years,2016,4,18544000,954,2016-Q4
Both Sexes,All Races,55 to 64 years,2017,1,18828000,962,2017-Q1
Both Sexes,All Races,55 to 64 years,2017,2,19255000,966,2017-Q2
Both Sexes,All Races,55 to 64 years,2017,3,19351000,987,2017-Q3
Both Sexes,All Races,55 to 64 years,2017,4,19193000,979,2017-Q4
Both Sexes,All Races,55 to 64 years,2018,1,19156000,970,2018-Q1
Both Sexes,All Races,55 to 64 years,2018,2,19537000,993,2018-Q2
Both Sexes,All Races,55 to 64 years,2018,3,19810000,978,2018-Q3
Both Sexes,All Races,55 to 64 years,2018,4,19835000,1037,2018-Q4
Both Sexes,All Races,55 to 64 years,2019,1,19977000,1017,2019-Q1
Both Sexes,All Races,55 to 64 years,2019,2,19967000,1009,2019-Q2
Both Sexes,All Races,55 to 64 years,2019,3,19997000,999,2019-Q3
Both Sexes,All Races,55 to 64 years,2019,4,20320000,1053,2019-Q4
Both Sexes,All Races,55 to 64 years,2020,1,19886000,1082,2020-Q1
Both Sexes,All Races,55 to 64 years,2020,2,18169000,1090,2020-Q2
Both Sexes,All Races,55 to 64 years,2020,3,18819000,1108,2020-Q3
Both Sexes,All Races,55 to 64 years,2020,4,19194000,1109,2020-Q4
Men,All Races,55 to 64 years,2010,1,7808000,980,2010-Q1
Men,All Races,55 to 64 years,2010,2,7987000,953,2010-Q2
Men,All Races,55 to 64 years,2010,3,8152000,983,2010-Q3
Men,All Races,55 to 64 years,2010,4,8058000,1003,2010-Q4
Men,All Races,55 to 64 years,2011,1,8118000,975,2011-Q1
Men,All Races,55 to 64 years,2011,2,8318000,1001,2011-Q2
Men,All Races,55 to 64 years,2011,3,8513000,985,2011-Q3
Men,All Races,55 to 64 years,2011,4,8440000,1029,2011-Q4
Men,All Races,55 to 64 years,2012,1,8689000,992,2012-Q1
Men,All Races,55 to 64 years,2012,2,8671000,1015,2012-Q2
Men,All Races,55 to 64 years,2012,3,8815000,980,2012-Q3
Men,All Races,55 to 64 years,2012,4,9178000,1035,2012-Q4
Men,All Races,55 to 64 years,2013,1,8937000,983,2013-Q1
Men,All Races,55 to 64 years,2013,2,8993000,1023,2013-Q2
Men,All Races,55 to 64 years,2013,3,9208000,1001,2013-Q3
Men,All Races,55 to 64 years,2013,4,9260000,1048,2013-Q4
Men,All Races,55 to 64 years,2014,1,9342000,992,2014-Q1
Men,All Races,55 to 64 years,2014,2,9464000,1012,2014-Q2
Men,All Races,55 to 64 years,2014,3,9646000,1053,2014-Q3
Men,All Races,55 to 64 years,2014,4,9730000,1029,2014-Q4
Men,All Races,55 to 64 years,2015,1,9632000,1038,2015-Q1
Men,All Races,55 to 64 years,2015,2,9691000,1037,2015-Q2
Men,All Races,55 to 64 years,2015,3,9927000,1077,2015-Q3
Men,All Races,55 to 64 years,2015,4,10004000,1119,2015-Q4
Men,All Races,55 to 64 years,2016,1,9888000,1124,2016-Q1
Men,All Races,55 to 64 years,2016,2,9877000,1054,2016-Q2
Men,All Races,55 to 64 years,2016,3,10112000,1117,2016-Q3
Men,All Races,55 to 64 years,2016,4,10090000,1113,2016-Q4
Men,All Races,55 to 64 years,2017,1,10169000,1061,2017-Q1
Men,All Races,55 to 64 years,2017,2,10448000,1058,2017-Q2
Men,All Races,55 to 64 years,2017,3,10663000,1133,2017-Q3
Men,All Races,55 to 64 years,2017,4,10323000,1130,2017-Q4
Men,All Races,55 to 64 years,2018,1,10360000,1113,2018-Q1
Men,All Races,55 to 64 years,2018,2,10711000,1127,2018-Q2
Men,All Races,55 to 64 years,2018,3,10793000,1116,2018-Q3
Men,All Races,55 to 64 years,2018,4,10724000,1191,2018-Q4
Men,All Races,55 to 64 years,2019,1,10774000,1174,2019-Q1
Men,All Races,55 to 64 years,2019,2,10888000,1158,2019-Q2
Men,All Races,55 to 64 years,2019,3,10853000,1153,2019-Q3
Men,All Races,55 to 64 years,2019,4,10996000,1188,2019-Q4
Men,All Races,55 to 64 years,2020,1,10812000,1223,2020-Q1
Men,All Races,55 to 64 years,2020,2,9966000,1220,2020-Q2
Men,All Races,55 to 64 years,2020,3,10153000,1252,2020-Q3
Men,All Races,55 to 64 years,2020,4,10403000,1222,2020-Q4
Women,All Races,55 to 64 years,2010,1,6952000,733,2010-Q1
Women,All Races,55 to 64 years,2010,2,7155000,730,2010-Q2
Women,All Races,55 to 64 years,2010,3,7232000,739,2010-Q3
Women,All Races,55 to 64 years,2010,4,7220000,742,2010-Q4
Women,All Races,55 to 64 years,2011,1,7179000,752,2011-Q1
Women,All Races,55 to 64 years,2011,2,7246000,753,2011-Q2
Women,All Races,55 to 64 years,2011,3,7291000,748,2011-Q3
Women,All Races,55 to 64 years,2011,4,7460000,742,2011-Q4
Women,All Races,55 to 64 years,2012,1,7630000,779,2012-Q1
Women,All Races,55 to 64 years,2012,2,7669000,760,2012-Q2
Women,All Races,55 to 64 years,2012,3,7533000,766,2012-Q3
Women,All Races,55 to 64 years,2012,4,7889000,759,2012-Q4
Women,All Races,55 to 64 years,2013,1,8003000,771,2013-Q1
Women,All Races,55 to 64 years,2013,2,8013000,789,2013-Q2
Women,All Races,55 to 64 years,2013,3,7822000,769,2013-Q3
Women,All Races,55 to 64 years,2013,4,8028000,789,2013-Q4
Women,All Races,55 to 64 years,2014,1,7993000,776,2014-Q1
Women,All Races,55 to 64 years,2014,2,8122000,770,2014-Q2
Women,All Races,55 to 64 years,2014,3,7981000,787,2014-Q3
Women,All Races,55 to 64 years,2014,4,8153000,790,2014-Q4
Women,All Races,55 to 64 years,2015,1,8205000,777,2015-Q1
Women,All Races,55 to 64 years,2015,2,8274000,794,2015-Q2
Women,All Races,55 to 64 years,2015,3,8179000,789,2015-Q3
Women,All Races,55 to 64 years,2015,4,8521000,775,2015-Q4
Women,All Races,55 to 64 years,2016,1,8488000,839,2016-Q1
Women,All Races,55 to 64 years,2016,2,8655000,795,2016-Q2
Women,All Races,55 to 64 years,2016,3,8421000,806,2016-Q3
Women,All Races,55 to 64 years,2016,4,8454000,816,2016-Q4
Women,All Races,55 to 64 years,2017,1,8659000,836,2017-Q1
Women,All Races,55 to 64 years,2017,2,8806000,869,2017-Q2
Women,All Races,55 to 64 years,2017,3,8688000,873,2017-Q3
Women,All Races,55 to 64 years,2017,4,8870000,835,2017-Q4
Women,All Races,55 to 64 years,2018,1,8796000,827,2018-Q1
Women,All Races,55 to 64 years,2018,2,8826000,856,2018-Q2
Women,All Races,55 to 64 years,2018,3,9017000,838,2018-Q3
Women,All Races,55 to 64 years,2018,4,9111000,895,2018-Q4
Women,All Races,55 to 64 years,2019,1,9203000,886,2019-Q1
Women,All Races,55 to 64 years,2019,2,9079000,869,2019-Q2
Women,All Races,55 to 64 years,2019,3,9145000,855,2019-Q3
Women,All Races,55 to 64 years,2019,4,9323000,922,2019-Q4
Women,All Races,55 to 64 years,2020,1,9073000,921,2020-Q1
Women,All Races,55 to 64 years,2020,2,8203000,973,2020-Q2
Women,All Races,55 to 64 years,2020,3,8666000,959,2020-Q3
Women,All Races,55 to 64 years,2020,4,8791000,966,2020-Q4
Both Sexes,All Races,65 years and over,2010,1,2541000,662,2010-Q1
Both Sexes,All Races,65 years and over,2010,2,2758000,681,2010-Q2
Both Sexes,All Races,65 years and over,2010,3,2761000,704,2010-Q3
Both Sexes,All Races,65 years and over,2010,4,2778000,685,2010-Q4
Both Sexes,All Races,65 years and over,2011,1,2739000,754,2011-Q1
Both Sexes,All Races,65 years and over,2011,2,2791000,709,2011-Q2
Both Sexes,All Races,65 years and over,2011,3,2921000,758,2011-Q3
Both Sexes,All Races,65 years and over,2011,4,3071000,749,2011-Q4
Both Sexes,All Races,65 years and over,2012,1,3113000,768,2012-Q1
Both Sexes,All Races,65 years and over,2012,2,3065000,712,2012-Q2
Both Sexes,All Races,65 years and over,2012,3,3252000,761,2012-Q3
Both Sexes,All Races,65 years and over,2012,4,3314000,770,2012-Q4
Both Sexes,All Races,65 years and over,2013,1,3324000,745,2013-Q1
Both Sexes,All Races,65 years and over,2013,2,3429000,825,2013-Q2
Both Sexes,All Races,65 years and over,2013,3,3514000,804,2013-Q3
Both Sexes,All Races,65 years and over,2013,4,3591000,842,2013-Q4
Both Sexes,All Races,65 years and over,2014,1,3603000,809,2014-Q1
Both Sexes,All Races,65 years and over,2014,2,3740000,807,2014-Q2
Both Sexes,All Races,65 years and over,2014,3,3581000,823,2014-Q3
Both Sexes,All Races,65 years and over,2014,4,3738000,869,2014-Q4
Both Sexes,All Races,65 years and over,2015,1,3959000,838,2015-Q1
Both Sexes,All Races,65 years and over,2015,2,4080000,883,2015-Q2
Both Sexes,All Races,65 years and over,2015,3,4077000,889,2015-Q3
Both Sexes,All Races,65 years and over,2015,4,4196000,870,2015-Q4
Both Sexes,All Races,65 years and over,2016,1,4112000,836,2016-Q1
Both Sexes,All Races,65 years and over,2016,2,4026000,898,2016-Q2
Both Sexes,All Races,65 years and over,2016,3,4258000,834,2016-Q3
Both Sexes,All Races,65 years and over,2016,4,4114000,888,2016-Q4
Both Sexes,All Races,65 years and over,2017,1,4233000,900,2017-Q1
Both Sexes,All Races,65 years and over,2017,2,4211000,904,2017-Q2
Both Sexes,All Races,65 years and over,2017,3,4488000,941,2017-Q3
Both Sexes,All Races,65 years and over,2017,4,4375000,893,2017-Q4
Both Sexes,All Races,65 years and over,2018,1,4410000,911,2018-Q1
Both Sexes,All Races,65 years and over,2018,2,4692000,996,2018-Q2
Both Sexes,All Races,65 years and over,2018,3,4843000,924,2018-Q3
Both Sexes,All Races,65 years and over,2018,4,4704000,914,2018-Q4
Both Sexes,All Races,65 years and over,2019,1,4755000,877,2019-Q1
Both Sexes,All Races,65 years and over,2019,2,5022000,949,2019-Q2
Both Sexes,All Races,65 years and over,2019,3,5144000,966,2019-Q3
Both Sexes,All Races,65 years and over,2019,4,5096000,942,2019-Q4
Both Sexes,All Races,65 years and over,2020,1,5076000,938,2020-Q1
Both Sexes,All Races,65 years and over,2020,2,4457000,1018,2020-Q2
Both Sexes,All Races,65 years and over,2020,3,4970000,1006,2020-Q3
Both Sexes,All Races,65 years and over,2020,4,5055000,1041,2020-Q4
Men,All Races,65 years and over,2010,1,1370000,820,2010-Q1
Men,All Races,65 years and over,2010,2,1578000,796,2010-Q2
Men,All Races,65 years and over,2010,3,1529000,792,2010-Q3
Men,All Races,65 years and over,2010,4,1588000,768,2010-Q4
Men,All Races,65 years and over,2011,1,1432000,898,2011-Q1
Men,All Races,65 years and over,2011,2,1591000,725,2011-Q2
Men,All Races,65 years and over,2011,3,1719000,839,2011-Q3
Men,All Races,65 years and over,2011,4,1715000,894,2011-Q4
Men,All Races,65 years and over,2012,1,1784000,925,2012-Q1
Men,All Races,65 years and over,2012,2,1699000,780,2012-Q2
Men,All Races,65 years and over,2012,3,1830000,824,2012-Q3
Men,All Races,65 years and over,2012,4,1890000,909,2012-Q4
Men,All Races,65 years and over,2013,1,1924000,889,2013-Q1
Men,All Races,65 years and over,2013,2,1930000,987,2013-Q2
Men,All Races,65 years and over,2013,3,1960000,907,2013-Q3
Men,All Races,65 years and over,2013,4,2051000,965,2013-Q4
Men,All Races,65 years and over,2014,1,1966000,938,2014-Q1
Men,All Races,65 years and over,2014,2,2028000,913,2014-Q2
Men,All Races,65 years and over,2014,3,2017000,948,2014-Q3
Men,All Races,65 years and over,2014,4,2052000,974,2014-Q4
Men,All Races,65 years and over,2015,1,2152000,989,2015-Q1
Men,All Races,65 years and over,2015,2,2297000,1003,2015-Q2
Men,All Races,65 years and over,2015,3,2273000,1028,2015-Q3
Men,All Races,65 years and over,2015,4,2336000,991,2015-Q4
Men,All Races,65 years and over,2016,1,2250000,992,2016-Q1
Men,All Races,65 years and over,2016,2,2311000,1032,2016-Q2
Men,All Races,65 years and over,2016,3,2448000,966,2016-Q3
Men,All Races,65 years and over,2016,4,2303000,979,2016-Q4
Men,All Races,65 years and over,2017,1,2330000,979,2017-Q1
Men,All Races,65 years and over,2017,2,2397000,1005,2017-Q2
Men,All Races,65 years and over,2017,3,2588000,1087,2017-Q3
Men,All Races,65 years and over,2017,4,2464000,1022,2017-Q4
Men,All Races,65 years and over,2018,1,2464000,1027,2018-Q1
Men,All Races,65 years and over,2018,2,2616000,1074,2018-Q2
Men,All Races,65 years and over,2018,3,2750000,1056,2018-Q3
Men,All Races,65 years and over,2018,4,2634000,1037,2018-Q4
Men,All Races,65 years and over,2019,1,2627000,1033,2019-Q1
Men,All Races,65 years and over,2019,2,2927000,1039,2019-Q2
Men,All Races,65 years and over,2019,3,2993000,1079,2019-Q3
Men,All Races,65 years and over,2019,4,2837000,1099,2019-Q4
Men,All Races,65 years and over,2020,1,2859000,1093,2020-Q1
Men,All Races,65 years and over,2020,2,2593000,1034,2020-Q2
Men,All Races,65 years and over,2020,3,2764000,1163,2020-Q3
Men,All Races,65 years and over,2020,4,2942000,1120,2020-Q4
Women,All Races,65 years and over,2010,1,1171000,566,2010-Q1
Women,All Races,65 years and over,2010,2,1180000,599,2010-Q2
Women,All Races,65 years and over,2010,3,1232000,636,2010-Q3
Women,All Races,65 years and over,2010,4,1190000,598,2010-Q4
Women,All Races,65 years and over,2011,1,1307000,665,2011-Q1
Women,All Races,65 years and over,2011,2,1200000,692,2011-Q2
Women,All Races,65 years and over,2011,3,1201000,643,2011-Q3
Women,All Races,65 years and over,2011,4,1356000,659,2011-Q4
Women,All Races,65 years and over,2012,1,1329000,656,2012-Q1
Women,All Races,65 years and over,2012,2,1366000,661,2012-Q2
Women,All Races,65 years and over,2012,3,1423000,673,2012-Q3
Women,All Races,65 years and over,2012,4,1424000,668,2012-Q4
Women,All Races,65 years and over,2013,1,1400000,645,2013-Q1
Women,All Races,65 years and over,2013,2,1499000,682,2013-Q2
Women,All Races,65 years and over,2013,3,1554000,736,2013-Q3
Women,All Races,65 years and over,2013,4,1540000,698,2013-Q4
Women,All Races,65 years and over,2014,1,1638000,714,2014-Q1
Women,All Races,65 years and over,2014,2,1712000,758,2014-Q2
Women,All Races,65 years and over,2014,3,1564000,689,2014-Q3
Women,All Races,65 years and over,2014,4,1686000,753,2014-Q4
Women,All Races,65 years and over,2015,1,1807000,741,2015-Q1
Women,All Races,65 years and over,2015,2,1783000,743,2015-Q2
Women,All Races,65 years and over,2015,3,1804000,750,2015-Q3
Women,All Races,65 years and over,2015,4,1859000,710,2015-Q4
Women,All Races,65 years and over,2016,1,1862000,749,2016-Q1
Women,All Races,65 years and over,2016,2,1715000,736,2016-Q2
Women,All Races,65 years and over,2016,3,1811000,721,2016-Q3
Women,All Races,65 years and over,2016,4,1811000,791,2016-Q4
Women,All Races,65 years and over,2017,1,1903000,800,2017-Q1
Women,All Races,65 years and over,2017,2,1813000,800,2017-Q2
Women,All Races,65 years and over,2017,3,1901000,762,2017-Q3
Women,All Races,65 years and over,2017,4,1911000,760,2017-Q4
Women,All Races,65 years and over,2018,1,1947000,773,2018-Q1
Women,All Races,65 years and over,2018,2,2076000,925,2018-Q2
Women,All Races,65 years and over,2018,3,2093000,760,2018-Q3
Women,All Races,65 years and over,2018,4,2069000,757,2018-Q4
Women,All Races,65 years and over,2019,1,2129000,757,2019-Q1
Women,All Races,65 years and over,2019,2,2095000,881,2019-Q2
Women,All Races,65 years and over,2019,3,2151000,846,2019-Q3
Women,All Races,65 years and over,2019,4,2259000,822,2019-Q4
Women,All Races,65 years and over,2020,1,2217000,777,2020-Q1
Women,All Races,65 years and over,2020,2,1863000,998,2020-Q2
Women,All Races,65 years and over,2020,3,2206000,880,2020-Q3
Women,All Races,65 years and over,2020,4,2113000,958,2020-Q4
Both Sexes,White,16 years and over,2010,1,78418000,772,2010-Q1
Both Sexes,White,16 years and over,2010,2,80890000,756,2010-Q2
Both Sexes,White,16 years and over,2010,3,82280000,759,2010-Q3
Both Sexes,White,16 years and over,2010,4,81038000,772,2010-Q4
Both Sexes,White,16 years and over,2011,1,79349000,774,2011-Q1
Both Sexes,White,16 years and over,2011,2,81516000,770,2011-Q2
Both Sexes,White,16 years and over,2011,3,82357000,772,2011-Q3
Both Sexes,White,16 years and over,2011,4,82124000,786,2011-Q4
Both Sexes,White,16 years and over,2012,1,80278000,793,2012-Q1
Both Sexes,White,16 years and over,2012,2,82045000,792,2012-Q2
Both Sexes,White,16 years and over,2012,3,82259000,780,2012-Q3
Both Sexes,White,16 years and over,2012,4,82536000,802,2012-Q4
Both Sexes,White,16 years and over,2013,1,81432000,802,2013-Q1
Both Sexes,White,16 years and over,2013,2,82612000,799,2013-Q2
Both Sexes,White,16 years and over,2013,3,83689000,794,2013-Q3
Both Sexes,White,16 years and over,2013,4,82953000,813,2013-Q4
Both Sexes,White,16 years and over,2014,1,82536000,819,2014-Q1
Both Sexes,White,16 years and over,2014,2,84544000,802,2014-Q2
Both Sexes,White,16 years and over,2014,3,85030000,816,2014-Q3
Both Sexes,White,16 years and over,2014,4,84596000,823,2014-Q4
Both Sexes,White,16 years and over,2015,1,84008000,835,2015-Q1
Both Sexes,White,16 years and over,2015,2,85383000,829,2015-Q2
Both Sexes,White,16 years and over,2015,3,86280000,829,2015-Q3
Both Sexes,White,16 years and over,2015,4,86103000,847,2015-Q4
Both Sexes,White,16 years and over,2016,1,85226000,857,2016-Q1
Both Sexes,White,16 years and over,2016,2,86638000,854,2016-Q2
Both Sexes,White,16 years and over,2016,3,87781000,854,2016-Q3
Both Sexes,White,16 years and over,2016,4,86250000,881,2016-Q4
Both Sexes,White,16 years and over,2017,1,86068000,894,2017-Q1
Both Sexes,White,16 years and over,2017,2,87877000,886,2017-Q2
Both Sexes,White,16 years and over,2017,3,88794000,887,2017-Q3
Both Sexes,White,16 years and over,2017,4,88183000,891,2017-Q4
Both Sexes,White,16 years and over,2018,1,87528000,911,2018-Q1
Both Sexes,White,16 years and over,2018,2,89250000,907,2018-Q2
Both Sexes,White,16 years and over,2018,3,90067000,915,2018-Q3
Both Sexes,White,16 years and over,2018,4,88968000,931,2018-Q4
Both Sexes,White,16 years and over,2019,1,89183000,935,2019-Q1
Both Sexes,White,16 years and over,2019,2,90285000,933,2019-Q2
Both Sexes,White,16 years and over,2019,3,90557000,943,2019-Q3
Both Sexes,White,16 years and over,2019,4,90753000,967,2019-Q4
Both Sexes,White,16 years and over,2020,1,89322000,980,2020-Q1
Both Sexes,White,16 years and over,2020,2,81005000,1017,2020-Q2
Both Sexes,White,16 years and over,2020,3,84482000,1008,2020-Q3
Both Sexes,White,16 years and over,2020,4,85757000,1007,2020-Q4
Men,White,16 years and over,2010,1,44040000,869,2010-Q1
Men,White,16 years and over,2010,2,45771000,838,2010-Q2
Men,White,16 years and over,2010,3,47013000,839,2010-Q3
Men,White,16 years and over,2010,4,45917000,857,2010-Q4
Men,White,16 years and over,2011,1,44712000,856,2011-Q1
Men,White,16 years and over,2011,2,46572000,850,2011-Q2
Men,White,16 years and over,2011,3,47275000,847,2011-Q3
Men,White,16 years and over,2011,4,46881000,871,2011-Q4
Men,White,16 years and over,2012,1,45755000,874,2012-Q1
Men,White,16 years and over,2012,2,46765000,891,2012-Q2
Men,White,16 years and over,2012,3,47292000,854,2012-Q3
Men,White,16 years and over,2012,4,46876000,895,2012-Q4
Men,White,16 years and over,2013,1,46163000,888,2013-Q1
Men,White,16 years and over,2013,2,47223000,885,2013-Q2
Men,White,16 years and over,2013,3,47897000,868,2013-Q3
Men,White,16 years and over,2013,4,46927000,896,2013-Q4
Men,White,16 years and over,2014,1,46637000,898,2014-Q1
Men,White,16 years and over,2014,2,48509000,884,2014-Q2
Men,White,16 years and over,2014,3,48730000,896,2014-Q3
Men,White,16 years and over,2014,4,48355000,907,2014-Q4
Men,White,16 years and over,2015,1,47591000,918,2015-Q1
Men,White,16 years and over,2015,2,48785000,914,2015-Q2
Men,White,16 years and over,2015,3,49662000,919,2015-Q3
Men,White,16 years and over,2015,4,48944000,931,2015-Q4
Men,White,16 years and over,2016,1,48482000,936,2016-Q1
Men,White,16 years and over,2016,2,49241000,941,2016-Q2
Men,White,16 years and over,2016,3,50231000,932,2016-Q3
Men,White,16 years and over,2016,4,49288000,959,2016-Q4
Men,White,16 years and over,2017,1,49025000,977,2017-Q1
Men,White,16 years and over,2017,2,50227000,961,2017-Q2
Men,White,16 years and over,2017,3,50776000,965,2017-Q3
Men,White,16 years and over,2017,4,49986000,982,2017-Q4
Men,White,16 years and over,2018,1,49844000,997,2018-Q1
Men,White,16 years and over,2018,2,50883000,985,2018-Q2
Men,White,16 years and over,2018,3,51339000,1004,2018-Q3
Men,White,16 years and over,2018,4,50212000,1024,2018-Q4
Men,White,16 years and over,2019,1,50645000,1033,2019-Q1
Men,White,16 years and over,2019,2,51321000,1026,2019-Q2
Men,White,16 years and over,2019,3,51479000,1025,2019-Q3
Men,White,16 years and over,2019,4,50996000,1058,2019-Q4
Men,White,16 years and over,2020,1,49905000,1096,2020-Q1
Men,White,16 years and over,2020,2,46066000,1115,2020-Q2
Men,White,16 years and over,2020,3,47959000,1122,2020-Q3
Men,White,16 years and over,2020,4,48273000,1108,2020-Q4
Women,White,16 years and over,2010,1,34378000,678,2010-Q1
Women,White,16 years and over,2010,2,35119000,682,2010-Q2
Women,White,16 years and over,2010,3,35267000,677,2010-Q3
Women,White,16 years and over,2010,4,35121000,695,2010-Q4
Women,White,16 years and over,2011,1,34636000,699,2011-Q1
Women,White,16 years and over,2011,2,34944000,705,2011-Q2
Women,White,16 years and over,2011,3,35082000,699,2011-Q3
Women,White,16 years and over,2011,4,35242000,709,2011-Q4
Women,White,16 years and over,2012,1,34523000,713,2012-Q1
Women,White,16 years and over,2012,2,35280000,701,2012-Q2
Women,White,16 years and over,2012,3,34967000,712,2012-Q3
Women,White,16 years and over,2012,4,35660000,712,2012-Q4
Women,White,16 years and over,2013,1,35269000,723,2013-Q1
Women,White,16 years and over,2013,2,35390000,718,2013-Q2
Women,White,16 years and over,2013,3,35791000,719,2013-Q3
Women,White,16 years and over,2013,4,36026000,728,2013-Q4
Women,White,16 years and over,2014,1,35899000,740,2014-Q1
Women,White,16 years and over,2014,2,36035000,725,2014-Q2
Women,White,16 years and over,2014,3,36299000,733,2014-Q3
Women,White,16 years and over,2014,4,36241000,738,2014-Q4
Women,White,16 years and over,2015,1,36416000,746,2015-Q1
Women,White,16 years and over,2015,2,36598000,742,2015-Q2
Women,White,16 years and over,2015,3,36617000,740,2015-Q3
Women,White,16 years and over,2015,4,37159000,745,2015-Q4
Women,White,16 years and over,2016,1,36744000,767,2016-Q1
Women,White,16 years and over,2016,2,37397000,759,2016-Q2
Women,White,16 years and over,2016,3,37550000,760,2016-Q3
Women,White,16 years and over,2016,4,36962000,778,2016-Q4
Women,White,16 years and over,2017,1,37043000,790,2017-Q1
Women,White,16 years and over,2017,2,37650000,808,2017-Q2
Women,White,16 years and over,2017,3,38018000,791,2017-Q3
Women,White,16 years and over,2017,4,38196000,791,2017-Q4
Women,White,16 years and over,2018,1,37684000,810,2018-Q1
Women,White,16 years and over,2018,2,38367000,815,2018-Q2
Women,White,16 years and over,2018,3,38728000,825,2018-Q3
Women,White,16 years and over,2018,4,38755000,816,2018-Q4
Women,White,16 years and over,2019,1,38537000,826,2019-Q1
Women,White,16 years and over,2019,2,38964000,835,2019-Q2
Women,White,16 years and over,2019,3,39078000,843,2019-Q3
Women,White,16 years and over,2019,4,39757000,859,2019-Q4
Women,White,16 years and over,2020,1,39417000,873,2020-Q1
Women,White,16 years and over,2020,2,34939000,929,2020-Q2
Women,White,16 years and over,2020,3,36523000,910,2020-Q3
Women,White,16 years and over,2020,4,37484000,912,2020-Q4
Both Sexes,White,16 to 24 years,2010,1,6316000,455,2010-Q1
Both Sexes,White,16 to 24 years,2010,2,7015000,436,2010-Q2
Both Sexes,White,16 to 24 years,2010,3,7978000,422,2010-Q3
Both Sexes,White,16 to 24 years,2010,4,6658000,454,2010-Q4
Both Sexes,White,16 to 24 years,2011,1,6475000,460,2011-Q1
Both Sexes,White,16 to 24 years,2011,2,7180000,439,2011-Q2
Both Sexes,White,16 to 24 years,2011,3,7761000,435,2011-Q3
Both Sexes,White,16 to 24 years,2011,4,7049000,456,2011-Q4
Both Sexes,White,16 to 24 years,2012,1,6592000,454,2012-Q1
Both Sexes,White,16 to 24 years,2012,2,7188000,451,2012-Q2
Both Sexes,White,16 to 24 years,2012,3,7609000,447,2012-Q3
Both Sexes,White,16 to 24 years,2012,4,7158000,470,2012-Q4
Both Sexes,White,16 to 24 years,2013,1,6662000,476,2013-Q1
Both Sexes,White,16 to 24 years,2013,2,7464000,471,2013-Q2
Both Sexes,White,16 to 24 years,2013,3,7989000,447,2013-Q3
Both Sexes,White,16 to 24 years,2013,4,7340000,482,2013-Q4
Both Sexes,White,16 to 24 years,2014,1,6908000,479,2014-Q1
Both Sexes,White,16 to 24 years,2014,2,7938000,478,2014-Q2
Both Sexes,White,16 to 24 years,2014,3,8060000,487,2014-Q3
Both Sexes,White,16 to 24 years,2014,4,7599000,499,2014-Q4
Both Sexes,White,16 to 24 years,2015,1,7128000,492,2015-Q1
Both Sexes,White,16 to 24 years,2015,2,7552000,488,2015-Q2
Both Sexes,White,16 to 24 years,2015,3,8179000,502,2015-Q3
Both Sexes,White,16 to 24 years,2015,4,7639000,508,2015-Q4
Both Sexes,White,16 to 24 years,2016,1,7166000,506,2016-Q1
Both Sexes,White,16 to 24 years,2016,2,7961000,500,2016-Q2
Both Sexes,White,16 to 24 years,2016,3,8643000,505,2016-Q3
Both Sexes,White,16 to 24 years,2016,4,7421000,524,2016-Q4
Both Sexes,White,16 to 24 years,2017,1,7218000,526,2017-Q1
Both Sexes,White,16 to 24 years,2017,2,8013000,518,2017-Q2
Both Sexes,White,16 to 24 years,2017,3,8494000,514,2017-Q3
Both Sexes,White,16 to 24 years,2017,4,7741000,566,2017-Q4
Both Sexes,White,16 to 24 years,2018,1,7358000,575,2018-Q1
Both Sexes,White,16 to 24 years,2018,2,8222000,527,2018-Q2
Both Sexes,White,16 to 24 years,2018,3,8777000,554,2018-Q3
Both Sexes,White,16 to 24 years,2018,4,7582000,593,2018-Q4
Both Sexes,White,16 to 24 years,2019,1,7860000,589,2019-Q1
Both Sexes,White,16 to 24 years,2019,2,8392000,586,2019-Q2
Both Sexes,White,16 to 24 years,2019,3,8940000,580,2019-Q3
Both Sexes,White,16 to 24 years,2019,4,7779000,604,2019-Q4
Both Sexes,White,16 to 24 years,2020,1,7561000,599,2020-Q1
Both Sexes,White,16 to 24 years,2020,2,6715000,616,2020-Q2
Both Sexes,White,16 to 24 years,2020,3,7529000,611,2020-Q3
Both Sexes,White,16 to 24 years,2020,4,7504000,619,2020-Q4
Men,White,16 to 24 years,2010,1,3517000,484,2010-Q1
Men,White,16 to 24 years,2010,2,3976000,449,2010-Q2
Men,White,16 to 24 years,2010,3,4640000,429,2010-Q3
Men,White,16 to 24 years,2010,4,3766000,461,2010-Q4
Men,White,16 to 24 years,2011,1,3612000,482,2011-Q1
Men,White,16 to 24 years,2011,2,4271000,450,2011-Q2
Men,White,16 to 24 years,2011,3,4607000,443,2011-Q3
Men,White,16 to 24 years,2011,4,4071000,475,2011-Q4
Men,White,16 to 24 years,2012,1,3834000,474,2012-Q1
Men,White,16 to 24 years,2012,2,4179000,471,2012-Q2
Men,White,16 to 24 years,2012,3,4505000,470,2012-Q3
Men,White,16 to 24 years,2012,4,4096000,485,2012-Q4
Men,White,16 to 24 years,2013,1,3871000,493,2013-Q1
Men,White,16 to 24 years,2013,2,4324000,492,2013-Q2
Men,White,16 to 24 years,2013,3,4689000,475,2013-Q3
Men,White,16 to 24 years,2013,4,4155000,500,2013-Q4
Men,White,16 to 24 years,2014,1,3984000,493,2014-Q1
Men,White,16 to 24 years,2014,2,4648000,495,2014-Q2
Men,White,16 to 24 years,2014,3,4697000,505,2014-Q3
Men,White,16 to 24 years,2014,4,4447000,519,2014-Q4
Men,White,16 to 24 years,2015,1,4031000,503,2015-Q1
Men,White,16 to 24 years,2015,2,4295000,507,2015-Q2
Men,White,16 to 24 years,2015,3,4793000,530,2015-Q3
Men,White,16 to 24 years,2015,4,4375000,550,2015-Q4
Men,White,16 to 24 years,2016,1,4189000,517,2016-Q1
Men,White,16 to 24 years,2016,2,4612000,510,2016-Q2
Men,White,16 to 24 years,2016,3,4986000,517,2016-Q3
Men,White,16 to 24 years,2016,4,4197000,541,2016-Q4
Men,White,16 to 24 years,2017,1,4184000,579,2017-Q1
Men,White,16 to 24 years,2017,2,4762000,523,2017-Q2
Men,White,16 to 24 years,2017,3,4876000,529,2017-Q3
Men,White,16 to 24 years,2017,4,4346000,593,2017-Q4
Men,White,16 to 24 years,2018,1,4319000,581,2018-Q1
Men,White,16 to 24 years,2018,2,4739000,556,2018-Q2
Men,White,16 to 24 years,2018,3,5010000,576,2018-Q3
Men,White,16 to 24 years,2018,4,4189000,624,2018-Q4
Men,White,16 to 24 years,2019,1,4400000,613,2019-Q1
Men,White,16 to 24 years,2019,2,4760000,617,2019-Q2
Men,White,16 to 24 years,2019,3,5060000,609,2019-Q3
Men,White,16 to 24 years,2019,4,4362000,623,2019-Q4
Men,White,16 to 24 years,2020,1,4176000,605,2020-Q1
Men,White,16 to 24 years,2020,2,3786000,639,2020-Q2
Men,White,16 to 24 years,2020,3,4381000,640,2020-Q3
Men,White,16 to 24 years,2020,4,4279000,645,2020-Q4
Women,White,16 to 24 years,2010,1,2799000,428,2010-Q1
Women,White,16 to 24 years,2010,2,3039000,421,2010-Q2
Women,White,16 to 24 years,2010,3,3338000,416,2010-Q3
Women,White,16 to 24 years,2010,4,2892000,445,2010-Q4
Women,White,16 to 24 years,2011,1,2862000,435,2011-Q1
Women,White,16 to 24 years,2011,2,2909000,419,2011-Q2
Women,White,16 to 24 years,2011,3,3154000,426,2011-Q3
Women,White,16 to 24 years,2011,4,2978000,426,2011-Q4
Women,White,16 to 24 years,2012,1,2758000,420,2012-Q1
Women,White,16 to 24 years,2012,2,3009000,421,2012-Q2
Women,White,16 to 24 years,2012,3,3104000,418,2012-Q3
Women,White,16 to 24 years,2012,4,3062000,433,2012-Q4
Women,White,16 to 24 years,2013,1,2792000,435,2013-Q1
Women,White,16 to 24 years,2013,2,3140000,426,2013-Q2
Women,White,16 to 24 years,2013,3,3300000,417,2013-Q3
Women,White,16 to 24 years,2013,4,3185000,459,2013-Q4
Women,White,16 to 24 years,2014,1,2923000,449,2014-Q1
Women,White,16 to 24 years,2014,2,3290000,455,2014-Q2
Women,White,16 to 24 years,2014,3,3364000,454,2014-Q3
Women,White,16 to 24 years,2014,4,3153000,465,2014-Q4
Women,White,16 to 24 years,2015,1,3097000,476,2015-Q1
Women,White,16 to 24 years,2015,2,3256000,457,2015-Q2
Women,White,16 to 24 years,2015,3,3385000,455,2015-Q3
Women,White,16 to 24 years,2015,4,3264000,457,2015-Q4
Women,White,16 to 24 years,2016,1,2977000,488,2016-Q1
Women,White,16 to 24 years,2016,2,3349000,483,2016-Q2
Women,White,16 to 24 years,2016,3,3657000,489,2016-Q3
Women,White,16 to 24 years,2016,4,3224000,509,2016-Q4
Women,White,16 to 24 years,2017,1,3034000,493,2017-Q1
Women,White,16 to 24 years,2017,2,3251000,511,2017-Q2
Women,White,16 to 24 years,2017,3,3618000,499,2017-Q3
Women,White,16 to 24 years,2017,4,3394000,515,2017-Q4
Women,White,16 to 24 years,2018,1,3039000,562,2018-Q1
Women,White,16 to 24 years,2018,2,3483000,513,2018-Q2
Women,White,16 to 24 years,2018,3,3768000,522,2018-Q3
Women,White,16 to 24 years,2018,4,3393000,553,2018-Q4
Women,White,16 to 24 years,2019,1,3460000,556,2019-Q1
Women,White,16 to 24 years,2019,2,3632000,536,2019-Q2
Women,White,16 to 24 years,2019,3,3880000,541,2019-Q3
Women,White,16 to 24 years,2019,4,3417000,578,2019-Q4
Women,White,16 to 24 years,2020,1,3385000,591,2020-Q1
Women,White,16 to 24 years,2020,2,2928000,593,2020-Q2
Women,White,16 to 24 years,2020,3,3147000,580,2020-Q3
Women,White,16 to 24 years,2020,4,3225000,599,2020-Q4
Both Sexes,White,25 years and over,2010,1,72102000,813,2010-Q1
Both Sexes,White,25 years and over,2010,2,73874000,798,2010-Q2
Both Sexes,White,25 years and over,2010,3,74302000,806,2010-Q3
Both Sexes,White,25 years and over,2010,4,74380000,814,2010-Q4
Both Sexes,White,25 years and over,2011,1,72874000,818,2011-Q1
Both Sexes,White,25 years and over,2011,2,74336000,822,2011-Q2
Both Sexes,White,25 years and over,2011,3,74596000,824,2011-Q3
Both Sexes,White,25 years and over,2011,4,75075000,833,2011-Q4
Both Sexes,White,25 years and over,2012,1,73686000,840,2012-Q1
Both Sexes,White,25 years and over,2012,2,74857000,846,2012-Q2
Both Sexes,White,25 years and over,2012,3,74650000,831,2012-Q3
Both Sexes,White,25 years and over,2012,4,75379000,851,2012-Q4
Both Sexes,White,25 years and over,2013,1,74770000,853,2013-Q1
Both Sexes,White,25 years and over,2013,2,75148000,851,2013-Q2
Both Sexes,White,25 years and over,2013,3,75700000,845,2013-Q3
Both Sexes,White,25 years and over,2013,4,75613000,864,2013-Q4
Both Sexes,White,25 years and over,2014,1,75628000,861,2014-Q1
Both Sexes,White,25 years and over,2014,2,76606000,855,2014-Q2
Both Sexes,White,25 years and over,2014,3,76969000,865,2014-Q3
Both Sexes,White,25 years and over,2014,4,76997000,876,2014-Q4
Both Sexes,White,25 years and over,2015,1,76879000,883,2015-Q1
Both Sexes,White,25 years and over,2015,2,77831000,878,2015-Q2
Both Sexes,White,25 years and over,2015,3,78101000,887,2015-Q3
Both Sexes,White,25 years and over,2015,4,78464000,892,2015-Q4
Both Sexes,White,25 years and over,2016,1,78060000,905,2016-Q1
Both Sexes,White,25 years and over,2016,2,78677000,907,2016-Q2
Both Sexes,White,25 years and over,2016,3,79138000,909,2016-Q3
Both Sexes,White,25 years and over,2016,4,78829000,926,2016-Q4
Both Sexes,White,25 years and over,2017,1,78851000,937,2017-Q1
Both Sexes,White,25 years and over,2017,2,79864000,938,2017-Q2
Both Sexes,White,25 years and over,2017,3,80300000,937,2017-Q3
Both Sexes,White,25 years and over,2017,4,80442000,935,2017-Q4
Both Sexes,White,25 years and over,2018,1,80170000,954,2018-Q1
Both Sexes,White,25 years and over,2018,2,81028000,961,2018-Q2
Both Sexes,White,25 years and over,2018,3,81289000,968,2018-Q3
Both Sexes,White,25 years and over,2018,4,81386000,979,2018-Q4
Both Sexes,White,25 years and over,2019,1,81323000,986,2019-Q1
Both Sexes,White,25 years and over,2019,2,81893000,987,2019-Q2
Both Sexes,White,25 years and over,2019,3,81617000,998,2019-Q3
Both Sexes,White,25 years and over,2019,4,82974000,1011,2019-Q4
Both Sexes,White,25 years and over,2020,1,81761000,1023,2020-Q1
Both Sexes,White,25 years and over,2020,2,74290000,1069,2020-Q2
Both Sexes,White,25 years and over,2020,3,76953000,1070,2020-Q3
Both Sexes,White,25 years and over,2020,4,78253000,1058,2020-Q4
Men,White,25 years and over,2010,1,40523000,913,2010-Q1
Men,White,25 years and over,2010,2,41795000,888,2010-Q2
Men,White,25 years and over,2010,3,42373000,895,2010-Q3
Men,White,25 years and over,2010,4,42151000,901,2010-Q4
Men,White,25 years and over,2011,1,41100000,902,2011-Q1
Men,White,25 years and over,2011,2,42302000,909,2011-Q2
Men,White,25 years and over,2011,3,42668000,907,2011-Q3
Men,White,25 years and over,2011,4,42811000,919,2011-Q4
Men,White,25 years and over,2012,1,41920000,928,2012-Q1
Men,White,25 years and over,2012,2,42586000,943,2012-Q2
Men,White,25 years and over,2012,3,42787000,911,2012-Q3
Men,White,25 years and over,2012,4,42780000,947,2012-Q4
Men,White,25 years and over,2013,1,42293000,936,2013-Q1
Men,White,25 years and over,2013,2,42899000,936,2013-Q2
Men,White,25 years and over,2013,3,43208000,925,2013-Q3
Men,White,25 years and over,2013,4,42772000,945,2013-Q4
Men,White,25 years and over,2014,1,42652000,948,2014-Q1
Men,White,25 years and over,2014,2,43862000,942,2014-Q2
Men,White,25 years and over,2014,3,44033000,951,2014-Q3
Men,White,25 years and over,2014,4,43908000,960,2014-Q4
Men,White,25 years and over,2015,1,43560000,969,2015-Q1
Men,White,25 years and over,2015,2,44490000,969,2015-Q2
Men,White,25 years and over,2015,3,44869000,972,2015-Q3
Men,White,25 years and over,2015,4,44569000,986,2015-Q4
Men,White,25 years and over,2016,1,44293000,988,2016-Q1
Men,White,25 years and over,2016,2,44629000,997,2016-Q2
Men,White,25 years and over,2016,3,45245000,992,2016-Q3
Men,White,25 years and over,2016,4,45091000,1006,2016-Q4
Men,White,25 years and over,2017,1,44841000,1025,2017-Q1
Men,White,25 years and over,2017,2,45465000,1020,2017-Q2
Men,White,25 years and over,2017,3,45899000,1019,2017-Q3
Men,White,25 years and over,2017,4,45640000,1028,2017-Q4
Men,White,25 years and over,2018,1,45525000,1055,2018-Q1
Men,White,25 years and over,2018,2,46144000,1044,2018-Q2
Men,White,25 years and over,2018,3,46329000,1070,2018-Q3
Men,White,25 years and over,2018,4,46023000,1086,2018-Q4
Men,White,25 years and over,2019,1,46245000,1102,2019-Q1
Men,White,25 years and over,2019,2,46561000,1096,2019-Q2
Men,White,25 years and over,2019,3,46419000,1104,2019-Q3
Men,White,25 years and over,2019,4,46634000,1127,2019-Q4
Men,White,25 years and over,2020,1,45729000,1154,2020-Q1
Men,White,25 years and over,2020,2,42280000,1173,2020-Q2
Men,White,25 years and over,2020,3,43577000,1174,2020-Q3
Men,White,25 years and over,2020,4,43994000,1163,2020-Q4
Women,White,25 years and over,2010,1,31579000,716,2010-Q1
Women,White,25 years and over,2010,2,32079000,715,2010-Q2
Women,White,25 years and over,2010,3,31929000,720,2010-Q3
Women,White,25 years and over,2010,4,32229000,725,2010-Q4
Women,White,25 years and over,2011,1,31774000,732,2011-Q1
Women,White,25 years and over,2011,2,32034000,735,2011-Q2
Women,White,25 years and over,2011,3,31928000,737,2011-Q3
Women,White,25 years and over,2011,4,32264000,740,2011-Q4
Women,White,25 years and over,2012,1,31765000,746,2012-Q1
Women,White,25 years and over,2012,2,32271000,736,2012-Q2
Women,White,25 years and over,2012,3,31863000,746,2012-Q3
Women,White,25 years and over,2012,4,32598000,744,2012-Q4
Women,White,25 years and over,2013,1,32477000,751,2013-Q1
Women,White,25 years and over,2013,2,32249000,753,2013-Q2
Women,White,25 years and over,2013,3,32492000,755,2013-Q3
Women,White,25 years and over,2013,4,32841000,761,2013-Q4
Women,White,25 years and over,2014,1,32976000,771,2014-Q1
Women,White,25 years and over,2014,2,32745000,758,2014-Q2
Women,White,25 years and over,2014,3,32936000,767,2014-Q3
Women,White,25 years and over,2014,4,33089000,773,2014-Q4
Women,White,25 years and over,2015,1,33319000,776,2015-Q1
Women,White,25 years and over,2015,2,33341000,774,2015-Q2
Women,White,25 years and over,2015,3,33232000,781,2015-Q3
Women,White,25 years and over,2015,4,33895000,782,2015-Q4
Women,White,25 years and over,2016,1,33768000,801,2016-Q1
Women,White,25 years and over,2016,2,34049000,797,2016-Q2
Women,White,25 years and over,2016,3,33893000,805,2016-Q3
Women,White,25 years and over,2016,4,33738000,822,2016-Q4
Women,White,25 years and over,2017,1,34010000,827,2017-Q1
Women,White,25 years and over,2017,2,34399000,845,2017-Q2
Women,White,25 years and over,2017,3,34400000,839,2017-Q3
Women,White,25 years and over,2017,4,34802000,828,2017-Q4
Women,White,25 years and over,2018,1,34645000,845,2018-Q1
Women,White,25 years and over,2018,2,34884000,857,2018-Q2
Women,White,25 years and over,2018,3,34960000,867,2018-Q3
Women,White,25 years and over,2018,4,35363000,859,2018-Q4
Women,White,25 years and over,2019,1,35078000,864,2019-Q1
Women,White,25 years and over,2019,2,35332000,874,2019-Q2
Women,White,25 years and over,2019,3,35198000,895,2019-Q3
Women,White,25 years and over,2019,4,36340000,898,2019-Q4
Women,White,25 years and over,2020,1,36032000,910,2020-Q1
Women,White,25 years and over,2020,2,32010000,971,2020-Q2
Women,White,25 years and over,2020,3,33375000,952,2020-Q3
Women,White,25 years and over,2020,4,34259000,951,2020-Q4
Both Sexes,White,25 to 54 years,2010,1,57530000,803,2010-Q1
Both Sexes,White,25 to 54 years,2010,2,58780000,785,2010-Q2
Both Sexes,White,25 to 54 years,2010,3,59040000,789,2010-Q3
Both Sexes,White,25 to 54 years,2010,4,59202000,803,2010-Q4
Both Sexes,White,25 to 54 years,2011,1,57784000,801,2011-Q1
Both Sexes,White,25 to 54 years,2011,2,58984000,806,2011-Q2
Both Sexes,White,25 to 54 years,2011,3,58821000,811,2011-Q3
Both Sexes,White,25 to 54 years,2011,4,59174000,819,2011-Q4
Both Sexes,White,25 to 54 years,2012,1,57553000,826,2012-Q1
Both Sexes,White,25 to 54 years,2012,2,58671000,833,2012-Q2
Both Sexes,White,25 to 54 years,2012,3,58273000,816,2012-Q3
Both Sexes,White,25 to 54 years,2012,4,58470000,830,2012-Q4
Both Sexes,White,25 to 54 years,2013,1,58006000,839,2013-Q1
Both Sexes,White,25 to 54 years,2013,2,58203000,831,2013-Q2
Both Sexes,White,25 to 54 years,2013,3,58643000,829,2013-Q3
Both Sexes,White,25 to 54 years,2013,4,58378000,840,2013-Q4
Both Sexes,White,25 to 54 years,2014,1,58213000,851,2014-Q1
Both Sexes,White,25 to 54 years,2014,2,58842000,841,2014-Q2
Both Sexes,White,25 to 54 years,2014,3,59576000,847,2014-Q3
Both Sexes,White,25 to 54 years,2014,4,59201000,855,2014-Q4
Both Sexes,White,25 to 54 years,2015,1,59009000,872,2015-Q1
Both Sexes,White,25 to 54 years,2015,2,59685000,858,2015-Q2
Both Sexes,White,25 to 54 years,2015,3,59912000,864,2015-Q3
Both Sexes,White,25 to 54 years,2015,4,59956000,876,2015-Q4
Both Sexes,White,25 to 54 years,2016,1,59597000,885,2016-Q1
Both Sexes,White,25 to 54 years,2016,2,60196000,893,2016-Q2
Both Sexes,White,25 to 54 years,2016,3,60598000,894,2016-Q3
Both Sexes,White,25 to 54 years,2016,4,60428000,911,2016-Q4
Both Sexes,White,25 to 54 years,2017,1,59927000,924,2017-Q1
Both Sexes,White,25 to 54 years,2017,2,60610000,922,2017-Q2
Both Sexes,White,25 to 54 years,2017,3,60891000,913,2017-Q3
Both Sexes,White,25 to 54 years,2017,4,61211000,916,2017-Q4
Both Sexes,White,25 to 54 years,2018,1,60999000,944,2018-Q1
Both Sexes,White,25 to 54 years,2018,2,61396000,934,2018-Q2
Both Sexes,White,25 to 54 years,2018,3,61382000,952,2018-Q3
Both Sexes,White,25 to 54 years,2018,4,61482000,956,2018-Q4
Both Sexes,White,25 to 54 years,2019,1,61438000,971,2019-Q1
Both Sexes,White,25 to 54 years,2019,2,61709000,972,2019-Q2
Both Sexes,White,25 to 54 years,2019,3,61309000,988,2019-Q3
Both Sexes,White,25 to 54 years,2019,4,62404000,996,2019-Q4
Both Sexes,White,25 to 54 years,2020,1,61662000,1006,2020-Q1
Both Sexes,White,25 to 54 years,2020,2,55936000,1058,2020-Q2
Both Sexes,White,25 to 54 years,2020,3,57649000,1056,2020-Q3
Both Sexes,White,25 to 54 years,2020,4,58676000,1036,2020-Q4
Men,White,25 to 54 years,2010,1,32639000,893,2010-Q1
Men,White,25 to 54 years,2010,2,33590000,869,2010-Q2
Men,White,25 to 54 years,2010,3,34060000,871,2010-Q3
Men,White,25 to 54 years,2010,4,33886000,879,2010-Q4
Men,White,25 to 54 years,2011,1,33002000,876,2011-Q1
Men,White,25 to 54 years,2011,2,33833000,887,2011-Q2
Men,White,25 to 54 years,2011,3,33922000,888,2011-Q3
Men,White,25 to 54 years,2011,4,34141000,893,2011-Q4
Men,White,25 to 54 years,2012,1,33050000,903,2012-Q1
Men,White,25 to 54 years,2012,2,33829000,925,2012-Q2
Men,White,25 to 54 years,2012,3,33753000,892,2012-Q3
Men,White,25 to 54 years,2012,4,33405000,916,2012-Q4
Men,White,25 to 54 years,2013,1,33115000,919,2013-Q1
Men,White,25 to 54 years,2013,2,33670000,907,2013-Q2
Men,White,25 to 54 years,2013,3,33724000,905,2013-Q3
Men,White,25 to 54 years,2013,4,33210000,909,2013-Q4
Men,White,25 to 54 years,2014,1,33072000,929,2014-Q1
Men,White,25 to 54 years,2014,2,34067000,919,2014-Q2
Men,White,25 to 54 years,2014,3,34250000,918,2014-Q3
Men,White,25 to 54 years,2014,4,33966000,925,2014-Q4
Men,White,25 to 54 years,2015,1,33720000,945,2015-Q1
Men,White,25 to 54 years,2015,2,34332000,943,2015-Q2
Men,White,25 to 54 years,2015,3,34585000,941,2015-Q3
Men,White,25 to 54 years,2015,4,34286000,950,2015-Q4
Men,White,25 to 54 years,2016,1,34154000,955,2016-Q1
Men,White,25 to 54 years,2016,2,34539000,971,2016-Q2
Men,White,25 to 54 years,2016,3,34810000,964,2016-Q3
Men,White,25 to 54 years,2016,4,34791000,974,2016-Q4
Men,White,25 to 54 years,2017,1,34374000,1009,2017-Q1
Men,White,25 to 54 years,2017,2,34705000,1005,2017-Q2
Men,White,25 to 54 years,2017,3,34871000,990,2017-Q3
Men,White,25 to 54 years,2017,4,34929000,1000,2017-Q4
Men,White,25 to 54 years,2018,1,34889000,1030,2018-Q1
Men,White,25 to 54 years,2018,2,35089000,1008,2018-Q2
Men,White,25 to 54 years,2018,3,35215000,1037,2018-Q3
Men,White,25 to 54 years,2018,4,34887000,1043,2018-Q4
Men,White,25 to 54 years,2019,1,35125000,1068,2019-Q1
Men,White,25 to 54 years,2019,2,35157000,1063,2019-Q2
Men,White,25 to 54 years,2019,3,34962000,1070,2019-Q3
Men,White,25 to 54 years,2019,4,35016000,1097,2019-Q4
Men,White,25 to 54 years,2020,1,34507000,1128,2020-Q1
Men,White,25 to 54 years,2020,2,31918000,1153,2020-Q2
Men,White,25 to 54 years,2020,3,32766000,1154,2020-Q3
Men,White,25 to 54 years,2020,4,32927000,1147,2020-Q4
Women,White,25 to 54 years,2010,1,24891000,717,2010-Q1
Women,White,25 to 54 years,2010,2,25191000,711,2010-Q2
Women,White,25 to 54 years,2010,3,24981000,710,2010-Q3
Women,White,25 to 54 years,2010,4,25317000,720,2010-Q4
Women,White,25 to 54 years,2011,1,24783000,725,2011-Q1
Women,White,25 to 54 years,2011,2,25151000,728,2011-Q2
Women,White,25 to 54 years,2011,3,24899000,730,2011-Q3
Women,White,25 to 54 years,2011,4,25033000,737,2011-Q4
Women,White,25 to 54 years,2012,1,24503000,736,2012-Q1
Women,White,25 to 54 years,2012,2,24843000,731,2012-Q2
Women,White,25 to 54 years,2012,3,24520000,737,2012-Q3
Women,White,25 to 54 years,2012,4,25065000,736,2012-Q4
Women,White,25 to 54 years,2013,1,24890000,744,2013-Q1
Women,White,25 to 54 years,2013,2,24533000,743,2013-Q2
Women,White,25 to 54 years,2013,3,24920000,746,2013-Q3
Women,White,25 to 54 years,2013,4,25168000,754,2013-Q4
Women,White,25 to 54 years,2014,1,25141000,771,2014-Q1
Women,White,25 to 54 years,2014,2,24775000,752,2014-Q2
Women,White,25 to 54 years,2014,3,25326000,760,2014-Q3
Women,White,25 to 54 years,2014,4,25235000,768,2014-Q4
Women,White,25 to 54 years,2015,1,25289000,773,2015-Q1
Women,White,25 to 54 years,2015,2,25352000,768,2015-Q2
Women,White,25 to 54 years,2015,3,25327000,772,2015-Q3
Women,White,25 to 54 years,2015,4,25670000,780,2015-Q4
Women,White,25 to 54 years,2016,1,25443000,791,2016-Q1
Women,White,25 to 54 years,2016,2,25657000,799,2016-Q2
Women,White,25 to 54 years,2016,3,25788000,799,2016-Q3
Women,White,25 to 54 years,2016,4,25637000,823,2016-Q4
Women,White,25 to 54 years,2017,1,25553000,820,2017-Q1
Women,White,25 to 54 years,2017,2,25906000,835,2017-Q2
Women,White,25 to 54 years,2017,3,26020000,821,2017-Q3
Women,White,25 to 54 years,2017,4,26282000,824,2017-Q4
Women,White,25 to 54 years,2018,1,26111000,848,2018-Q1
Women,White,25 to 54 years,2018,2,26307000,839,2018-Q2
Women,White,25 to 54 years,2018,3,26168000,869,2018-Q3
Women,White,25 to 54 years,2018,4,26595000,850,2018-Q4
Women,White,25 to 54 years,2019,1,26313000,857,2019-Q1
Women,White,25 to 54 years,2019,2,26552000,868,2019-Q2
Women,White,25 to 54 years,2019,3,26347000,901,2019-Q3
Women,White,25 to 54 years,2019,4,27388000,896,2019-Q4
Women,White,25 to 54 years,2020,1,27155000,906,2020-Q1
Women,White,25 to 54 years,2020,2,24018000,967,2020-Q2
Women,White,25 to 54 years,2020,3,24883000,951,2020-Q3
Women,White,25 to 54 years,2020,4,25749000,939,2020-Q4
Both Sexes,White,55 years and over,2010,1,14573000,866,2010-Q1
Both Sexes,White,55 years and over,2010,2,15094000,848,2010-Q2
Both Sexes,White,55 years and over,2010,3,15262000,878,2010-Q3
Both Sexes,White,55 years and over,2010,4,15178000,869,2010-Q4
Both Sexes,White,55 years and over,2011,1,15090000,898,2011-Q1
Both Sexes,White,55 years and over,2011,2,15352000,888,2011-Q2
Both Sexes,White,55 years and over,2011,3,15775000,876,2011-Q3
Both Sexes,White,55 years and over,2011,4,15901000,896,2011-Q4
Both Sexes,White,55 years and over,2012,1,16132000,913,2012-Q1
Both Sexes,White,55 years and over,2012,2,16186000,893,2012-Q2
Both Sexes,White,55 years and over,2012,3,16376000,890,2012-Q3
Both Sexes,White,55 years and over,2012,4,16909000,930,2012-Q4
Both Sexes,White,55 years and over,2013,1,16764000,904,2013-Q1
Both Sexes,White,55 years and over,2013,2,16945000,924,2013-Q2
Both Sexes,White,55 years and over,2013,3,17056000,903,2013-Q3
Both Sexes,White,55 years and over,2013,4,17235000,949,2013-Q4
Both Sexes,White,55 years and over,2014,1,17415000,911,2014-Q1
Both Sexes,White,55 years and over,2014,2,17765000,907,2014-Q2
Both Sexes,White,55 years and over,2014,3,17394000,938,2014-Q3
Both Sexes,White,55 years and over,2014,4,17796000,943,2014-Q4
Both Sexes,White,55 years and over,2015,1,17870000,924,2015-Q1
Both Sexes,White,55 years and over,2015,2,18146000,953,2015-Q2
Both Sexes,White,55 years and over,2015,3,18189000,965,2015-Q3
Both Sexes,White,55 years and over,2015,4,18507000,962,2015-Q4
Both Sexes,White,55 years and over,2016,1,18463000,982,2016-Q1
Both Sexes,White,55 years and over,2016,2,18481000,959,2016-Q2
Both Sexes,White,55 years and over,2016,3,18540000,970,2016-Q3
Both Sexes,White,55 years and over,2016,4,18402000,985,2016-Q4
Both Sexes,White,55 years and over,2017,1,18923000,984,2017-Q1
Both Sexes,White,55 years and over,2017,2,19253000,984,2017-Q2
Both Sexes,White,55 years and over,2017,3,19409000,1012,2017-Q3
Both Sexes,White,55 years and over,2017,4,19231000,999,2017-Q4
Both Sexes,White,55 years and over,2018,1,19171000,991,2018-Q1
Both Sexes,White,55 years and over,2018,2,19632000,1042,2018-Q2
Both Sexes,White,55 years and over,2018,3,19907000,1019,2018-Q3
Both Sexes,White,55 years and over,2018,4,19904000,1054,2018-Q4
Both Sexes,White,55 years and over,2019,1,19885000,1031,2019-Q1
Both Sexes,White,55 years and over,2019,2,20184000,1026,2019-Q2
Both Sexes,White,55 years and over,2019,3,20309000,1030,2019-Q3
Both Sexes,White,55 years and over,2019,4,20570000,1075,2019-Q4
Both Sexes,White,55 years and over,2020,1,20099000,1099,2020-Q1
Both Sexes,White,55 years and over,2020,2,18355000,1116,2020-Q2
Both Sexes,White,55 years and over,2020,3,19304000,1127,2020-Q3
Both Sexes,White,55 years and over,2020,4,19577000,1126,2020-Q4
Men,White,55 years and over,2010,1,7884000,990,2010-Q1
Men,White,55 years and over,2010,2,8206000,968,2010-Q2
Men,White,55 years and over,2010,3,8313000,997,2010-Q3
Men,White,55 years and over,2010,4,8266000,1007,2010-Q4
Men,White,55 years and over,2011,1,8098000,1009,2011-Q1
Men,White,55 years and over,2011,2,8469000,996,2011-Q2
Men,White,55 years and over,2011,3,8745000,985,2011-Q3
Men,White,55 years and over,2011,4,8670000,1040,2011-Q4
Men,White,55 years and over,2012,1,8870000,1012,2012-Q1
Men,White,55 years and over,2012,2,8757000,1020,2012-Q2
Men,White,55 years and over,2012,3,9034000,990,2012-Q3
Men,White,55 years and over,2012,4,9376000,1073,2012-Q4
Men,White,55 years and over,2013,1,9177000,1000,2013-Q1
Men,White,55 years and over,2013,2,9229000,1061,2013-Q2
Men,White,55 years and over,2013,3,9484000,1012,2013-Q3
Men,White,55 years and over,2013,4,9562000,1094,2013-Q4
Men,White,55 years and over,2014,1,9580000,1006,2014-Q1
Men,White,55 years and over,2014,2,9795000,1017,2014-Q2
Men,White,55 years and over,2014,3,9784000,1071,2014-Q3
Men,White,55 years and over,2014,4,9943000,1058,2014-Q4
Men,White,55 years and over,2015,1,9840000,1060,2015-Q1
Men,White,55 years and over,2015,2,10157000,1080,2015-Q2
Men,White,55 years and over,2015,3,10284000,1106,2015-Q3
Men,White,55 years and over,2015,4,10283000,1144,2015-Q4
Men,White,55 years and over,2016,1,10138000,1135,2016-Q1
Men,White,55 years and over,2016,2,10090000,1114,2016-Q2
Men,White,55 years and over,2016,3,10434000,1134,2016-Q3
Men,White,55 years and over,2016,4,10301000,1153,2016-Q4
Men,White,55 years and over,2017,1,10467000,1098,2017-Q1
Men,White,55 years and over,2017,2,10760000,1104,2017-Q2
Men,White,55 years and over,2017,3,11028000,1161,2017-Q3
Men,White,55 years and over,2017,4,10711000,1150,2017-Q4
Men,White,55 years and over,2018,1,10636000,1146,2018-Q1
Men,White,55 years and over,2018,2,11055000,1165,2018-Q2
Men,White,55 years and over,2018,3,11114000,1166,2018-Q3
Men,White,55 years and over,2018,4,11136000,1218,2018-Q4
Men,White,55 years and over,2019,1,11120000,1204,2019-Q1
Men,White,55 years and over,2019,2,11404000,1193,2019-Q2
Men,White,55 years and over,2019,3,11457000,1183,2019-Q3
Men,White,55 years and over,2019,4,11618000,1220,2019-Q4
Men,White,55 years and over,2020,1,11223000,1265,2020-Q1
Men,White,55 years and over,2020,2,10362000,1242,2020-Q2
Men,White,55 years and over,2020,3,10811000,1271,2020-Q3
Men,White,55 years and over,2020,4,11067000,1223,2020-Q4
Women,White,55 years and over,2010,1,6689000,712,2010-Q1
Women,White,55 years and over,2010,2,6888000,729,2010-Q2
Women,White,55 years and over,2010,3,6949000,747,2010-Q3
Women,White,55 years and over,2010,4,6912000,739,2010-Q4
Women,White,55 years and over,2011,1,6991000,753,2011-Q1
Women,White,55 years and over,2011,2,6883000,762,2011-Q2
Women,White,55 years and over,2011,3,7030000,761,2011-Q3
Women,White,55 years and over,2011,4,7231000,749,2011-Q4
Women,White,55 years and over,2012,1,7262000,782,2012-Q1
Women,White,55 years and over,2012,2,7428000,758,2012-Q2
Women,White,55 years and over,2012,3,7343000,774,2012-Q3
Women,White,55 years and over,2012,4,7533000,768,2012-Q4
Women,White,55 years and over,2013,1,7587000,776,2013-Q1
Women,White,55 years and over,2013,2,7717000,783,2013-Q2
Women,White,55 years and over,2013,3,7572000,785,2013-Q3
Women,White,55 years and over,2013,4,7673000,788,2013-Q4
Women,White,55 years and over,2014,1,7835000,772,2014-Q1
Women,White,55 years and over,2014,2,7970000,772,2014-Q2
Women,White,55 years and over,2014,3,7610000,793,2014-Q3
Women,White,55 years and over,2014,4,7853000,792,2014-Q4
Women,White,55 years and over,2015,1,8030000,788,2015-Q1
Women,White,55 years and over,2015,2,7989000,811,2015-Q2
Women,White,55 years and over,2015,3,7905000,810,2015-Q3
Women,White,55 years and over,2015,4,8225000,789,2015-Q4
Women,White,55 years and over,2016,1,8325000,835,2016-Q1
Women,White,55 years and over,2016,2,8392000,791,2016-Q2
Women,White,55 years and over,2016,3,8105000,820,2016-Q3
Women,White,55 years and over,2016,4,8101000,821,2016-Q4
Women,White,55 years and over,2017,1,8456000,855,2017-Q1
Women,White,55 years and over,2017,2,8493000,875,2017-Q2
Women,White,55 years and over,2017,3,8381000,889,2017-Q3
Women,White,55 years and over,2017,4,8520000,840,2017-Q4
Women,White,55 years and over,2018,1,8534000,838,2018-Q1
Women,White,55 years and over,2018,2,8577000,919,2018-Q2
Women,White,55 years and over,2018,3,8793000,861,2018-Q3
Women,White,55 years and over,2018,4,8768000,894,2018-Q4
Women,White,55 years and over,2019,1,8765000,888,2019-Q1
Women,White,55 years and over,2019,2,8780000,894,2019-Q2
Women,White,55 years and over,2019,3,8851000,877,2019-Q3
Women,White,55 years and over,2019,4,8952000,908,2019-Q4
Women,White,55 years and over,2020,1,8877000,925,2020-Q1
Women,White,55 years and over,2020,2,7993000,981,2020-Q2
Women,White,55 years and over,2020,3,8492000,952,2020-Q3
Women,White,55 years and over,2020,4,8510000,993,2020-Q4
Both Sexes,Black or African American,16 years and over,2010,1,11375000,610,2010-Q1
Both Sexes,Black or African American,16 years and over,2010,2,11659000,607,2010-Q2
Both Sexes,Black or African American,16 years and over,2010,3,11761000,611,2010-Q3
Both Sexes,Black or African American,16 years and over,2010,4,11838000,614,2010-Q4
Both Sexes,Black or African American,16 years and over,2011,1,11453000,604,2011-Q1
Both Sexes,Black or African American,16 years and over,2011,2,11612000,623,2011-Q2
Both Sexes,Black or African American,16 years and over,2011,3,11633000,616,2011-Q3
Both Sexes,Black or African American,16 years and over,2011,4,11718000,621,2011-Q4
Both Sexes,Black or African American,16 years and over,2012,1,11935000,635,2012-Q1
Both Sexes,Black or African American,16 years and over,2012,2,12198000,637,2012-Q2
Both Sexes,Black or African American,16 years and over,2012,3,12340000,606,2012-Q3
Both Sexes,Black or African American,16 years and over,2012,4,12445000,615,2012-Q4
Both Sexes,Black or African American,16 years and over,2013,1,12432000,622,2013-Q1
Both Sexes,Black or African American,16 years and over,2013,2,12353000,634,2013-Q2
Both Sexes,Black or African American,16 years and over,2013,3,12571000,630,2013-Q3
Both Sexes,Black or African American,16 years and over,2013,4,12402000,632,2013-Q4
Both Sexes,Black or African American,16 years and over,2014,1,12501000,646,2014-Q1
Both Sexes,Black or African American,16 years and over,2014,2,12736000,649,2014-Q2
Both Sexes,Black or African American,16 years and over,2014,3,13195000,638,2014-Q3
Both Sexes,Black or African American,16 years and over,2014,4,13209000,621,2014-Q4
Both Sexes,Black or African American,16 years and over,2015,1,13241000,650,2015-Q1
Both Sexes,Black or African American,16 years and over,2015,2,13566000,647,2015-Q2
Both Sexes,Black or African American,16 years and over,2015,3,13842000,624,2015-Q3
Both Sexes,Black or African American,16 years and over,2015,4,13698000,643,2015-Q4
Both Sexes,Black or African American,16 years and over,2016,1,13582000,673,2016-Q1
Both Sexes,Black or African American,16 years and over,2016,2,13954000,677,2016-Q2
Both Sexes,Black or African American,16 years and over,2016,3,14210000,685,2016-Q3
Both Sexes,Black or African American,16 years and over,2016,4,14107000,675,2016-Q4
Both Sexes,Black or African American,16 years and over,2017,1,14085000,679,2017-Q1
Both Sexes,Black or African American,16 years and over,2017,2,14504000,689,2017-Q2
Both Sexes,Black or African American,16 years and over,2017,3,14727000,696,2017-Q3
Both Sexes,Black or African American,16 years and over,2017,4,14769000,666,2017-Q4
Both Sexes,Black or African American,16 years and over,2018,1,14715000,696,2018-Q1
Both Sexes,Black or African American,16 years and over,2018,2,14951000,683,2018-Q2
Both Sexes,Black or African American,16 years and over,2018,3,15338000,686,2018-Q3
Both Sexes,Black or African American,16 years and over,2018,4,15162000,712,2018-Q4
Both Sexes,Black or African American,16 years and over,2019,1,15231000,737,2019-Q1
Both Sexes,Black or African American,16 years and over,2019,2,15301000,724,2019-Q2
Both Sexes,Black or African American,16 years and over,2019,3,15843000,727,2019-Q3
Both Sexes,Black or African American,16 years and over,2019,4,15463000,756,2019-Q4
Both Sexes,Black or African American,16 years and over,2020,1,14902000,775,2020-Q1
Both Sexes,Black or African American,16 years and over,2020,2,13109000,805,2020-Q2
Both Sexes,Black or African American,16 years and over,2020,3,13868000,813,2020-Q3
Both Sexes,Black or African American,16 years and over,2020,4,14298000,792,2020-Q4
Men,Black or African American,16 years and over,2010,1,5140000,635,2010-Q1
Men,Black or African American,16 years and over,2010,2,5431000,632,2010-Q2
Men,Black or African American,16 years and over,2010,3,5398000,634,2010-Q3
Men,Black or African American,16 years and over,2010,4,5535000,629,2010-Q4
Men,Black or African American,16 years and over,2011,1,5324000,621,2011-Q1
Men,Black or African American,16 years and over,2011,2,5376000,673,2011-Q2
Men,Black or African American,16 years and over,2011,3,5420000,661,2011-Q3
Men,Black or African American,16 years and over,2011,4,5533000,660,2011-Q4
Men,Black or African American,16 years and over,2012,1,5626000,677,2012-Q1
Men,Black or African American,16 years and over,2012,2,5785000,668,2012-Q2
Men,Black or African American,16 years and over,2012,3,5771000,633,2012-Q3
Men,Black or African American,16 years and over,2012,4,5841000,680,2012-Q4
Men,Black or African American,16 years and over,2013,1,5784000,666,2013-Q1
Men,Black or African American,16 years and over,2013,2,5876000,666,2013-Q2
Men,Black or African American,16 years and over,2013,3,5898000,682,2013-Q3
Men,Black or African American,16 years and over,2013,4,5846000,646,2013-Q4
Men,Black or African American,16 years and over,2014,1,5863000,708,2014-Q1
Men,Black or African American,16 years and over,2014,2,6056000,667,2014-Q2
Men,Black or African American,16 years and over,2014,3,6297000,679,2014-Q3
Men,Black or African American,16 years and over,2014,4,6300000,667,2014-Q4
Men,Black or African American,16 years and over,2015,1,6268000,694,2015-Q1
Men,Black or African American,16 years and over,2015,2,6442000,696,2015-Q2
Men,Black or African American,16 years and over,2015,3,6582000,652,2015-Q3
Men,Black or African American,16 years and over,2015,4,6486000,674,2015-Q4
Men,Black or African American,16 years and over,2016,1,6492000,732,2016-Q1
Men,Black or African American,16 years and over,2016,2,6838000,704,2016-Q2
Men,Black or African American,16 years and over,2016,3,6849000,732,2016-Q3
Men,Black or African American,16 years and over,2016,4,6733000,706,2016-Q4
Men,Black or African American,16 years and over,2017,1,6629000,722,2017-Q1
Men,Black or African American,16 years and over,2017,2,6988000,702,2017-Q2
Men,Black or African American,16 years and over,2017,3,7131000,744,2017-Q3
Men,Black or African American,16 years and over,2017,4,6962000,681,2017-Q4
Men,Black or African American,16 years and over,2018,1,7136000,723,2018-Q1
Men,Black or African American,16 years and over,2018,2,7234000,720,2018-Q2
Men,Black or African American,16 years and over,2018,3,7461000,726,2018-Q3
Men,Black or African American,16 years and over,2018,4,7295000,773,2018-Q4
Men,Black or African American,16 years and over,2019,1,7168000,772,2019-Q1
Men,Black or African American,16 years and over,2019,2,7402000,761,2019-Q2
Men,Black or African American,16 years and over,2019,3,7552000,768,2019-Q3
Men,Black or African American,16 years and over,2019,4,7391000,778,2019-Q4
Men,Black or African American,16 years and over,2020,1,7065000,823,2020-Q1
Men,Black or African American,16 years and over,2020,2,6298000,828,2020-Q2
Men,Black or African American,16 years and over,2020,3,6687000,869,2020-Q3
Men,Black or African American,16 years and over,2020,4,6785000,810,2020-Q4
Women,Black or African American,16 years and over,2010,1,6235000,584,2010-Q1
Women,Black or African American,16 years and over,2010,2,6228000,585,2010-Q2
Women,Black or African American,16 years and over,2010,3,6363000,590,2010-Q3
Women,Black or African American,16 years and over,2010,4,6303000,605,2010-Q4
Women,Black or African American,16 years and over,2011,1,6129000,590,2011-Q1
Women,Black or African American,16 years and over,2011,2,6236000,592,2011-Q2
Women,Black or African American,16 years and over,2011,3,6213000,596,2011-Q3
Women,Black or African American,16 years and over,2011,4,6185000,601,2011-Q4
Women,Black or African American,16 years and over,2012,1,6309000,602,2012-Q1
Women,Black or African American,16 years and over,2012,2,6413000,616,2012-Q2
Women,Black or African American,16 years and over,2012,3,6569000,590,2012-Q3
Women,Black or African American,16 years and over,2012,4,6604000,594,2012-Q4
Women,Black or African American,16 years and over,2013,1,6648000,597,2013-Q1
Women,Black or African American,16 years and over,2013,2,6476000,610,2013-Q2
Women,Black or African American,16 years and over,2013,3,6672000,594,2013-Q3
Women,Black or African American,16 years and over,2013,4,6556000,621,2013-Q4
Women,Black or African American,16 years and over,2014,1,6638000,606,2014-Q1
Women,Black or African American,16 years and over,2014,2,6680000,631,2014-Q2
Women,Black or African American,16 years and over,2014,3,6898000,608,2014-Q3
Women,Black or African American,16 years and over,2014,4,6909000,602,2014-Q4
Women,Black or African American,16 years and over,2015,1,6972000,614,2015-Q1
Women,Black or African American,16 years and over,2015,2,7124000,615,2015-Q2
Women,Black or African American,16 years and over,2015,3,7260000,608,2015-Q3
Women,Black or African American,16 years and over,2015,4,7212000,621,2015-Q4
Women,Black or African American,16 years and over,2016,1,7090000,625,2016-Q1
Women,Black or African American,16 years and over,2016,2,7116000,646,2016-Q2
Women,Black or African American,16 years and over,2016,3,7360000,639,2016-Q3
Women,Black or African American,16 years and over,2016,4,7374000,650,2016-Q4
Women,Black or African American,16 years and over,2017,1,7456000,645,2017-Q1
Women,Black or African American,16 years and over,2017,2,7516000,676,2017-Q2
Women,Black or African American,16 years and over,2017,3,7596000,658,2017-Q3
Women,Black or African American,16 years and over,2017,4,7806000,654,2017-Q4
Women,Black or African American,16 years and over,2018,1,7579000,671,2018-Q1
Women,Black or African American,16 years and over,2018,2,7717000,644,2018-Q2
Women,Black or African American,16 years and over,2018,3,7877000,631,2018-Q3
Women,Black or African American,16 years and over,2018,4,7866000,665,2018-Q4
Women,Black or African American,16 years and over,2019,1,8063000,709,2019-Q1
Women,Black or African American,16 years and over,2019,2,7900000,691,2019-Q2
Women,Black or African American,16 years and over,2019,3,8291000,683,2019-Q3
Women,Black or African American,16 years and over,2019,4,8072000,738,2019-Q4
Women,Black or African American,16 years and over,2020,1,7837000,742,2020-Q1
Women,Black or African American,16 years and over,2020,2,6811000,779,2020-Q2
Women,Black or African American,16 years and over,2020,3,7181000,768,2020-Q3
Women,Black or African American,16 years and over,2020,4,7513000,775,2020-Q4
Both Sexes,Black or African American,16 to 24 years,2010,1,965000,395,2010-Q1
Both Sexes,Black or African American,16 to 24 years,2010,2,1001000,402,2010-Q2
Both Sexes,Black or African American,16 to 24 years,2010,3,1068000,408,2010-Q3
Both Sexes,Black or African American,16 to 24 years,2010,4,1099000,408,2010-Q4
Both Sexes,Black or African American,16 to 24 years,2011,1,1053000,409,2011-Q1
Both Sexes,Black or African American,16 to 24 years,2011,2,930000,405,2011-Q2
Both Sexes,Black or African American,16 to 24 years,2011,3,1041000,404,2011-Q3
Both Sexes,Black or African American,16 to 24 years,2011,4,1060000,391,2011-Q4
Both Sexes,Black or African American,16 to 24 years,2012,1,1106000,397,2012-Q1
Both Sexes,Black or African American,16 to 24 years,2012,2,1211000,382,2012-Q2
Both Sexes,Black or African American,16 to 24 years,2012,3,1198000,399,2012-Q3
Both Sexes,Black or African American,16 to 24 years,2012,4,1088000,371,2012-Q4
Both Sexes,Black or African American,16 to 24 years,2013,1,1092000,401,2013-Q1
Both Sexes,Black or African American,16 to 24 years,2013,2,1110000,392,2013-Q2
Both Sexes,Black or African American,16 to 24 years,2013,3,1277000,382,2013-Q3
Both Sexes,Black or African American,16 to 24 years,2013,4,997000,391,2013-Q4
Both Sexes,Black or African American,16 to 24 years,2014,1,1020000,384,2014-Q1
Both Sexes,Black or African American,16 to 24 years,2014,2,1122000,404,2014-Q2
Both Sexes,Black or African American,16 to 24 years,2014,3,1193000,424,2014-Q3
Both Sexes,Black or African American,16 to 24 years,2014,4,1347000,448,2014-Q4
Both Sexes,Black or African American,16 to 24 years,2015,1,1220000,389,2015-Q1
Both Sexes,Black or African American,16 to 24 years,2015,2,1290000,407,2015-Q2
Both Sexes,Black or African American,16 to 24 years,2015,3,1394000,423,2015-Q3
Both Sexes,Black or African American,16 to 24 years,2015,4,1382000,462,2015-Q4
Both Sexes,Black or African American,16 to 24 years,2016,1,1289000,421,2016-Q1
Both Sexes,Black or African American,16 to 24 years,2016,2,1239000,423,2016-Q2
Both Sexes,Black or African American,16 to 24 years,2016,3,1426000,418,2016-Q3
Both Sexes,Black or African American,16 to 24 years,2016,4,1311000,435,2016-Q4
Both Sexes,Black or African American,16 to 24 years,2017,1,1389000,435,2017-Q1
Both Sexes,Black or African American,16 to 24 years,2017,2,1456000,455,2017-Q2
Both Sexes,Black or African American,16 to 24 years,2017,3,1429000,488,2017-Q3
Both Sexes,Black or African American,16 to 24 years,2017,4,1408000,478,2017-Q4
Both Sexes,Black or African American,16 to 24 years,2018,1,1316000,482,2018-Q1
Both Sexes,Black or African American,16 to 24 years,2018,2,1488000,462,2018-Q2
Both Sexes,Black or African American,16 to 24 years,2018,3,1552000,498,2018-Q3
Both Sexes,Black or African American,16 to 24 years,2018,4,1443000,486,2018-Q4
Both Sexes,Black or African American,16 to 24 years,2019,1,1396000,470,2019-Q1
Both Sexes,Black or African American,16 to 24 years,2019,2,1510000,490,2019-Q2
Both Sexes,Black or African American,16 to 24 years,2019,3,1650000,527,2019-Q3
Both Sexes,Black or African American,16 to 24 years,2019,4,1496000,551,2019-Q4
Both Sexes,Black or African American,16 to 24 years,2020,1,1205000,467,2020-Q1
Both Sexes,Black or African American,16 to 24 years,2020,2,959000,579,2020-Q2
Both Sexes,Black or African American,16 to 24 years,2020,3,1151000,560,2020-Q3
Both Sexes,Black or African American,16 to 24 years,2020,4,1301000,576,2020-Q4
Men,Black or African American,16 to 24 years,2010,1,426000,403,2010-Q1
Men,Black or African American,16 to 24 years,2010,2,472000,409,2010-Q2
Men,Black or African American,16 to 24 years,2010,3,514000,392,2010-Q3
Men,Black or African American,16 to 24 years,2010,4,587000,406,2010-Q4
Men,Black or African American,16 to 24 years,2011,1,515000,420,2011-Q1
Men,Black or African American,16 to 24 years,2011,2,450000,398,2011-Q2
Men,Black or African American,16 to 24 years,2011,3,517000,418,2011-Q3
Men,Black or African American,16 to 24 years,2011,4,519000,413,2011-Q4
Men,Black or African American,16 to 24 years,2012,1,525000,401,2012-Q1
Men,Black or African American,16 to 24 years,2012,2,599000,392,2012-Q2
Men,Black or African American,16 to 24 years,2012,3,617000,408,2012-Q3
Men,Black or African American,16 to 24 years,2012,4,555000,372,2012-Q4
Men,Black or African American,16 to 24 years,2013,1,457000,417,2013-Q1
Men,Black or African American,16 to 24 years,2013,2,532000,383,2013-Q2
Men,Black or African American,16 to 24 years,2013,3,623000,378,2013-Q3
Men,Black or African American,16 to 24 years,2013,4,479000,400,2013-Q4
Men,Black or African American,16 to 24 years,2014,1,507000,386,2014-Q1
Men,Black or African American,16 to 24 years,2014,2,565000,403,2014-Q2
Men,Black or African American,16 to 24 years,2014,3,590000,421,2014-Q3
Men,Black or African American,16 to 24 years,2014,4,724000,427,2014-Q4
Men,Black or African American,16 to 24 years,2015,1,616000,398,2015-Q1
Men,Black or African American,16 to 24 years,2015,2,580000,417,2015-Q2
Men,Black or African American,16 to 24 years,2015,3,666000,465,2015-Q3
Men,Black or African American,16 to 24 years,2015,4,725000,500,2015-Q4
Men,Black or African American,16 to 24 years,2016,1,631000,426,2016-Q1
Men,Black or African American,16 to 24 years,2016,2,626000,462,2016-Q2
Men,Black or African American,16 to 24 years,2016,3,662000,448,2016-Q3
Men,Black or African American,16 to 24 years,2016,4,642000,404,2016-Q4
Men,Black or African American,16 to 24 years,2017,1,638000,416,2017-Q1
Men,Black or African American,16 to 24 years,2017,2,702000,505,2017-Q2
Men,Black or African American,16 to 24 years,2017,3,735000,478,2017-Q3
Men,Black or African American,16 to 24 years,2017,4,717000,470,2017-Q4
Men,Black or African American,16 to 24 years,2018,1,670000,466,2018-Q1
Men,Black or African American,16 to 24 years,2018,2,783000,438,2018-Q2
Men,Black or African American,16 to 24 years,2018,3,766000,512,2018-Q3
Men,Black or African American,16 to 24 years,2018,4,702000,502,2018-Q4
Men,Black or African American,16 to 24 years,2019,1,650000,491,2019-Q1
Men,Black or African American,16 to 24 years,2019,2,753000,513,2019-Q2
Men,Black or African American,16 to 24 years,2019,3,811000,577,2019-Q3
Men,Black or African American,16 to 24 years,2019,4,719000,598,2019-Q4
Men,Black or African American,16 to 24 years,2020,1,587000,457,2020-Q1
Men,Black or African American,16 to 24 years,2020,2,474000,606,2020-Q2
Men,Black or African American,16 to 24 years,2020,3,639000,547,2020-Q3
Men,Black or African American,16 to 24 years,2020,4,677000,584,2020-Q4
Women,Black or African American,16 to 24 years,2010,1,539000,380,2010-Q1
Women,Black or African American,16 to 24 years,2010,2,529000,396,2010-Q2
Women,Black or African American,16 to 24 years,2010,3,554000,424,2010-Q3
Women,Black or African American,16 to 24 years,2010,4,512000,411,2010-Q4
Women,Black or African American,16 to 24 years,2011,1,538000,390,2011-Q1
Women,Black or African American,16 to 24 years,2011,2,480000,412,2011-Q2
Women,Black or African American,16 to 24 years,2011,3,524000,384,2011-Q3
Women,Black or African American,16 to 24 years,2011,4,541000,368,2011-Q4
Women,Black or African American,16 to 24 years,2012,1,580000,392,2012-Q1
Women,Black or African American,16 to 24 years,2012,2,612000,369,2012-Q2
Women,Black or African American,16 to 24 years,2012,3,581000,390,2012-Q3
Women,Black or African American,16 to 24 years,2012,4,533000,371,2012-Q4
Women,Black or African American,16 to 24 years,2013,1,635000,389,2013-Q1
Women,Black or African American,16 to 24 years,2013,2,578000,400,2013-Q2
Women,Black or African American,16 to 24 years,2013,3,654000,388,2013-Q3
Women,Black or African American,16 to 24 years,2013,4,518000,384,2013-Q4
Women,Black or African American,16 to 24 years,2014,1,513000,381,2014-Q1
Women,Black or African American,16 to 24 years,2014,2,556000,406,2014-Q2
Women,Black or African American,16 to 24 years,2014,3,603000,429,2014-Q3
Women,Black or African American,16 to 24 years,2014,4,622000,475,2014-Q4
Women,Black or African American,16 to 24 years,2015,1,604000,375,2015-Q1
Women,Black or African American,16 to 24 years,2015,2,710000,399,2015-Q2
Women,Black or African American,16 to 24 years,2015,3,728000,395,2015-Q3
Women,Black or African American,16 to 24 years,2015,4,657000,427,2015-Q4
Women,Black or African American,16 to 24 years,2016,1,658000,415,2016-Q1
Women,Black or African American,16 to 24 years,2016,2,612000,408,2016-Q2
Women,Black or African American,16 to 24 years,2016,3,764000,400,2016-Q3
Women,Black or African American,16 to 24 years,2016,4,669000,474,2016-Q4
Women,Black or African American,16 to 24 years,2017,1,752000,452,2017-Q1
Women,Black or African American,16 to 24 years,2017,2,754000,413,2017-Q2
Women,Black or African American,16 to 24 years,2017,3,694000,501,2017-Q3
Women,Black or African American,16 to 24 years,2017,4,692000,489,2017-Q4
Women,Black or African American,16 to 24 years,2018,1,646000,490,2018-Q1
Women,Black or African American,16 to 24 years,2018,2,705000,483,2018-Q2
Women,Black or African American,16 to 24 years,2018,3,786000,485,2018-Q3
Women,Black or African American,16 to 24 years,2018,4,741000,462,2018-Q4
Women,Black or African American,16 to 24 years,2019,1,746000,457,2019-Q1
Women,Black or African American,16 to 24 years,2019,2,757000,460,2019-Q2
Women,Black or African American,16 to 24 years,2019,3,839000,512,2019-Q3
Women,Black or African American,16 to 24 years,2019,4,777000,511,2019-Q4
Women,Black or African American,16 to 24 years,2020,1,618000,501,2020-Q1
Women,Black or African American,16 to 24 years,2020,2,485000,552,2020-Q2
Women,Black or African American,16 to 24 years,2020,3,512000,579,2020-Q3
Women,Black or African American,16 to 24 years,2020,4,624000,559,2020-Q4
Both Sexes,Black or African American,25 years and over,2010,1,10410000,635,2010-Q1
Both Sexes,Black or African American,25 years and over,2010,2,10658000,631,2010-Q2
Both Sexes,Black or African American,25 years and over,2010,3,10693000,638,2010-Q3
Both Sexes,Black or African American,25 years and over,2010,4,10739000,648,2010-Q4
Both Sexes,Black or African American,25 years and over,2011,1,10400000,625,2011-Q1
Both Sexes,Black or African American,25 years and over,2011,2,10682000,650,2011-Q2
Both Sexes,Black or African American,25 years and over,2011,3,10592000,640,2011-Q3
Both Sexes,Black or African American,25 years and over,2011,4,10658000,655,2011-Q4
Both Sexes,Black or African American,25 years and over,2012,1,10830000,667,2012-Q1
Both Sexes,Black or African American,25 years and over,2012,2,10987000,682,2012-Q2
Both Sexes,Black or African American,25 years and over,2012,3,11142000,633,2012-Q3
Both Sexes,Black or African American,25 years and over,2012,4,11357000,644,2012-Q4
Both Sexes,Black or African American,25 years and over,2013,1,11340000,658,2013-Q1
Both Sexes,Black or African American,25 years and over,2013,2,11243000,667,2013-Q2
Both Sexes,Black or African American,25 years and over,2013,3,11294000,664,2013-Q3
Both Sexes,Black or African American,25 years and over,2013,4,11405000,658,2013-Q4
Both Sexes,Black or African American,25 years and over,2014,1,11481000,682,2014-Q1
Both Sexes,Black or African American,25 years and over,2014,2,11615000,680,2014-Q2
Both Sexes,Black or African American,25 years and over,2014,3,12001000,669,2014-Q3
Both Sexes,Black or African American,25 years and over,2014,4,11862000,662,2014-Q4
Both Sexes,Black or African American,25 years and over,2015,1,12020000,692,2015-Q1
Both Sexes,Black or African American,25 years and over,2015,2,12276000,691,2015-Q2
Both Sexes,Black or African American,25 years and over,2015,3,12448000,673,2015-Q3
Both Sexes,Black or African American,25 years and over,2015,4,12317000,672,2015-Q4
Both Sexes,Black or African American,25 years and over,2016,1,12292000,716,2016-Q1
Both Sexes,Black or African American,25 years and over,2016,2,12716000,708,2016-Q2
Both Sexes,Black or African American,25 years and over,2016,3,12783000,724,2016-Q3
Both Sexes,Black or African American,25 years and over,2016,4,12795000,713,2016-Q4
Both Sexes,Black or African American,25 years and over,2017,1,12695000,709,2017-Q1
Both Sexes,Black or African American,25 years and over,2017,2,13048000,717,2017-Q2
Both Sexes,Black or African American,25 years and over,2017,3,13298000,734,2017-Q3
Both Sexes,Black or African American,25 years and over,2017,4,13360000,692,2017-Q4
Both Sexes,Black or African American,25 years and over,2018,1,13399000,725,2018-Q1
Both Sexes,Black or African American,25 years and over,2018,2,13463000,715,2018-Q2
Both Sexes,Black or African American,25 years and over,2018,3,13786000,719,2018-Q3
Both Sexes,Black or African American,25 years and over,2018,4,13719000,756,2018-Q4
Both Sexes,Black or African American,25 years and over,2019,1,13835000,768,2019-Q1
Both Sexes,Black or African American,25 years and over,2019,2,13792000,758,2019-Q2
Both Sexes,Black or African American,25 years and over,2019,3,14193000,758,2019-Q3
Both Sexes,Black or African American,25 years and over,2019,4,13967000,794,2019-Q4
Both Sexes,Black or African American,25 years and over,2020,1,13698000,811,2020-Q1
Both Sexes,Black or African American,25 years and over,2020,2,12149000,839,2020-Q2
Both Sexes,Black or African American,25 years and over,2020,3,12716000,848,2020-Q3
Both Sexes,Black or African American,25 years and over,2020,4,12997000,828,2020-Q4
Men,Black or African American,25 years and over,2010,1,4714000,661,2010-Q1
Men,Black or African American,25 years and over,2010,2,4959000,657,2010-Q2
Men,Black or African American,25 years and over,2010,3,4884000,668,2010-Q3
Men,Black or African American,25 years and over,2010,4,4947000,678,2010-Q4
Men,Black or African American,25 years and over,2011,1,4809000,657,2011-Q1
Men,Black or African American,25 years and over,2011,2,4926000,698,2011-Q2
Men,Black or African American,25 years and over,2011,3,4903000,691,2011-Q3
Men,Black or African American,25 years and over,2011,4,5014000,698,2011-Q4
Men,Black or African American,25 years and over,2012,1,5101000,715,2012-Q1
Men,Black or African American,25 years and over,2012,2,5186000,704,2012-Q2
Men,Black or African American,25 years and over,2012,3,5154000,674,2012-Q3
Men,Black or African American,25 years and over,2012,4,5286000,713,2012-Q4
Men,Black or African American,25 years and over,2013,1,5327000,702,2013-Q1
Men,Black or African American,25 years and over,2013,2,5344000,695,2013-Q2
Men,Black or African American,25 years and over,2013,3,5275000,719,2013-Q3
Men,Black or African American,25 years and over,2013,4,5367000,674,2013-Q4
Men,Black or African American,25 years and over,2014,1,5356000,742,2014-Q1
Men,Black or African American,25 years and over,2014,2,5491000,696,2014-Q2
Men,Black or African American,25 years and over,2014,3,5707000,720,2014-Q3
Men,Black or African American,25 years and over,2014,4,5576000,716,2014-Q4
Men,Black or African American,25 years and over,2015,1,5652000,731,2015-Q1
Men,Black or African American,25 years and over,2015,2,5862000,732,2015-Q2
Men,Black or African American,25 years and over,2015,3,5916000,709,2015-Q3
Men,Black or African American,25 years and over,2015,4,5762000,709,2015-Q4
Men,Black or African American,25 years and over,2016,1,5860000,761,2016-Q1
Men,Black or African American,25 years and over,2016,2,6212000,731,2016-Q2
Men,Black or African American,25 years and over,2016,3,6187000,765,2016-Q3
Men,Black or African American,25 years and over,2016,4,6091000,740,2016-Q4
Men,Black or African American,25 years and over,2017,1,5991000,756,2017-Q1
Men,Black or African American,25 years and over,2017,2,6286000,727,2017-Q2
Men,Black or African American,25 years and over,2017,3,6396000,801,2017-Q3
Men,Black or African American,25 years and over,2017,4,6246000,712,2017-Q4
Men,Black or African American,25 years and over,2018,1,6466000,751,2018-Q1
Men,Black or African American,25 years and over,2018,2,6451000,768,2018-Q2
Men,Black or African American,25 years and over,2018,3,6695000,767,2018-Q3
Men,Black or African American,25 years and over,2018,4,6593000,805,2018-Q4
Men,Black or African American,25 years and over,2019,1,6518000,807,2019-Q1
Men,Black or African American,25 years and over,2019,2,6649000,832,2019-Q2
Men,Black or African American,25 years and over,2019,3,6741000,817,2019-Q3
Men,Black or African American,25 years and over,2019,4,6672000,809,2019-Q4
Men,Black or African American,25 years and over,2020,1,6478000,880,2020-Q1
Men,Black or African American,25 years and over,2020,2,5824000,869,2020-Q2
Men,Black or African American,25 years and over,2020,3,6048000,931,2020-Q3
Men,Black or African American,25 years and over,2020,4,6108000,850,2020-Q4
Women,Black or African American,25 years and over,2010,1,5697000,611,2010-Q1
Women,Black or African American,25 years and over,2010,2,5699000,604,2010-Q2
Women,Black or African American,25 years and over,2010,3,5809000,617,2010-Q3
Women,Black or African American,25 years and over,2010,4,5792000,625,2010-Q4
Women,Black or African American,25 years and over,2011,1,5591000,610,2011-Q1
Women,Black or African American,25 years and over,2011,2,5756000,610,2011-Q2
Women,Black or African American,25 years and over,2011,3,5689000,611,2011-Q3
Women,Black or African American,25 years and over,2011,4,5644000,621,2011-Q4
Women,Black or African American,25 years and over,2012,1,5729000,625,2012-Q1
Women,Black or African American,25 years and over,2012,2,5801000,658,2012-Q2
Women,Black or African American,25 years and over,2012,3,5988000,610,2012-Q3
Women,Black or African American,25 years and over,2012,4,6071000,608,2012-Q4
Women,Black or African American,25 years and over,2013,1,6013000,624,2013-Q1
Women,Black or African American,25 years and over,2013,2,5899000,639,2013-Q2
Women,Black or African American,25 years and over,2013,3,6019000,618,2013-Q3
Women,Black or African American,25 years and over,2013,4,6038000,645,2013-Q4
Women,Black or African American,25 years and over,2014,1,6125000,624,2014-Q1
Women,Black or African American,25 years and over,2014,2,6124000,663,2014-Q2
Women,Black or African American,25 years and over,2014,3,6295000,631,2014-Q3
Women,Black or African American,25 years and over,2014,4,6286000,620,2014-Q4
Women,Black or African American,25 years and over,2015,1,6368000,654,2015-Q1
Women,Black or African American,25 years and over,2015,2,6414000,654,2015-Q2
Women,Black or African American,25 years and over,2015,3,6531000,650,2015-Q3
Women,Black or African American,25 years and over,2015,4,6555000,647,2015-Q4
Women,Black or African American,25 years and over,2016,1,6432000,663,2016-Q1
Women,Black or African American,25 years and over,2016,2,6504000,684,2016-Q2
Women,Black or African American,25 years and over,2016,3,6596000,682,2016-Q3
Women,Black or African American,25 years and over,2016,4,6704000,679,2016-Q4
Women,Black or African American,25 years and over,2017,1,6704000,672,2017-Q1
Women,Black or African American,25 years and over,2017,2,6762000,707,2017-Q2
Women,Black or African American,25 years and over,2017,3,6902000,686,2017-Q3
Women,Black or African American,25 years and over,2017,4,7114000,670,2017-Q4
Women,Black or African American,25 years and over,2018,1,6933000,699,2018-Q1
Women,Black or African American,25 years and over,2018,2,7012000,676,2018-Q2
Women,Black or African American,25 years and over,2018,3,7091000,658,2018-Q3
Women,Black or African American,25 years and over,2018,4,7125000,697,2018-Q4
Women,Black or African American,25 years and over,2019,1,7317000,740,2019-Q1
Women,Black or African American,25 years and over,2019,2,7143000,720,2019-Q2
Women,Black or African American,25 years and over,2019,3,7452000,707,2019-Q3
Women,Black or African American,25 years and over,2019,4,7295000,773,2019-Q4
Women,Black or African American,25 years and over,2020,1,7219000,768,2020-Q1
Women,Black or African American,25 years and over,2020,2,6325000,811,2020-Q2
Women,Black or African American,25 years and over,2020,3,6669000,793,2020-Q3
Women,Black or African American,25 years and over,2020,4,6889000,813,2020-Q4
Both Sexes,Black or African American,25 to 54 years,2010,1,8705000,628,2010-Q1
Both Sexes,Black or African American,25 to 54 years,2010,2,8884000,629,2010-Q2
Both Sexes,Black or African American,25 to 54 years,2010,3,8838000,637,2010-Q3
Both Sexes,Black or African American,25 to 54 years,2010,4,8940000,643,2010-Q4
Both Sexes,Black or African American,25 to 54 years,2011,1,8606000,618,2011-Q1
Both Sexes,Black or African American,25 to 54 years,2011,2,8870000,643,2011-Q2
Both Sexes,Black or African American,25 to 54 years,2011,3,8758000,642,2011-Q3
Both Sexes,Black or African American,25 to 54 years,2011,4,8768000,652,2011-Q4
Both Sexes,Black or African American,25 to 54 years,2012,1,8786000,665,2012-Q1
Both Sexes,Black or African American,25 to 54 years,2012,2,9004000,673,2012-Q2
Both Sexes,Black or African American,25 to 54 years,2012,3,9187000,625,2012-Q3
Both Sexes,Black or African American,25 to 54 years,2012,4,9208000,637,2012-Q4
Both Sexes,Black or African American,25 to 54 years,2013,1,9156000,644,2013-Q1
Both Sexes,Black or African American,25 to 54 years,2013,2,9105000,657,2013-Q2
Both Sexes,Black or African American,25 to 54 years,2013,3,9191000,654,2013-Q3
Both Sexes,Black or African American,25 to 54 years,2013,4,9229000,651,2013-Q4
Both Sexes,Black or African American,25 to 54 years,2014,1,9364000,670,2014-Q1
Both Sexes,Black or African American,25 to 54 years,2014,2,9429000,671,2014-Q2
Both Sexes,Black or African American,25 to 54 years,2014,3,9750000,646,2014-Q3
Both Sexes,Black or African American,25 to 54 years,2014,4,9547000,634,2014-Q4
Both Sexes,Black or African American,25 to 54 years,2015,1,9720000,680,2015-Q1
Both Sexes,Black or African American,25 to 54 years,2015,2,9905000,683,2015-Q2
Both Sexes,Black or African American,25 to 54 years,2015,3,10123000,650,2015-Q3
Both Sexes,Black or African American,25 to 54 years,2015,4,9862000,663,2015-Q4
Both Sexes,Black or African American,25 to 54 years,2016,1,9957000,707,2016-Q1
Both Sexes,Black or African American,25 to 54 years,2016,2,10302000,698,2016-Q2
Both Sexes,Black or African American,25 to 54 years,2016,3,10331000,719,2016-Q3
Both Sexes,Black or African American,25 to 54 years,2016,4,10263000,699,2016-Q4
Both Sexes,Black or African American,25 to 54 years,2017,1,10247000,704,2017-Q1
Both Sexes,Black or African American,25 to 54 years,2017,2,10472000,708,2017-Q2
Both Sexes,Black or African American,25 to 54 years,2017,3,10618000,720,2017-Q3
Both Sexes,Black or African American,25 to 54 years,2017,4,10865000,683,2017-Q4
Both Sexes,Black or African American,25 to 54 years,2018,1,10778000,721,2018-Q1
Both Sexes,Black or African American,25 to 54 years,2018,2,10674000,711,2018-Q2
Both Sexes,Black or African American,25 to 54 years,2018,3,10960000,714,2018-Q3
Both Sexes,Black or African American,25 to 54 years,2018,4,11049000,736,2018-Q4
Both Sexes,Black or African American,25 to 54 years,2019,1,10883000,767,2019-Q1
Both Sexes,Black or African American,25 to 54 years,2019,2,10928000,756,2019-Q2
Both Sexes,Black or African American,25 to 54 years,2019,3,11227000,756,2019-Q3
Both Sexes,Black or African American,25 to 54 years,2019,4,11115000,792,2019-Q4
Both Sexes,Black or African American,25 to 54 years,2020,1,10838000,815,2020-Q1
Both Sexes,Black or African American,25 to 54 years,2020,2,9590000,818,2020-Q2
Both Sexes,Black or African American,25 to 54 years,2020,3,9976000,839,2020-Q3
Both Sexes,Black or African American,25 to 54 years,2020,4,10290000,809,2020-Q4
Men,Black or African American,25 to 54 years,2010,1,3950000,651,2010-Q1
Men,Black or African American,25 to 54 years,2010,2,4168000,655,2010-Q2
Men,Black or African American,25 to 54 years,2010,3,4087000,656,2010-Q3
Men,Black or African American,25 to 54 years,2010,4,4167000,661,2010-Q4
Men,Black or African American,25 to 54 years,2011,1,4037000,648,2011-Q1
Men,Black or African American,25 to 54 years,2011,2,4106000,689,2011-Q2
Men,Black or African American,25 to 54 years,2011,3,4061000,685,2011-Q3
Men,Black or African American,25 to 54 years,2011,4,4177000,690,2011-Q4
Men,Black or African American,25 to 54 years,2012,1,4162000,714,2012-Q1
Men,Black or African American,25 to 54 years,2012,2,4270000,693,2012-Q2
Men,Black or African American,25 to 54 years,2012,3,4243000,655,2012-Q3
Men,Black or African American,25 to 54 years,2012,4,4293000,703,2012-Q4
Men,Black or African American,25 to 54 years,2013,1,4299000,690,2013-Q1
Men,Black or African American,25 to 54 years,2013,2,4362000,695,2013-Q2
Men,Black or African American,25 to 54 years,2013,3,4345000,704,2013-Q3
Men,Black or African American,25 to 54 years,2013,4,4372000,669,2013-Q4
Men,Black or African American,25 to 54 years,2014,1,4365000,731,2014-Q1
Men,Black or African American,25 to 54 years,2014,2,4491000,683,2014-Q2
Men,Black or African American,25 to 54 years,2014,3,4691000,683,2014-Q3
Men,Black or African American,25 to 54 years,2014,4,4528000,696,2014-Q4
Men,Black or African American,25 to 54 years,2015,1,4595000,721,2015-Q1
Men,Black or African American,25 to 54 years,2015,2,4754000,726,2015-Q2
Men,Black or African American,25 to 54 years,2015,3,4848000,660,2015-Q3
Men,Black or African American,25 to 54 years,2015,4,4673000,703,2015-Q4
Men,Black or African American,25 to 54 years,2016,1,4743000,755,2016-Q1
Men,Black or African American,25 to 54 years,2016,2,5058000,718,2016-Q2
Men,Black or African American,25 to 54 years,2016,3,5015000,751,2016-Q3
Men,Black or African American,25 to 54 years,2016,4,4862000,743,2016-Q4
Men,Black or African American,25 to 54 years,2017,1,4834000,753,2017-Q1
Men,Black or African American,25 to 54 years,2017,2,5015000,715,2017-Q2
Men,Black or African American,25 to 54 years,2017,3,5101000,777,2017-Q3
Men,Black or African American,25 to 54 years,2017,4,5108000,701,2017-Q4
Men,Black or African American,25 to 54 years,2018,1,5220000,743,2018-Q1
Men,Black or African American,25 to 54 years,2018,2,5099000,753,2018-Q2
Men,Black or African American,25 to 54 years,2018,3,5330000,766,2018-Q3
Men,Black or African American,25 to 54 years,2018,4,5366000,793,2018-Q4
Men,Black or African American,25 to 54 years,2019,1,5228000,799,2019-Q1
Men,Black or African American,25 to 54 years,2019,2,5281000,823,2019-Q2
Men,Black or African American,25 to 54 years,2019,3,5357000,824,2019-Q3
Men,Black or African American,25 to 54 years,2019,4,5406000,815,2019-Q4
Men,Black or African American,25 to 54 years,2020,1,5168000,891,2020-Q1
Men,Black or African American,25 to 54 years,2020,2,4575000,862,2020-Q2
Men,Black or African American,25 to 54 years,2020,3,4801000,925,2020-Q3
Men,Black or African American,25 to 54 years,2020,4,4891000,817,2020-Q4
Women,Black or African American,25 to 54 years,2010,1,4755000,607,2010-Q1
Women,Black or African American,25 to 54 years,2010,2,4716000,600,2010-Q2
Women,Black or African American,25 to 54 years,2010,3,4751000,623,2010-Q3
Women,Black or African American,25 to 54 years,2010,4,4773000,626,2010-Q4
Women,Black or African American,25 to 54 years,2011,1,4569000,604,2011-Q1
Women,Black or African American,25 to 54 years,2011,2,4763000,609,2011-Q2
Women,Black or African American,25 to 54 years,2011,3,4697000,615,2011-Q3
Women,Black or African American,25 to 54 years,2011,4,4590000,621,2011-Q4
Women,Black or African American,25 to 54 years,2012,1,4624000,621,2012-Q1
Women,Black or African American,25 to 54 years,2012,2,4734000,652,2012-Q2
Women,Black or African American,25 to 54 years,2012,3,4944000,609,2012-Q3
Women,Black or African American,25 to 54 years,2012,4,4915000,605,2012-Q4
Women,Black or African American,25 to 54 years,2013,1,4857000,618,2013-Q1
Women,Black or African American,25 to 54 years,2013,2,4743000,623,2013-Q2
Women,Black or African American,25 to 54 years,2013,3,4846000,616,2013-Q3
Women,Black or African American,25 to 54 years,2013,4,4857000,635,2013-Q4
Women,Black or African American,25 to 54 years,2014,1,4999000,615,2014-Q1
Women,Black or African American,25 to 54 years,2014,2,4938000,653,2014-Q2
Women,Black or African American,25 to 54 years,2014,3,5059000,612,2014-Q3
Women,Black or African American,25 to 54 years,2014,4,5019000,608,2014-Q4
Women,Black or African American,25 to 54 years,2015,1,5126000,633,2015-Q1
Women,Black or African American,25 to 54 years,2015,2,5151000,647,2015-Q2
Women,Black or African American,25 to 54 years,2015,3,5275000,642,2015-Q3
Women,Black or African American,25 to 54 years,2015,4,5189000,641,2015-Q4
Women,Black or African American,25 to 54 years,2016,1,5214000,655,2016-Q1
Women,Black or African American,25 to 54 years,2016,2,5244000,675,2016-Q2
Women,Black or African American,25 to 54 years,2016,3,5316000,686,2016-Q3
Women,Black or African American,25 to 54 years,2016,4,5401000,658,2016-Q4
Women,Black or African American,25 to 54 years,2017,1,5412000,661,2017-Q1
Women,Black or African American,25 to 54 years,2017,2,5457000,700,2017-Q2
Women,Black or African American,25 to 54 years,2017,3,5517000,674,2017-Q3
Women,Black or African American,25 to 54 years,2017,4,5757000,665,2017-Q4
Women,Black or African American,25 to 54 years,2018,1,5558000,698,2018-Q1
Women,Black or African American,25 to 54 years,2018,2,5575000,681,2018-Q2
Women,Black or African American,25 to 54 years,2018,3,5629000,657,2018-Q3
Women,Black or African American,25 to 54 years,2018,4,5683000,681,2018-Q4
Women,Black or African American,25 to 54 years,2019,1,5655000,736,2019-Q1
Women,Black or African American,25 to 54 years,2019,2,5647000,718,2019-Q2
Women,Black or African American,25 to 54 years,2019,3,5871000,702,2019-Q3
Women,Black or African American,25 to 54 years,2019,4,5709000,765,2019-Q4
Women,Black or African American,25 to 54 years,2020,1,5670000,767,2020-Q1
Women,Black or African American,25 to 54 years,2020,2,5015000,777,2020-Q2
Women,Black or African American,25 to 54 years,2020,3,5174000,790,2020-Q3
Women,Black or African American,25 to 54 years,2020,4,5399000,802,2020-Q4
Both Sexes,Black or African American,55 years and over,2010,1,1705000,679,2010-Q1
Both Sexes,Black or African American,55 years and over,2010,2,1774000,638,2010-Q2
Both Sexes,Black or African American,55 years and over,2010,3,1855000,643,2010-Q3
Both Sexes,Black or African American,55 years and over,2010,4,1799000,678,2010-Q4
Both Sexes,Black or African American,55 years and over,2011,1,1795000,677,2011-Q1
Both Sexes,Black or African American,55 years and over,2011,2,1813000,694,2011-Q2
Both Sexes,Black or African American,55 years and over,2011,3,1834000,630,2011-Q3
Both Sexes,Black or African American,55 years and over,2011,4,1890000,662,2011-Q4
Both Sexes,Black or African American,55 years and over,2012,1,2044000,677,2012-Q1
Both Sexes,Black or African American,55 years and over,2012,2,1984000,752,2012-Q2
Both Sexes,Black or African American,55 years and over,2012,3,1955000,681,2012-Q3
Both Sexes,Black or African American,55 years and over,2012,4,2148000,694,2012-Q4
Both Sexes,Black or African American,55 years and over,2013,1,2185000,707,2013-Q1
Both Sexes,Black or African American,55 years and over,2013,2,2138000,727,2013-Q2
Both Sexes,Black or African American,55 years and over,2013,3,2103000,728,2013-Q3
Both Sexes,Black or African American,55 years and over,2013,4,2176000,715,2013-Q4
Both Sexes,Black or African American,55 years and over,2014,1,2116000,744,2014-Q1
Both Sexes,Black or African American,55 years and over,2014,2,2186000,731,2014-Q2
Both Sexes,Black or African American,55 years and over,2014,3,2252000,786,2014-Q3
Both Sexes,Black or African American,55 years and over,2014,4,2315000,769,2014-Q4
Both Sexes,Black or African American,55 years and over,2015,1,2300000,738,2015-Q1
Both Sexes,Black or African American,55 years and over,2015,2,2371000,725,2015-Q2
Both Sexes,Black or African American,55 years and over,2015,3,2325000,742,2015-Q3
Both Sexes,Black or African American,55 years and over,2015,4,2455000,702,2015-Q4
Both Sexes,Black or African American,55 years and over,2016,1,2335000,753,2016-Q1
Both Sexes,Black or African American,55 years and over,2016,2,2413000,771,2016-Q2
Both Sexes,Black or African American,55 years and over,2016,3,2452000,742,2016-Q3
Both Sexes,Black or African American,55 years and over,2016,4,2533000,741,2016-Q4
Both Sexes,Black or African American,55 years and over,2017,1,2449000,725,2017-Q1
Both Sexes,Black or African American,55 years and over,2017,2,2576000,757,2017-Q2
Both Sexes,Black or African American,55 years and over,2017,3,2681000,792,2017-Q3
Both Sexes,Black or African American,55 years and over,2017,4,2495000,724,2017-Q4
Both Sexes,Black or African American,55 years and over,2018,1,2622000,738,2018-Q1
Both Sexes,Black or African American,55 years and over,2018,2,2789000,743,2018-Q2
Both Sexes,Black or African American,55 years and over,2018,3,2826000,738,2018-Q3
Both Sexes,Black or African American,55 years and over,2018,4,2670000,826,2018-Q4
Both Sexes,Black or African American,55 years and over,2019,1,2952000,773,2019-Q1
Both Sexes,Black or African American,55 years and over,2019,2,2864000,769,2019-Q2
Both Sexes,Black or African American,55 years and over,2019,3,2965000,771,2019-Q3
Both Sexes,Black or African American,55 years and over,2019,4,2852000,811,2019-Q4
Both Sexes,Black or African American,55 years and over,2020,1,2860000,797,2020-Q1
Both Sexes,Black or African American,55 years and over,2020,2,2559000,950,2020-Q2
Both Sexes,Black or African American,55 years and over,2020,3,2741000,889,2020-Q3
Both Sexes,Black or African American,55 years and over,2020,4,2707000,913,2020-Q4
Men,Black or African American,55 years and over,2010,1,764000,736,2010-Q1
Men,Black or African American,55 years and over,2010,2,792000,678,2010-Q2
Men,Black or African American,55 years and over,2010,3,797000,738,2010-Q3
Men,Black or African American,55 years and over,2010,4,780000,771,2010-Q4
Men,Black or African American,55 years and over,2011,1,772000,718,2011-Q1
Men,Black or African American,55 years and over,2011,2,820000,751,2011-Q2
Men,Black or African American,55 years and over,2011,3,842000,754,2011-Q3
Men,Black or African American,55 years and over,2011,4,837000,734,2011-Q4
Men,Black or African American,55 years and over,2012,1,939000,722,2012-Q1
Men,Black or African American,55 years and over,2012,2,916000,792,2012-Q2
Men,Black or African American,55 years and over,2012,3,911000,779,2012-Q3
Men,Black or African American,55 years and over,2012,4,992000,753,2012-Q4
Men,Black or African American,55 years and over,2013,1,1029000,734,2013-Q1
Men,Black or African American,55 years and over,2013,2,982000,702,2013-Q2
Men,Black or African American,55 years and over,2013,3,931000,819,2013-Q3
Men,Black or African American,55 years and over,2013,4,995000,728,2013-Q4
Men,Black or African American,55 years and over,2014,1,991000,789,2014-Q1
Men,Black or African American,55 years and over,2014,2,999000,751,2014-Q2
Men,Black or African American,55 years and over,2014,3,1016000,835,2014-Q3
Men,Black or African American,55 years and over,2014,4,1047000,833,2014-Q4
Men,Black or African American,55 years and over,2015,1,1057000,764,2015-Q1
Men,Black or African American,55 years and over,2015,2,1108000,756,2015-Q2
Men,Black or African American,55 years and over,2015,3,1069000,795,2015-Q3
Men,Black or African American,55 years and over,2015,4,1089000,726,2015-Q4
Men,Black or African American,55 years and over,2016,1,1117000,801,2016-Q1
Men,Black or African American,55 years and over,2016,2,1154000,819,2016-Q2
Men,Black or African American,55 years and over,2016,3,1172000,844,2016-Q3
Men,Black or African American,55 years and over,2016,4,1229000,729,2016-Q4
Men,Black or African American,55 years and over,2017,1,1157000,768,2017-Q1
Men,Black or African American,55 years and over,2017,2,1272000,769,2017-Q2
Men,Black or African American,55 years and over,2017,3,1295000,884,2017-Q3
Men,Black or African American,55 years and over,2017,4,1138000,768,2017-Q4
Men,Black or African American,55 years and over,2018,1,1247000,794,2018-Q1
Men,Black or African American,55 years and over,2018,2,1352000,841,2018-Q2
Men,Black or African American,55 years and over,2018,3,1365000,771,2018-Q3
Men,Black or African American,55 years and over,2018,4,1228000,907,2018-Q4
Men,Black or African American,55 years and over,2019,1,1290000,849,2019-Q1
Men,Black or African American,55 years and over,2019,2,1368000,870,2019-Q2
Men,Black or African American,55 years and over,2019,3,1384000,798,2019-Q3
Men,Black or African American,55 years and over,2019,4,1266000,780,2019-Q4
Men,Black or African American,55 years and over,2020,1,1311000,836,2020-Q1
Men,Black or African American,55 years and over,2020,2,1249000,905,2020-Q2
Men,Black or African American,55 years and over,2020,3,1247000,945,2020-Q3
Men,Black or African American,55 years and over,2020,4,1217000,1042,2020-Q4
Women,Black or African American,55 years and over,2010,1,941000,633,2010-Q1
Women,Black or African American,55 years and over,2010,2,983000,617,2010-Q2
Women,Black or African American,55 years and over,2010,3,1058000,587,2010-Q3
Women,Black or African American,55 years and over,2010,4,1019000,622,2010-Q4
Women,Black or African American,55 years and over,2011,1,1023000,662,2011-Q1
Women,Black or African American,55 years and over,2011,2,992000,615,2011-Q2
Women,Black or African American,55 years and over,2011,3,992000,587,2011-Q3
Women,Black or African American,55 years and over,2011,4,1053000,620,2011-Q4
Women,Black or African American,55 years and over,2012,1,1105000,648,2012-Q1
Women,Black or African American,55 years and over,2012,2,1067000,727,2012-Q2
Women,Black or African American,55 years and over,2012,3,1044000,613,2012-Q3
Women,Black or African American,55 years and over,2012,4,1156000,624,2012-Q4
Women,Black or African American,55 years and over,2013,1,1156000,680,2013-Q1
Women,Black or African American,55 years and over,2013,2,1156000,738,2013-Q2
Women,Black or African American,55 years and over,2013,3,1173000,635,2013-Q3
Women,Black or African American,55 years and over,2013,4,1180000,708,2013-Q4
Women,Black or African American,55 years and over,2014,1,1125000,673,2014-Q1
Women,Black or African American,55 years and over,2014,2,1186000,698,2014-Q2
Women,Black or African American,55 years and over,2014,3,1236000,745,2014-Q3
Women,Black or African American,55 years and over,2014,4,1268000,739,2014-Q4
Women,Black or African American,55 years and over,2015,1,1242000,720,2015-Q1
Women,Black or African American,55 years and over,2015,2,1263000,680,2015-Q2
Women,Black or African American,55 years and over,2015,3,1256000,688,2015-Q3
Women,Black or African American,55 years and over,2015,4,1366000,680,2015-Q4
Women,Black or African American,55 years and over,2016,1,1218000,694,2016-Q1
Women,Black or African American,55 years and over,2016,2,1260000,739,2016-Q2
Women,Black or African American,55 years and over,2016,3,1280000,666,2016-Q3
Women,Black or African American,55 years and over,2016,4,1304000,751,2016-Q4
Women,Black or African American,55 years and over,2017,1,1291000,708,2017-Q1
Women,Black or African American,55 years and over,2017,2,1304000,741,2017-Q2
Women,Black or African American,55 years and over,2017,3,1386000,724,2017-Q3
Women,Black or African American,55 years and over,2017,4,1357000,693,2017-Q4
Women,Black or African American,55 years and over,2018,1,1375000,701,2018-Q1
Women,Black or African American,55 years and over,2018,2,1436000,640,2018-Q2
Women,Black or African American,55 years and over,2018,3,1461000,668,2018-Q3
Women,Black or African American,55 years and over,2018,4,1442000,791,2018-Q4
Women,Black or African American,55 years and over,2019,1,1661000,747,2019-Q1
Women,Black or African American,55 years and over,2019,2,1496000,728,2019-Q2
Women,Black or African American,55 years and over,2019,3,1581000,723,2019-Q3
Women,Black or African American,55 years and over,2019,4,1587000,843,2019-Q4
Women,Black or African American,55 years and over,2020,1,1549000,769,2020-Q1
Women,Black or African American,55 years and over,2020,2,1311000,973,2020-Q2
Women,Black or African American,55 years and over,2020,3,1494000,798,2020-Q3
Women,Black or African American,55 years and over,2020,4,1490000,853,2020-Q4
Both Sexes,Asian,16 years and over,2010,1,4802000,859,2010-Q1
Both Sexes,Asian,16 years and over,2010,2,5032000,873,2010-Q2
Both Sexes,Asian,16 years and over,2010,3,5000000,854,2010-Q3
Both Sexes,Asian,16 years and over,2010,4,4951000,828,2010-Q4
Both Sexes,Asian,16 years and over,2011,1,5219000,831,2011-Q1
Both Sexes,Asian,16 years and over,2011,2,5181000,872,2011-Q2
Both Sexes,Asian,16 years and over,2011,3,5116000,869,2011-Q3
Both Sexes,Asian,16 years and over,2011,4,5271000,880,2011-Q4
Both Sexes,Asian,16 years and over,2012,1,5778000,918,2012-Q1
Both Sexes,Asian,16 years and over,2012,2,5540000,930,2012-Q2
Both Sexes,Asian,16 years and over,2012,3,5986000,915,2012-Q3
Both Sexes,Asian,16 years and over,2012,4,5857000,910,2012-Q4
Both Sexes,Asian,16 years and over,2013,1,5861000,951,2013-Q1
Both Sexes,Asian,16 years and over,2013,2,6085000,973,2013-Q2
Both Sexes,Asian,16 years and over,2013,3,6141000,922,2013-Q3
Both Sexes,Asian,16 years and over,2013,4,6206000,916,2013-Q4
Both Sexes,Asian,16 years and over,2014,1,6353000,955,2014-Q1
Both Sexes,Asian,16 years and over,2014,2,6320000,954,2014-Q2
Both Sexes,Asian,16 years and over,2014,3,6307000,945,2014-Q3
Both Sexes,Asian,16 years and over,2014,4,6111000,959,2014-Q4
Both Sexes,Asian,16 years and over,2015,1,6570000,966,2015-Q1
Both Sexes,Asian,16 years and over,2015,2,6608000,965,2015-Q2
Both Sexes,Asian,16 years and over,2015,3,6807000,974,2015-Q3
Both Sexes,Asian,16 years and over,2015,4,6567000,1091,2015-Q4
Both Sexes,Asian,16 years and over,2016,1,6742000,1032,2016-Q1
Both Sexes,Asian,16 years and over,2016,2,7085000,1021,2016-Q2
Both Sexes,Asian,16 years and over,2016,3,7136000,1010,2016-Q3
Both Sexes,Asian,16 years and over,2016,4,7157000,1022,2016-Q4
Both Sexes,Asian,16 years and over,2017,1,7077000,1019,2017-Q1
Both Sexes,Asian,16 years and over,2017,2,7276000,1103,2017-Q2
Both Sexes,Asian,16 years and over,2017,3,7509000,1010,2017-Q3
Both Sexes,Asian,16 years and over,2017,4,7417000,1061,2017-Q4
Both Sexes,Asian,16 years and over,2018,1,7330000,1066,2018-Q1
Both Sexes,Asian,16 years and over,2018,2,7635000,1083,2018-Q2
Both Sexes,Asian,16 years and over,2018,3,7757000,1128,2018-Q3
Both Sexes,Asian,16 years and over,2018,4,7850000,1095,2018-Q4
Both Sexes,Asian,16 years and over,2019,1,7792000,1157,2019-Q1
Both Sexes,Asian,16 years and over,2019,2,7952000,1152,2019-Q2
Both Sexes,Asian,16 years and over,2019,3,7773000,1247,2019-Q3
Both Sexes,Asian,16 years and over,2019,4,8073000,1166,2019-Q4
Both Sexes,Asian,16 years and over,2020,1,7736000,1221,2020-Q1
Both Sexes,Asian,16 years and over,2020,2,6827000,1336,2020-Q2
Both Sexes,Asian,16 years and over,2020,3,7355000,1392,2020-Q3
Both Sexes,Asian,16 years and over,2020,4,7493000,1261,2020-Q4
Men,Asian,16 years and over,2010,1,2670000,940,2010-Q1
Men,Asian,16 years and over,2010,2,2836000,901,2010-Q2
Men,Asian,16 years and over,2010,3,2737000,963,2010-Q3
Men,Asian,16 years and over,2010,4,2771000,947,2010-Q4
Men,Asian,16 years and over,2011,1,2952000,948,2011-Q1
Men,Asian,16 years and over,2011,2,2872000,972,2011-Q2
Men,Asian,16 years and over,2011,3,2895000,1015,2011-Q3
Men,Asian,16 years and over,2011,4,2929000,960,2011-Q4
Men,Asian,16 years and over,2012,1,3099000,1027,2012-Q1
Men,Asian,16 years and over,2012,2,3101000,1092,2012-Q2
Men,Asian,16 years and over,2012,3,3338000,1043,2012-Q3
Men,Asian,16 years and over,2012,4,3385000,1051,2012-Q4
Men,Asian,16 years and over,2013,1,3255000,1058,2013-Q1
Men,Asian,16 years and over,2013,2,3356000,1117,2013-Q2
Men,Asian,16 years and over,2013,3,3473000,1027,2013-Q3
Men,Asian,16 years and over,2013,4,3419000,1019,2013-Q4
Men,Asian,16 years and over,2014,1,3516000,1045,2014-Q1
Men,Asian,16 years and over,2014,2,3512000,1139,2014-Q2
Men,Asian,16 years and over,2014,3,3612000,1087,2014-Q3
Men,Asian,16 years and over,2014,4,3314000,1067,2014-Q4
Men,Asian,16 years and over,2015,1,3684000,1090,2015-Q1
Men,Asian,16 years and over,2015,2,3612000,1085,2015-Q2
Men,Asian,16 years and over,2015,3,3813000,1133,2015-Q3
Men,Asian,16 years and over,2015,4,3628000,1178,2015-Q4
Men,Asian,16 years and over,2016,1,3721000,1159,2016-Q1
Men,Asian,16 years and over,2016,2,3963000,1147,2016-Q2
Men,Asian,16 years and over,2016,3,3961000,1154,2016-Q3
Men,Asian,16 years and over,2016,4,3907000,1147,2016-Q4
Men,Asian,16 years and over,2017,1,3934000,1205,2017-Q1
Men,Asian,16 years and over,2017,2,3970000,1254,2017-Q2
Men,Asian,16 years and over,2017,3,4132000,1147,2017-Q3
Men,Asian,16 years and over,2017,4,4022000,1237,2017-Q4
Men,Asian,16 years and over,2018,1,4032000,1199,2018-Q1
Men,Asian,16 years and over,2018,2,4196000,1245,2018-Q2
Men,Asian,16 years and over,2018,3,4281000,1252,2018-Q3
Men,Asian,16 years and over,2018,4,4167000,1256,2018-Q4
Men,Asian,16 years and over,2019,1,4187000,1299,2019-Q1
Men,Asian,16 years and over,2019,2,4418000,1331,2019-Q2
Men,Asian,16 years and over,2019,3,4356000,1360,2019-Q3
Men,Asian,16 years and over,2019,4,4377000,1335,2019-Q4
Men,Asian,16 years and over,2020,1,4404000,1360,2020-Q1
Men,Asian,16 years and over,2020,2,3771000,1479,2020-Q2
Men,Asian,16 years and over,2020,3,3952000,1542,2020-Q3
Men,Asian,16 years and over,2020,4,4209000,1457,2020-Q4
Women,Asian,16 years and over,2010,1,2132000,767,2010-Q1
Women,Asian,16 years and over,2010,2,2196000,854,2010-Q2
Women,Asian,16 years and over,2010,3,2263000,773,2010-Q3
Women,Asian,16 years and over,2010,4,2180000,719,2010-Q4
Women,Asian,16 years and over,2011,1,2267000,762,2011-Q1
Women,Asian,16 years and over,2011,2,2308000,748,2011-Q2
Women,Asian,16 years and over,2011,3,2221000,712,2011-Q3
Women,Asian,16 years and over,2011,4,2341000,771,2011-Q4
Women,Asian,16 years and over,2012,1,2679000,830,2012-Q1
Women,Asian,16 years and over,2012,2,2439000,771,2012-Q2
Women,Asian,16 years and over,2012,3,2649000,762,2012-Q3
Women,Asian,16 years and over,2012,4,2472000,752,2012-Q4
Women,Asian,16 years and over,2013,1,2606000,831,2013-Q1
Women,Asian,16 years and over,2013,2,2729000,861,2013-Q2
Women,Asian,16 years and over,2013,3,2668000,795,2013-Q3
Women,Asian,16 years and over,2013,4,2788000,792,2013-Q4
Women,Asian,16 years and over,2014,1,2838000,876,2014-Q1
Women,Asian,16 years and over,2014,2,2807000,855,2014-Q2
Women,Asian,16 years and over,2014,3,2695000,795,2014-Q3
Women,Asian,16 years and over,2014,4,2797000,826,2014-Q4
Women,Asian,16 years and over,2015,1,2886000,869,2015-Q1
Women,Asian,16 years and over,2015,2,2996000,836,2015-Q2
Women,Asian,16 years and over,2015,3,2994000,818,2015-Q3
Women,Asian,16 years and over,2015,4,2939000,943,2015-Q4
Women,Asian,16 years and over,2016,1,3021000,933,2016-Q1
Women,Asian,16 years and over,2016,2,3122000,907,2016-Q2
Women,Asian,16 years and over,2016,3,3176000,865,2016-Q3
Women,Asian,16 years and over,2016,4,3250000,908,2016-Q4
Women,Asian,16 years and over,2017,1,3144000,892,2017-Q1
Women,Asian,16 years and over,2017,2,3306000,931,2017-Q2
Women,Asian,16 years and over,2017,3,3377000,902,2017-Q3
Women,Asian,16 years and over,2017,4,3395000,894,2017-Q4
Women,Asian,16 years and over,2018,1,3298000,941,2018-Q1
Women,Asian,16 years and over,2018,2,3439000,918,2018-Q2
Women,Asian,16 years and over,2018,3,3477000,965,2018-Q3
Women,Asian,16 years and over,2018,4,3683000,937,2018-Q4
Women,Asian,16 years and over,2019,1,3606000,1017,2019-Q1
Women,Asian,16 years and over,2019,2,3534000,965,2019-Q2
Women,Asian,16 years and over,2019,3,3417000,1138,2019-Q3
Women,Asian,16 years and over,2019,4,3696000,1008,2019-Q4
Women,Asian,16 years and over,2020,1,3332000,1106,2020-Q1
Women,Asian,16 years and over,2020,2,3056000,1141,2020-Q2
Women,Asian,16 years and over,2020,3,3403000,1224,2020-Q3
Women,Asian,16 years and over,2020,4,3285000,1091,2020-Q4
Both Sexes,Asian,16 to 24 years,2010,1,243000,424,2010-Q1
Both Sexes,Asian,16 to 24 years,2010,2,292000,459,2010-Q2
Both Sexes,Asian,16 to 24 years,2010,3,296000,507,2010-Q3
Both Sexes,Asian,16 to 24 years,2010,4,240000,551,2010-Q4
Both Sexes,Asian,16 to 24 years,2011,1,307000,430,2011-Q1
Both Sexes,Asian,16 to 24 years,2011,2,306000,504,2011-Q2
Both Sexes,Asian,16 to 24 years,2011,3,294000,496,2011-Q3
Both Sexes,Asian,16 to 24 years,2011,4,266000,504,2011-Q4
Both Sexes,Asian,16 to 24 years,2012,1,315000,498,2012-Q1
Both Sexes,Asian,16 to 24 years,2012,2,321000,492,2012-Q2
Both Sexes,Asian,16 to 24 years,2012,3,357000,495,2012-Q3
Both Sexes,Asian,16 to 24 years,2012,4,399000,510,2012-Q4
Both Sexes,Asian,16 to 24 years,2013,1,347000,522,2013-Q1
Both Sexes,Asian,16 to 24 years,2013,2,365000,495,2013-Q2
Both Sexes,Asian,16 to 24 years,2013,3,370000,467,2013-Q3
Both Sexes,Asian,16 to 24 years,2013,4,403000,500,2013-Q4
Both Sexes,Asian,16 to 24 years,2014,1,342000,478,2014-Q1
Both Sexes,Asian,16 to 24 years,2014,2,376000,474,2014-Q2
Both Sexes,Asian,16 to 24 years,2014,3,386000,581,2014-Q3
Both Sexes,Asian,16 to 24 years,2014,4,344000,582,2014-Q4
Both Sexes,Asian,16 to 24 years,2015,1,328000,574,2015-Q1
Both Sexes,Asian,16 to 24 years,2015,2,344000,544,2015-Q2
Both Sexes,Asian,16 to 24 years,2015,3,485000,518,2015-Q3
Both Sexes,Asian,16 to 24 years,2015,4,353000,610,2015-Q4
Both Sexes,Asian,16 to 24 years,2016,1,383000,595,2016-Q1
Both Sexes,Asian,16 to 24 years,2016,2,392000,519,2016-Q2
Both Sexes,Asian,16 to 24 years,2016,3,538000,580,2016-Q3
Both Sexes,Asian,16 to 24 years,2016,4,462000,614,2016-Q4
Both Sexes,Asian,16 to 24 years,2017,1,480000,600,2017-Q1
Both Sexes,Asian,16 to 24 years,2017,2,385000,663,2017-Q2
Both Sexes,Asian,16 to 24 years,2017,3,570000,584,2017-Q3
Both Sexes,Asian,16 to 24 years,2017,4,349000,683,2017-Q4
Both Sexes,Asian,16 to 24 years,2018,1,437000,688,2018-Q1
Both Sexes,Asian,16 to 24 years,2018,2,388000,598,2018-Q2
Both Sexes,Asian,16 to 24 years,2018,3,506000,552,2018-Q3
Both Sexes,Asian,16 to 24 years,2018,4,463000,696,2018-Q4
Both Sexes,Asian,16 to 24 years,2019,1,453000,655,2019-Q1
Both Sexes,Asian,16 to 24 years,2019,2,423000,701,2019-Q2
Both Sexes,Asian,16 to 24 years,2019,3,512000,683,2019-Q3
Both Sexes,Asian,16 to 24 years,2019,4,387000,726,2019-Q4
Both Sexes,Asian,16 to 24 years,2020,1,405000,749,2020-Q1
Both Sexes,Asian,16 to 24 years,2020,2,328000,781,2020-Q2
Both Sexes,Asian,16 to 24 years,2020,3,426000,679,2020-Q3
Both Sexes,Asian,16 to 24 years,2020,4,368000,766,2020-Q4
Men,Asian,16 to 24 years,2010,1,131000,496,2010-Q1
Men,Asian,16 to 24 years,2010,2,166000,423,2010-Q2
Men,Asian,16 to 24 years,2010,3,138000,474,2010-Q3
Men,Asian,16 to 24 years,2010,4,137000,551,2010-Q4
Men,Asian,16 to 24 years,2011,1,157000,420,2011-Q1
Men,Asian,16 to 24 years,2011,2,146000,564,2011-Q2
Men,Asian,16 to 24 years,2011,3,147000,465,2011-Q3
Men,Asian,16 to 24 years,2011,4,146000,509,2011-Q4
Men,Asian,16 to 24 years,2012,1,183000,530,2012-Q1
Men,Asian,16 to 24 years,2012,2,201000,514,2012-Q2
Men,Asian,16 to 24 years,2012,3,194000,472,2012-Q3
Men,Asian,16 to 24 years,2012,4,240000,547,2012-Q4
Men,Asian,16 to 24 years,2013,1,211000,541,2013-Q1
Men,Asian,16 to 24 years,2013,2,209000,518,2013-Q2
Men,Asian,16 to 24 years,2013,3,208000,413,2013-Q3
Men,Asian,16 to 24 years,2013,4,239000,567,2013-Q4
Men,Asian,16 to 24 years,2014,1,198000,498,2014-Q1
Men,Asian,16 to 24 years,2014,2,209000,492,2014-Q2
Men,Asian,16 to 24 years,2014,3,248000,672,2014-Q3
Men,Asian,16 to 24 years,2014,4,162000,691,2014-Q4
Men,Asian,16 to 24 years,2015,1,181000,493,2015-Q1
Men,Asian,16 to 24 years,2015,2,195000,602,2015-Q2
Men,Asian,16 to 24 years,2015,3,268000,508,2015-Q3
Men,Asian,16 to 24 years,2015,4,184000,612,2015-Q4
Men,Asian,16 to 24 years,2016,1,182000,630,2016-Q1
Men,Asian,16 to 24 years,2016,2,212000,520,2016-Q2
Men,Asian,16 to 24 years,2016,3,258000,591,2016-Q3
Men,Asian,16 to 24 years,2016,4,258000,621,2016-Q4
Men,Asian,16 to 24 years,2017,1,278000,569,2017-Q1
Men,Asian,16 to 24 years,2017,2,175000,701,2017-Q2
Men,Asian,16 to 24 years,2017,3,309000,600,2017-Q3
Men,Asian,16 to 24 years,2017,4,185000,732,2017-Q4
Men,Asian,16 to 24 years,2018,1,223000,722,2018-Q1
Men,Asian,16 to 24 years,2018,2,177000,546,2018-Q2
Men,Asian,16 to 24 years,2018,3,273000,691,2018-Q3
Men,Asian,16 to 24 years,2018,4,234000,787,2018-Q4
Men,Asian,16 to 24 years,2019,1,200000,815,2019-Q1
Men,Asian,16 to 24 years,2019,2,257000,677,2019-Q2
Men,Asian,16 to 24 years,2019,3,274000,710,2019-Q3
Men,Asian,16 to 24 years,2019,4,218000,706,2019-Q4
Men,Asian,16 to 24 years,2020,1,217000,849,2020-Q1
Men,Asian,16 to 24 years,2020,2,164000,745,2020-Q2
Men,Asian,16 to 24 years,2020,3,199000,677,2020-Q3
Men,Asian,16 to 24 years,2020,4,181000,647,2020-Q4
Women,Asian,16 to 24 years,2010,1,112000,412,2010-Q1
Women,Asian,16 to 24 years,2010,2,126000,623,2010-Q2
Women,Asian,16 to 24 years,2010,3,158000,539,2010-Q3
Women,Asian,16 to 24 years,2010,4,103000,551,2010-Q4
Women,Asian,16 to 24 years,2011,1,149000,453,2011-Q1
Women,Asian,16 to 24 years,2011,2,160000,473,2011-Q2
Women,Asian,16 to 24 years,2011,3,148000,542,2011-Q3
Women,Asian,16 to 24 years,2011,4,121000,493,2011-Q4
Women,Asian,16 to 24 years,2012,1,132000,468,2012-Q1
Women,Asian,16 to 24 years,2012,2,120000,417,2012-Q2
Women,Asian,16 to 24 years,2012,3,163000,513,2012-Q3
Women,Asian,16 to 24 years,2012,4,160000,475,2012-Q4
Women,Asian,16 to 24 years,2013,1,136000,472,2013-Q1
Women,Asian,16 to 24 years,2013,2,155000,487,2013-Q2
Women,Asian,16 to 24 years,2013,3,162000,574,2013-Q3
Women,Asian,16 to 24 years,2013,4,164000,430,2013-Q4
Women,Asian,16 to 24 years,2014,1,144000,419,2014-Q1
Women,Asian,16 to 24 years,2014,2,168000,468,2014-Q2
Women,Asian,16 to 24 years,2014,3,138000,418,2014-Q3
Women,Asian,16 to 24 years,2014,4,182000,522,2014-Q4
Women,Asian,16 to 24 years,2015,1,147000,650,2015-Q1
Women,Asian,16 to 24 years,2015,2,149000,511,2015-Q2
Women,Asian,16 to 24 years,2015,3,217000,537,2015-Q3
Women,Asian,16 to 24 years,2015,4,168000,602,2015-Q4
Women,Asian,16 to 24 years,2016,1,201000,560,2016-Q1
Women,Asian,16 to 24 years,2016,2,180000,515,2016-Q2
Women,Asian,16 to 24 years,2016,3,280000,554,2016-Q3
Women,Asian,16 to 24 years,2016,4,204000,597,2016-Q4
Women,Asian,16 to 24 years,2017,1,202000,630,2017-Q1
Women,Asian,16 to 24 years,2017,2,210000,629,2017-Q2
Women,Asian,16 to 24 years,2017,3,261000,528,2017-Q3
Women,Asian,16 to 24 years,2017,4,164000,603,2017-Q4
Women,Asian,16 to 24 years,2018,1,215000,680,2018-Q1
Women,Asian,16 to 24 years,2018,2,211000,688,2018-Q2
Women,Asian,16 to 24 years,2018,3,233000,502,2018-Q3
Women,Asian,16 to 24 years,2018,4,229000,623,2018-Q4
Women,Asian,16 to 24 years,2019,1,253000,612,2019-Q1
Women,Asian,16 to 24 years,2019,2,166000,757,2019-Q2
Women,Asian,16 to 24 years,2019,3,238000,652,2019-Q3
Women,Asian,16 to 24 years,2019,4,169000,737,2019-Q4
Women,Asian,16 to 24 years,2020,1,188000,738,2020-Q1
Women,Asian,16 to 24 years,2020,2,164000,795,2020-Q2
Women,Asian,16 to 24 years,2020,3,227000,682,2020-Q3
Women,Asian,16 to 24 years,2020,4,187000,833,2020-Q4
Both Sexes,Asian,25 years and over,2010,1,4559000,882,2010-Q1
Both Sexes,Asian,25 years and over,2010,2,4740000,910,2010-Q2
Both Sexes,Asian,25 years and over,2010,3,4704000,888,2010-Q3
Both Sexes,Asian,25 years and over,2010,4,4711000,858,2010-Q4
Both Sexes,Asian,25 years and over,2011,1,4912000,883,2011-Q1
Both Sexes,Asian,25 years and over,2011,2,4874000,909,2011-Q2
Both Sexes,Asian,25 years and over,2011,3,4822000,904,2011-Q3
Both Sexes,Asian,25 years and over,2011,4,5004000,908,2011-Q4
Both Sexes,Asian,25 years and over,2012,1,5462000,955,2012-Q1
Both Sexes,Asian,25 years and over,2012,2,5219000,957,2012-Q2
Both Sexes,Asian,25 years and over,2012,3,5629000,958,2012-Q3
Both Sexes,Asian,25 years and over,2012,4,5458000,945,2012-Q4
Both Sexes,Asian,25 years and over,2013,1,5514000,983,2013-Q1
Both Sexes,Asian,25 years and over,2013,2,5721000,1019,2013-Q2
Both Sexes,Asian,25 years and over,2013,3,5771000,953,2013-Q3
Both Sexes,Asian,25 years and over,2013,4,5803000,959,2013-Q4
Both Sexes,Asian,25 years and over,2014,1,6011000,1000,2014-Q1
Both Sexes,Asian,25 years and over,2014,2,5943000,1000,2014-Q2
Both Sexes,Asian,25 years and over,2014,3,5921000,978,2014-Q3
Both Sexes,Asian,25 years and over,2014,4,5767000,992,2014-Q4
Both Sexes,Asian,25 years and over,2015,1,6242000,999,2015-Q1
Both Sexes,Asian,25 years and over,2015,2,6264000,989,2015-Q2
Both Sexes,Asian,25 years and over,2015,3,6322000,1034,2015-Q3
Both Sexes,Asian,25 years and over,2015,4,6214000,1121,2015-Q4
Both Sexes,Asian,25 years and over,2016,1,6358000,1072,2016-Q1
Both Sexes,Asian,25 years and over,2016,2,6693000,1063,2016-Q2
Both Sexes,Asian,25 years and over,2016,3,6599000,1077,2016-Q3
Both Sexes,Asian,25 years and over,2016,4,6695000,1066,2016-Q4
Both Sexes,Asian,25 years and over,2017,1,6597000,1089,2017-Q1
Both Sexes,Asian,25 years and over,2017,2,6891000,1137,2017-Q2
Both Sexes,Asian,25 years and over,2017,3,6939000,1063,2017-Q3
Both Sexes,Asian,25 years and over,2017,4,7068000,1093,2017-Q4
Both Sexes,Asian,25 years and over,2018,1,6892000,1109,2018-Q1
Both Sexes,Asian,25 years and over,2018,2,7247000,1130,2018-Q2
Both Sexes,Asian,25 years and over,2018,3,7251000,1158,2018-Q3
Both Sexes,Asian,25 years and over,2018,4,7387000,1146,2018-Q4
Both Sexes,Asian,25 years and over,2019,1,7339000,1212,2019-Q1
Both Sexes,Asian,25 years and over,2019,2,7529000,1185,2019-Q2
Both Sexes,Asian,25 years and over,2019,3,7261000,1299,2019-Q3
Both Sexes,Asian,25 years and over,2019,4,7686000,1207,2019-Q4
Both Sexes,Asian,25 years and over,2020,1,7331000,1242,2020-Q1
Both Sexes,Asian,25 years and over,2020,2,6499000,1366,2020-Q2
Both Sexes,Asian,25 years and over,2020,3,6929000,1428,2020-Q3
Both Sexes,Asian,25 years and over,2020,4,7125000,1314,2020-Q4
Men,Asian,25 years and over,2010,1,2539000,955,2010-Q1
Men,Asian,25 years and over,2010,2,2670000,951,2010-Q2
Men,Asian,25 years and over,2010,3,2599000,1005,2010-Q3
Men,Asian,25 years and over,2010,4,2634000,986,2010-Q4
Men,Asian,25 years and over,2011,1,2795000,987,2011-Q1
Men,Asian,25 years and over,2011,2,2726000,992,2011-Q2
Men,Asian,25 years and over,2011,3,2749000,1058,2011-Q3
Men,Asian,25 years and over,2011,4,2784000,983,2011-Q4
Men,Asian,25 years and over,2012,1,2916000,1113,2012-Q1
Men,Asian,25 years and over,2012,2,2900000,1137,2012-Q2
Men,Asian,25 years and over,2012,3,3144000,1130,2012-Q3
Men,Asian,25 years and over,2012,4,3145000,1091,2012-Q4
Men,Asian,25 years and over,2013,1,3044000,1106,2013-Q1
Men,Asian,25 years and over,2013,2,3147000,1155,2013-Q2
Men,Asian,25 years and over,2013,3,3265000,1083,2013-Q3
Men,Asian,25 years and over,2013,4,3180000,1070,2013-Q4
Men,Asian,25 years and over,2014,1,3317000,1088,2014-Q1
Men,Asian,25 years and over,2014,2,3304000,1176,2014-Q2
Men,Asian,25 years and over,2014,3,3364000,1142,2014-Q3
Men,Asian,25 years and over,2014,4,3152000,1096,2014-Q4
Men,Asian,25 years and over,2015,1,3503000,1129,2015-Q1
Men,Asian,25 years and over,2015,2,3417000,1109,2015-Q2
Men,Asian,25 years and over,2015,3,3544000,1201,2015-Q3
Men,Asian,25 years and over,2015,4,3444000,1240,2015-Q4
Men,Asian,25 years and over,2016,1,3539000,1200,2016-Q1
Men,Asian,25 years and over,2016,2,3751000,1190,2016-Q2
Men,Asian,25 years and over,2016,3,3703000,1208,2016-Q3
Men,Asian,25 years and over,2016,4,3649000,1172,2016-Q4
Men,Asian,25 years and over,2017,1,3655000,1247,2017-Q1
Men,Asian,25 years and over,2017,2,3795000,1291,2017-Q2
Men,Asian,25 years and over,2017,3,3823000,1200,2017-Q3
Men,Asian,25 years and over,2017,4,3837000,1293,2017-Q4
Men,Asian,25 years and over,2018,1,3809000,1235,2018-Q1
Men,Asian,25 years and over,2018,2,4019000,1270,2018-Q2
Men,Asian,25 years and over,2018,3,4008000,1350,2018-Q3
Men,Asian,25 years and over,2018,4,3933000,1324,2018-Q4
Men,Asian,25 years and over,2019,1,3986000,1349,2019-Q1
Men,Asian,25 years and over,2019,2,4161000,1365,2019-Q2
Men,Asian,25 years and over,2019,3,4082000,1440,2019-Q3
Men,Asian,25 years and over,2019,4,4158000,1374,2019-Q4
Men,Asian,25 years and over,2020,1,4187000,1383,2020-Q1
Men,Asian,25 years and over,2020,2,3607000,1519,2020-Q2
Men,Asian,25 years and over,2020,3,3753000,1588,2020-Q3
Men,Asian,25 years and over,2020,4,4028000,1504,2020-Q4
Women,Asian,25 years and over,2010,1,2019000,789,2010-Q1
Women,Asian,25 years and over,2010,2,2070000,876,2010-Q2
Women,Asian,25 years and over,2010,3,2105000,798,2010-Q3
Women,Asian,25 years and over,2010,4,2077000,736,2010-Q4
Women,Asian,25 years and over,2011,1,2118000,776,2011-Q1
Women,Asian,25 years and over,2011,2,2148000,768,2011-Q2
Women,Asian,25 years and over,2011,3,2073000,731,2011-Q3
Women,Asian,25 years and over,2011,4,2221000,803,2011-Q4
Women,Asian,25 years and over,2012,1,2547000,856,2012-Q1
Women,Asian,25 years and over,2012,2,2319000,807,2012-Q2
Women,Asian,25 years and over,2012,3,2486000,787,2012-Q3
Women,Asian,25 years and over,2012,4,2312000,772,2012-Q4
Women,Asian,25 years and over,2013,1,2469000,862,2013-Q1
Women,Asian,25 years and over,2013,2,2574000,896,2013-Q2
Women,Asian,25 years and over,2013,3,2506000,827,2013-Q3
Women,Asian,25 years and over,2013,4,2623000,835,2013-Q4
Women,Asian,25 years and over,2014,1,2694000,921,2014-Q1
Women,Asian,25 years and over,2014,2,2639000,895,2014-Q2
Women,Asian,25 years and over,2014,3,2557000,818,2014-Q3
Women,Asian,25 years and over,2014,4,2615000,875,2014-Q4
Women,Asian,25 years and over,2015,1,2739000,881,2015-Q1
Women,Asian,25 years and over,2015,2,2847000,863,2015-Q2
Women,Asian,25 years and over,2015,3,2778000,889,2015-Q3
Women,Asian,25 years and over,2015,4,2770000,960,2015-Q4
Women,Asian,25 years and over,2016,1,2820000,973,2016-Q1
Women,Asian,25 years and over,2016,2,2942000,945,2016-Q2
Women,Asian,25 years and over,2016,3,2896000,924,2016-Q3
Women,Asian,25 years and over,2016,4,3046000,933,2016-Q4
Women,Asian,25 years and over,2017,1,2942000,921,2017-Q1
Women,Asian,25 years and over,2017,2,3096000,958,2017-Q2
Women,Asian,25 years and over,2017,3,3116000,941,2017-Q3
Women,Asian,25 years and over,2017,4,3231000,913,2017-Q4
Women,Asian,25 years and over,2018,1,3083000,979,2018-Q1
Women,Asian,25 years and over,2018,2,3228000,943,2018-Q2
Women,Asian,25 years and over,2018,3,3244000,1026,2018-Q3
Women,Asian,25 years and over,2018,4,3454000,964,2018-Q4
Women,Asian,25 years and over,2019,1,3353000,1102,2019-Q1
Women,Asian,25 years and over,2019,2,3368000,974,2019-Q2
Women,Asian,25 years and over,2019,3,3179000,1158,2019-Q3
Women,Asian,25 years and over,2019,4,3527000,1072,2019-Q4
Women,Asian,25 years and over,2020,1,3144000,1140,2020-Q1
Women,Asian,25 years and over,2020,2,2892000,1157,2020-Q2
Women,Asian,25 years and over,2020,3,3176000,1300,2020-Q3
Women,Asian,25 years and over,2020,4,3097000,1124,2020-Q4
Both Sexes,Asian,25 to 54 years,2010,1,3827000,896,2010-Q1
Both Sexes,Asian,25 to 54 years,2010,2,3997000,937,2010-Q2
Both Sexes,Asian,25 to 54 years,2010,3,3955000,910,2010-Q3
Both Sexes,Asian,25 to 54 years,2010,4,3903000,877,2010-Q4
Both Sexes,Asian,25 to 54 years,2011,1,4077000,913,2011-Q1
Both Sexes,Asian,25 to 54 years,2011,2,4007000,933,2011-Q2
Both Sexes,Asian,25 to 54 years,2011,3,4025000,919,2011-Q3
Both Sexes,Asian,25 to 54 years,2011,4,4128000,933,2011-Q4
Both Sexes,Asian,25 to 54 years,2012,1,4516000,985,2012-Q1
Both Sexes,Asian,25 to 54 years,2012,2,4360000,982,2012-Q2
Both Sexes,Asian,25 to 54 years,2012,3,4648000,979,2012-Q3
Both Sexes,Asian,25 to 54 years,2012,4,4509000,983,2012-Q4
Both Sexes,Asian,25 to 54 years,2013,1,4564000,1028,2013-Q1
Both Sexes,Asian,25 to 54 years,2013,2,4718000,1058,2013-Q2
Both Sexes,Asian,25 to 54 years,2013,3,4708000,980,2013-Q3
Both Sexes,Asian,25 to 54 years,2013,4,4746000,991,2013-Q4
Both Sexes,Asian,25 to 54 years,2014,1,4960000,1037,2014-Q1
Both Sexes,Asian,25 to 54 years,2014,2,4893000,1026,2014-Q2
Both Sexes,Asian,25 to 54 years,2014,3,4776000,1018,2014-Q3
Both Sexes,Asian,25 to 54 years,2014,4,4694000,1015,2014-Q4
Both Sexes,Asian,25 to 54 years,2015,1,5085000,1045,2015-Q1
Both Sexes,Asian,25 to 54 years,2015,2,5118000,1005,2015-Q2
Both Sexes,Asian,25 to 54 years,2015,3,5109000,1089,2015-Q3
Both Sexes,Asian,25 to 54 years,2015,4,4921000,1124,2015-Q4
Both Sexes,Asian,25 to 54 years,2016,1,5101000,1068,2016-Q1
Both Sexes,Asian,25 to 54 years,2016,2,5436000,1114,2016-Q2
Both Sexes,Asian,25 to 54 years,2016,3,5239000,1137,2016-Q3
Both Sexes,Asian,25 to 54 years,2016,4,5527000,1126,2016-Q4
Both Sexes,Asian,25 to 54 years,2017,1,5381000,1117,2017-Q1
Both Sexes,Asian,25 to 54 years,2017,2,5735000,1158,2017-Q2
Both Sexes,Asian,25 to 54 years,2017,3,5666000,1095,2017-Q3
Both Sexes,Asian,25 to 54 years,2017,4,5756000,1135,2017-Q4
Both Sexes,Asian,25 to 54 years,2018,1,5580000,1126,2018-Q1
Both Sexes,Asian,25 to 54 years,2018,2,5928000,1175,2018-Q2
Both Sexes,Asian,25 to 54 years,2018,3,5861000,1225,2018-Q3
Both Sexes,Asian,25 to 54 years,2018,4,5919000,1175,2018-Q4
Both Sexes,Asian,25 to 54 years,2019,1,5943000,1255,2019-Q1
Both Sexes,Asian,25 to 54 years,2019,2,6086000,1266,2019-Q2
Both Sexes,Asian,25 to 54 years,2019,3,5944000,1356,2019-Q3
Both Sexes,Asian,25 to 54 years,2019,4,6211000,1251,2019-Q4
Both Sexes,Asian,25 to 54 years,2020,1,5915000,1333,2020-Q1
Both Sexes,Asian,25 to 54 years,2020,2,5319000,1427,2020-Q2
Both Sexes,Asian,25 to 54 years,2020,3,5717000,1510,2020-Q3
Both Sexes,Asian,25 to 54 years,2020,4,5725000,1347,2020-Q4
Men,Asian,25 to 54 years,2010,1,2149000,971,2010-Q1
Men,Asian,25 to 54 years,2010,2,2230000,999,2010-Q2
Men,Asian,25 to 54 years,2010,3,2186000,1021,2010-Q3
Men,Asian,25 to 54 years,2010,4,2181000,1004,2010-Q4
Men,Asian,25 to 54 years,2011,1,2311000,1021,2011-Q1
Men,Asian,25 to 54 years,2011,2,2257000,1018,2011-Q2
Men,Asian,25 to 54 years,2011,3,2298000,1101,2011-Q3
Men,Asian,25 to 54 years,2011,4,2312000,1011,2011-Q4
Men,Asian,25 to 54 years,2012,1,2429000,1145,2012-Q1
Men,Asian,25 to 54 years,2012,2,2393000,1157,2012-Q2
Men,Asian,25 to 54 years,2012,3,2615000,1149,2012-Q3
Men,Asian,25 to 54 years,2012,4,2648000,1135,2012-Q4
Men,Asian,25 to 54 years,2013,1,2544000,1145,2013-Q1
Men,Asian,25 to 54 years,2013,2,2621000,1166,2013-Q2
Men,Asian,25 to 54 years,2013,3,2675000,1136,2013-Q3
Men,Asian,25 to 54 years,2013,4,2629000,1120,2013-Q4
Men,Asian,25 to 54 years,2014,1,2743000,1127,2014-Q1
Men,Asian,25 to 54 years,2014,2,2775000,1204,2014-Q2
Men,Asian,25 to 54 years,2014,3,2717000,1159,2014-Q3
Men,Asian,25 to 54 years,2014,4,2591000,1140,2014-Q4
Men,Asian,25 to 54 years,2015,1,2875000,1146,2015-Q1
Men,Asian,25 to 54 years,2015,2,2884000,1121,2015-Q2
Men,Asian,25 to 54 years,2015,3,2926000,1240,2015-Q3
Men,Asian,25 to 54 years,2015,4,2735000,1247,2015-Q4
Men,Asian,25 to 54 years,2016,1,2878000,1207,2016-Q1
Men,Asian,25 to 54 years,2016,2,3029000,1249,2016-Q2
Men,Asian,25 to 54 years,2016,3,2987000,1241,2016-Q3
Men,Asian,25 to 54 years,2016,4,3081000,1212,2016-Q4
Men,Asian,25 to 54 years,2017,1,3015000,1271,2017-Q1
Men,Asian,25 to 54 years,2017,2,3185000,1337,2017-Q2
Men,Asian,25 to 54 years,2017,3,3159000,1218,2017-Q3
Men,Asian,25 to 54 years,2017,4,3198000,1342,2017-Q4
Men,Asian,25 to 54 years,2018,1,3084000,1256,2018-Q1
Men,Asian,25 to 54 years,2018,2,3321000,1331,2018-Q2
Men,Asian,25 to 54 years,2018,3,3246000,1413,2018-Q3
Men,Asian,25 to 54 years,2018,4,3225000,1370,2018-Q4
Men,Asian,25 to 54 years,2019,1,3258000,1361,2019-Q1
Men,Asian,25 to 54 years,2019,2,3368000,1403,2019-Q2
Men,Asian,25 to 54 years,2019,3,3372000,1479,2019-Q3
Men,Asian,25 to 54 years,2019,4,3446000,1419,2019-Q4
Men,Asian,25 to 54 years,2020,1,3366000,1429,2020-Q1
Men,Asian,25 to 54 years,2020,2,2926000,1564,2020-Q2
Men,Asian,25 to 54 years,2020,3,3159000,1628,2020-Q3
Men,Asian,25 to 54 years,2020,4,3276000,1489,2020-Q4
Women,Asian,25 to 54 years,2010,1,1678000,791,2010-Q1
Women,Asian,25 to 54 years,2010,2,1767000,886,2010-Q2
Women,Asian,25 to 54 years,2010,3,1769000,824,2010-Q3
Women,Asian,25 to 54 years,2010,4,1722000,748,2010-Q4
Women,Asian,25 to 54 years,2011,1,1766000,787,2011-Q1
Women,Asian,25 to 54 years,2011,2,1750000,789,2011-Q2
Women,Asian,25 to 54 years,2011,3,1727000,752,2011-Q3
Women,Asian,25 to 54 years,2011,4,1816000,830,2011-Q4
Women,Asian,25 to 54 years,2012,1,2087000,893,2012-Q1
Women,Asian,25 to 54 years,2012,2,1967000,849,2012-Q2
Women,Asian,25 to 54 years,2012,3,2033000,805,2012-Q3
Women,Asian,25 to 54 years,2012,4,1861000,805,2012-Q4
Women,Asian,25 to 54 years,2013,1,2020000,905,2013-Q1
Women,Asian,25 to 54 years,2013,2,2097000,926,2013-Q2
Women,Asian,25 to 54 years,2013,3,2032000,853,2013-Q3
Women,Asian,25 to 54 years,2013,4,2117000,850,2013-Q4
Women,Asian,25 to 54 years,2014,1,2217000,944,2014-Q1
Women,Asian,25 to 54 years,2014,2,2118000,908,2014-Q2
Women,Asian,25 to 54 years,2014,3,2060000,866,2014-Q3
Women,Asian,25 to 54 years,2014,4,2103000,894,2014-Q4
Women,Asian,25 to 54 years,2015,1,2210000,918,2015-Q1
Women,Asian,25 to 54 years,2015,2,2234000,871,2015-Q2
Women,Asian,25 to 54 years,2015,3,2183000,955,2015-Q3
Women,Asian,25 to 54 years,2015,4,2186000,966,2015-Q4
Women,Asian,25 to 54 years,2016,1,2223000,976,2016-Q1
Women,Asian,25 to 54 years,2016,2,2407000,982,2016-Q2
Women,Asian,25 to 54 years,2016,3,2252000,976,2016-Q3
Women,Asian,25 to 54 years,2016,4,2446000,934,2016-Q4
Women,Asian,25 to 54 years,2017,1,2366000,921,2017-Q1
Women,Asian,25 to 54 years,2017,2,2550000,974,2017-Q2
Women,Asian,25 to 54 years,2017,3,2506000,969,2017-Q3
Women,Asian,25 to 54 years,2017,4,2557000,941,2017-Q4
Women,Asian,25 to 54 years,2018,1,2496000,993,2018-Q1
Women,Asian,25 to 54 years,2018,2,2607000,964,2018-Q2
Women,Asian,25 to 54 years,2018,3,2616000,1100,2018-Q3
Women,Asian,25 to 54 years,2018,4,2693000,994,2018-Q4
Women,Asian,25 to 54 years,2019,1,2685000,1160,2019-Q1
Women,Asian,25 to 54 years,2019,2,2717000,1020,2019-Q2
Women,Asian,25 to 54 years,2019,3,2572000,1230,2019-Q3
Women,Asian,25 to 54 years,2019,4,2765000,1125,2019-Q4
Women,Asian,25 to 54 years,2020,1,2548000,1200,2020-Q1
Women,Asian,25 to 54 years,2020,2,2393000,1221,2020-Q2
Women,Asian,25 to 54 years,2020,3,2558000,1360,2020-Q3
Women,Asian,25 to 54 years,2020,4,2449000,1165,2020-Q4
Both Sexes,Asian,55 years and over,2010,1,732000,785,2010-Q1
Both Sexes,Asian,55 years and over,2010,2,744000,768,2010-Q2
Both Sexes,Asian,55 years and over,2010,3,750000,732,2010-Q3
Both Sexes,Asian,55 years and over,2010,4,808000,766,2010-Q4
Both Sexes,Asian,55 years and over,2011,1,835000,772,2011-Q1
Both Sexes,Asian,55 years and over,2011,2,867000,807,2011-Q2
Both Sexes,Asian,55 years and over,2011,3,797000,817,2011-Q3
Both Sexes,Asian,55 years and over,2011,4,877000,808,2011-Q4
Both Sexes,Asian,55 years and over,2012,1,946000,825,2012-Q1
Both Sexes,Asian,55 years and over,2012,2,859000,805,2012-Q2
Both Sexes,Asian,55 years and over,2012,3,981000,805,2012-Q3
Both Sexes,Asian,55 years and over,2012,4,949000,707,2012-Q4
Both Sexes,Asian,55 years and over,2013,1,949000,804,2013-Q1
Both Sexes,Asian,55 years and over,2013,2,1002000,898,2013-Q2
Both Sexes,Asian,55 years and over,2013,3,1064000,797,2013-Q3
Both Sexes,Asian,55 years and over,2013,4,1057000,863,2013-Q4
Both Sexes,Asian,55 years and over,2014,1,1051000,895,2014-Q1
Both Sexes,Asian,55 years and over,2014,2,1051000,919,2014-Q2
Both Sexes,Asian,55 years and over,2014,3,1145000,803,2014-Q3
Both Sexes,Asian,55 years and over,2014,4,1072000,894,2014-Q4
Both Sexes,Asian,55 years and over,2015,1,1157000,860,2015-Q1
Both Sexes,Asian,55 years and over,2015,2,1146000,902,2015-Q2
Both Sexes,Asian,55 years and over,2015,3,1213000,865,2015-Q3
Both Sexes,Asian,55 years and over,2015,4,1293000,1101,2015-Q4
Both Sexes,Asian,55 years and over,2016,1,1258000,1090,2016-Q1
Both Sexes,Asian,55 years and over,2016,2,1257000,885,2016-Q2
Both Sexes,Asian,55 years and over,2016,3,1360000,875,2016-Q3
Both Sexes,Asian,55 years and over,2016,4,1168000,945,2016-Q4
Both Sexes,Asian,55 years and over,2017,1,1216000,970,2017-Q1
Both Sexes,Asian,55 years and over,2017,2,1156000,961,2017-Q2
Both Sexes,Asian,55 years and over,2017,3,1273000,917,2017-Q3
Both Sexes,Asian,55 years and over,2017,4,1312000,939,2017-Q4
Both Sexes,Asian,55 years and over,2018,1,1312000,1016,2018-Q1
Both Sexes,Asian,55 years and over,2018,2,1319000,962,2018-Q2
Both Sexes,Asian,55 years and over,2018,3,1390000,849,2018-Q3
Both Sexes,Asian,55 years and over,2018,4,1468000,942,2018-Q4
Both Sexes,Asian,55 years and over,2019,1,1396000,973,2019-Q1
Both Sexes,Asian,55 years and over,2019,2,1444000,989,2019-Q2
Both Sexes,Asian,55 years and over,2019,3,1318000,991,2019-Q3
Both Sexes,Asian,55 years and over,2019,4,1475000,1053,2019-Q4
Both Sexes,Asian,55 years and over,2020,1,1416000,1010,2020-Q1
Both Sexes,Asian,55 years and over,2020,2,1180000,1040,2020-Q2
Both Sexes,Asian,55 years and over,2020,3,1213000,1137,2020-Q3
Both Sexes,Asian,55 years and over,2020,4,1400000,1149,2020-Q4
Men,Asian,55 years and over,2010,1,390000,790,2010-Q1
Men,Asian,55 years and over,2010,2,440000,768,2010-Q2
Men,Asian,55 years and over,2010,3,414000,832,2010-Q3
Men,Asian,55 years and over,2010,4,453000,859,2010-Q4
Men,Asian,55 years and over,2011,1,484000,798,2011-Q1
Men,Asian,55 years and over,2011,2,469000,903,2011-Q2
Men,Asian,55 years and over,2011,3,450000,980,2011-Q3
Men,Asian,55 years and over,2011,4,471000,910,2011-Q4
Men,Asian,55 years and over,2012,1,487000,987,2012-Q1
Men,Asian,55 years and over,2012,2,507000,980,2012-Q2
Men,Asian,55 years and over,2012,3,528000,981,2012-Q3
Men,Asian,55 years and over,2012,4,498000,880,2012-Q4
Men,Asian,55 years and over,2013,1,500000,958,2013-Q1
Men,Asian,55 years and over,2013,2,526000,1095,2013-Q2
Men,Asian,55 years and over,2013,3,590000,852,2013-Q3
Men,Asian,55 years and over,2013,4,551000,914,2013-Q4
Men,Asian,55 years and over,2014,1,574000,942,2014-Q1
Men,Asian,55 years and over,2014,2,529000,1011,2014-Q2
Men,Asian,55 years and over,2014,3,648000,968,2014-Q3
Men,Asian,55 years and over,2014,4,560000,935,2014-Q4
Men,Asian,55 years and over,2015,1,627000,1034,2015-Q1
Men,Asian,55 years and over,2015,2,533000,1034,2015-Q2
Men,Asian,55 years and over,2015,3,618000,1030,2015-Q3
Men,Asian,55 years and over,2015,4,709000,1200,2015-Q4
Men,Asian,55 years and over,2016,1,660000,1188,2016-Q1
Men,Asian,55 years and over,2016,2,722000,943,2016-Q2
Men,Asian,55 years and over,2016,3,716000,1101,2016-Q3
Men,Asian,55 years and over,2016,4,568000,984,2016-Q4
Men,Asian,55 years and over,2017,1,640000,1112,2017-Q1
Men,Asian,55 years and over,2017,2,610000,1022,2017-Q2
Men,Asian,55 years and over,2017,3,663000,1125,2017-Q3
Men,Asian,55 years and over,2017,4,639000,1135,2017-Q4
Men,Asian,55 years and over,2018,1,725000,1154,2018-Q1
Men,Asian,55 years and over,2018,2,698000,1014,2018-Q2
Men,Asian,55 years and over,2018,3,762000,1073,2018-Q3
Men,Asian,55 years and over,2018,4,708000,1150,2018-Q4
Men,Asian,55 years and over,2019,1,728000,1239,2019-Q1
Men,Asian,55 years and over,2019,2,793000,1118,2019-Q2
Men,Asian,55 years and over,2019,3,711000,1237,2019-Q3
Men,Asian,55 years and over,2019,4,713000,1213,2019-Q4
Men,Asian,55 years and over,2020,1,820000,1142,2020-Q1
Men,Asian,55 years and over,2020,2,681000,1122,2020-Q2
Men,Asian,55 years and over,2020,3,594000,1321,2020-Q3
Men,Asian,55 years and over,2020,4,752000,1709,2020-Q4
Women,Asian,55 years and over,2010,1,342000,783,2010-Q1
Women,Asian,55 years and over,2010,2,303000,767,2010-Q2
Women,Asian,55 years and over,2010,3,336000,663,2010-Q3
Women,Asian,55 years and over,2010,4,355000,657,2010-Q4
Women,Asian,55 years and over,2011,1,351000,703,2011-Q1
Women,Asian,55 years and over,2011,2,399000,713,2011-Q2
Women,Asian,55 years and over,2011,3,347000,626,2011-Q3
Women,Asian,55 years and over,2011,4,405000,731,2011-Q4
Women,Asian,55 years and over,2012,1,460000,701,2012-Q1
Women,Asian,55 years and over,2012,2,352000,625,2012-Q2
Women,Asian,55 years and over,2012,3,453000,699,2012-Q3
Women,Asian,55 years and over,2012,4,451000,571,2012-Q4
Women,Asian,55 years and over,2013,1,449000,652,2013-Q1
Women,Asian,55 years and over,2013,2,477000,768,2013-Q2
Women,Asian,55 years and over,2013,3,474000,686,2013-Q3
Women,Asian,55 years and over,2013,4,506000,778,2013-Q4
Women,Asian,55 years and over,2014,1,477000,838,2014-Q1
Women,Asian,55 years and over,2014,2,522000,808,2014-Q2
Women,Asian,55 years and over,2014,3,497000,644,2014-Q3
Women,Asian,55 years and over,2014,4,512000,786,2014-Q4
Women,Asian,55 years and over,2015,1,530000,749,2015-Q1
Women,Asian,55 years and over,2015,2,613000,838,2015-Q2
Women,Asian,55 years and over,2015,3,595000,677,2015-Q3
Women,Asian,55 years and over,2015,4,584000,930,2015-Q4
Women,Asian,55 years and over,2016,1,597000,949,2016-Q1
Women,Asian,55 years and over,2016,2,535000,833,2016-Q2
Women,Asian,55 years and over,2016,3,644000,714,2016-Q3
Women,Asian,55 years and over,2016,4,601000,931,2016-Q4
Women,Asian,55 years and over,2017,1,576000,921,2017-Q1
Women,Asian,55 years and over,2017,2,547000,860,2017-Q2
Women,Asian,55 years and over,2017,3,610000,710,2017-Q3
Women,Asian,55 years and over,2017,4,673000,823,2017-Q4
Women,Asian,55 years and over,2018,1,588000,885,2018-Q1
Women,Asian,55 years and over,2018,2,621000,744,2018-Q2
Women,Asian,55 years and over,2018,3,628000,722,2018-Q3
Women,Asian,55 years and over,2018,4,760000,863,2018-Q4
Women,Asian,55 years and over,2019,1,668000,899,2019-Q1
Women,Asian,55 years and over,2019,2,651000,863,2019-Q2
Women,Asian,55 years and over,2019,3,607000,865,2019-Q3
Women,Asian,55 years and over,2019,4,762000,912,2019-Q4
Women,Asian,55 years and over,2020,1,596000,863,2020-Q1
Women,Asian,55 years and over,2020,2,499000,985,2020-Q2
Women,Asian,55 years and over,2020,3,618000,1030,2020-Q3
Women,Asian,55 years and over,2020,4,648000,958,2020-Q4
